        Time	    Distance	           T	          pH	       Ca_aq	       Si_aq	        O_aq	        H_aq	        Ca_s	        Si_s	         O_s	         H_s	 Portlandite	     AmorfSi	       mCSHQ	       Ca_ss	       Si_ss	      H2O_ss	         V_s	   Gel_water	
  0.0000e+00	  0.0000e+00	  2.5000e+01	  1.2476e+01	  9.6629e-03	  1.5581e-05	  1.9342e-02	  1.9296e-02	  1.1096e+00	  3.1000e-01	  3.2268e+00	  2.9946e+00	  6.0529e-01	  0.0000e+00	  6.2974e-02	  5.0427e-01	  3.1000e-01	  8.9201e-01	  4.8162e+01	  3.8149e-01	
  0.0000e+00	  1.0000e-04	  2.5000e+01	  1.2476e+01	  9.6629e-03	  1.5581e-05	  1.9342e-02	  1.9296e-02	  1.1096e+00	  3.1000e-01	  3.2268e+00	  2.9946e+00	  6.0529e-01	  0.0000e+00	  6.2974e-02	  5.0427e-01	  3.1000e-01	  8.9201e-01	  4.8162e+01	  3.8149e-01	
  0.0000e+00	  2.0000e-04	  2.5000e+01	  1.2476e+01	  9.6629e-03	  1.5581e-05	  1.9342e-02	  1.9296e-02	  1.1096e+00	  3.1000e-01	  3.2268e+00	  2.9946e+00	  6.0529e-01	  0.0000e+00	  6.2974e-02	  5.0427e-01	  3.1000e-01	  8.9201e-01	  4.8162e+01	  3.8149e-01	
  0.0000e+00	  3.0000e-04	  2.5000e+01	  1.2476e+01	  9.6629e-03	  1.5581e-05	  1.9342e-02	  1.9296e-02	  1.1096e+00	  3.1000e-01	  3.2268e+00	  2.9946e+00	  6.0529e-01	  0.0000e+00	  6.2974e-02	  5.0427e-01	  3.1000e-01	  8.9201e-01	  4.8162e+01	  3.8149e-01	
  0.0000e+00	  4.0000e-04	  2.5000e+01	  1.2476e+01	  9.6629e-03	  1.5581e-05	  1.9342e-02	  1.9296e-02	  1.1096e+00	  3.1000e-01	  3.2268e+00	  2.9946e+00	  6.0529e-01	  0.0000e+00	  6.2974e-02	  5.0427e-01	  3.1000e-01	  8.9201e-01	  4.8162e+01	  3.8149e-01	
  0.0000e+00	  5.0000e-04	  2.5000e+01	  1.2476e+01	  9.6629e-03	  1.5581e-05	  1.9342e-02	  1.9296e-02	  1.1096e+00	  3.1000e-01	  3.2268e+00	  2.9946e+00	  6.0529e-01	  0.0000e+00	  6.2974e-02	  5.0427e-01	  3.1000e-01	  8.9201e-01	  4.8162e+01	  3.8149e-01	
  0.0000e+00	  6.0000e-04	  2.5000e+01	  1.2476e+01	  9.6629e-03	  1.5581e-05	  1.9342e-02	  1.9296e-02	  1.1096e+00	  3.1000e-01	  3.2268e+00	  2.9946e+00	  6.0529e-01	  0.0000e+00	  6.2974e-02	  5.0427e-01	  3.1000e-01	  8.9201e-01	  4.8162e+01	  3.8149e-01	
  0.0000e+00	  7.0000e-04	  2.5000e+01	  1.2476e+01	  9.6629e-03	  1.5581e-05	  1.9342e-02	  1.9296e-02	  1.1096e+00	  3.1000e-01	  3.2268e+00	  2.9946e+00	  6.0529e-01	  0.0000e+00	  6.2974e-02	  5.0427e-01	  3.1000e-01	  8.9201e-01	  4.8162e+01	  3.8149e-01	
  0.0000e+00	  8.0000e-04	  2.5000e+01	  1.2476e+01	  9.6629e-03	  1.5581e-05	  1.9342e-02	  1.9296e-02	  1.1096e+00	  3.1000e-01	  3.2268e+00	  2.9946e+00	  6.0529e-01	  0.0000e+00	  6.2974e-02	  5.0427e-01	  3.1000e-01	  8.9201e-01	  4.8162e+01	  3.8149e-01	
  0.0000e+00	  9.0000e-04	  2.5000e+01	  1.2476e+01	  9.6629e-03	  1.5581e-05	  1.9342e-02	  1.9296e-02	  1.1096e+00	  3.1000e-01	  3.2268e+00	  2.9946e+00	  6.0529e-01	  0.0000e+00	  6.2974e-02	  5.0427e-01	  3.1000e-01	  8.9201e-01	  4.8162e+01	  3.8149e-01	
  0.0000e+00	  1.0000e-03	  2.5000e+01	  1.2476e+01	  9.6629e-03	  1.5581e-05	  1.9342e-02	  1.9296e-02	  1.1096e+00	  3.1000e-01	  3.2268e+00	  2.9946e+00	  6.0529e-01	  0.0000e+00	  6.2974e-02	  5.0427e-01	  3.1000e-01	  8.9201e-01	  4.8162e+01	  3.8149e-01	
  0.0000e+00	  1.1000e-03	  2.5000e+01	  1.2476e+01	  9.6629e-03	  1.5581e-05	  1.9342e-02	  1.9296e-02	  1.1096e+00	  3.1000e-01	  3.2268e+00	  2.9946e+00	  6.0529e-01	  0.0000e+00	  6.2974e-02	  5.0427e-01	  3.1000e-01	  8.9201e-01	  4.8162e+01	  3.8149e-01	
  0.0000e+00	  1.2000e-03	  2.5000e+01	  1.2476e+01	  9.6629e-03	  1.5581e-05	  1.9342e-02	  1.9296e-02	  1.1096e+00	  3.1000e-01	  3.2268e+00	  2.9946e+00	  6.0529e-01	  0.0000e+00	  6.2974e-02	  5.0427e-01	  3.1000e-01	  8.9201e-01	  4.8162e+01	  3.8149e-01	
  0.0000e+00	  1.3000e-03	  2.5000e+01	  1.2476e+01	  9.6629e-03	  1.5581e-05	  1.9342e-02	  1.9296e-02	  1.1096e+00	  3.1000e-01	  3.2268e+00	  2.9946e+00	  6.0529e-01	  0.0000e+00	  6.2974e-02	  5.0427e-01	  3.1000e-01	  8.9201e-01	  4.8162e+01	  3.8149e-01	
  0.0000e+00	  1.4000e-03	  2.5000e+01	  1.2476e+01	  9.6629e-03	  1.5581e-05	  1.9342e-02	  1.9296e-02	  1.1096e+00	  3.1000e-01	  3.2268e+00	  2.9946e+00	  6.0529e-01	  0.0000e+00	  6.2974e-02	  5.0427e-01	  3.1000e-01	  8.9201e-01	  4.8162e+01	  3.8149e-01	
  0.0000e+00	  1.5000e-03	  2.5000e+01	  1.2476e+01	  9.6629e-03	  1.5581e-05	  1.9342e-02	  1.9296e-02	  1.1096e+00	  3.1000e-01	  3.2268e+00	  2.9946e+00	  6.0529e-01	  0.0000e+00	  6.2974e-02	  5.0427e-01	  3.1000e-01	  8.9201e-01	  4.8162e+01	  3.8149e-01	
  0.0000e+00	  1.6000e-03	  2.5000e+01	  1.2476e+01	  9.6629e-03	  1.5581e-05	  1.9342e-02	  1.9296e-02	  1.1096e+00	  3.1000e-01	  3.2268e+00	  2.9946e+00	  6.0529e-01	  0.0000e+00	  6.2974e-02	  5.0427e-01	  3.1000e-01	  8.9201e-01	  4.8162e+01	  3.8149e-01	
  0.0000e+00	  1.7000e-03	  2.5000e+01	  1.2476e+01	  9.6629e-03	  1.5581e-05	  1.9342e-02	  1.9296e-02	  1.1096e+00	  3.1000e-01	  3.2268e+00	  2.9946e+00	  6.0529e-01	  0.0000e+00	  6.2974e-02	  5.0427e-01	  3.1000e-01	  8.9201e-01	  4.8162e+01	  3.8149e-01	
  0.0000e+00	  1.8000e-03	  2.5000e+01	  1.2476e+01	  9.6629e-03	  1.5581e-05	  1.9342e-02	  1.9296e-02	  1.1096e+00	  3.1000e-01	  3.2268e+00	  2.9946e+00	  6.0529e-01	  0.0000e+00	  6.2974e-02	  5.0427e-01	  3.1000e-01	  8.9201e-01	  4.8162e+01	  3.8149e-01	
  0.0000e+00	  1.9000e-03	  2.5000e+01	  1.2476e+01	  9.6629e-03	  1.5581e-05	  1.9342e-02	  1.9296e-02	  1.1096e+00	  3.1000e-01	  3.2268e+00	  2.9946e+00	  6.0529e-01	  0.0000e+00	  6.2974e-02	  5.0427e-01	  3.1000e-01	  8.9201e-01	  4.8162e+01	  3.8149e-01	
  0.0000e+00	  2.0000e-03	  2.5000e+01	  1.2476e+01	  9.6629e-03	  1.5581e-05	  1.9342e-02	  1.9296e-02	  1.1096e+00	  3.1000e-01	  3.2268e+00	  2.9946e+00	  6.0529e-01	  0.0000e+00	  6.2974e-02	  5.0427e-01	  3.1000e-01	  8.9201e-01	  4.8162e+01	  3.8149e-01	
  0.0000e+00	  2.1000e-03	  2.5000e+01	  1.2476e+01	  9.6629e-03	  1.5581e-05	  1.9342e-02	  1.9296e-02	  1.1096e+00	  3.1000e-01	  3.2268e+00	  2.9946e+00	  6.0529e-01	  0.0000e+00	  6.2974e-02	  5.0427e-01	  3.1000e-01	  8.9201e-01	  4.8162e+01	  3.8149e-01	
  0.0000e+00	  2.2000e-03	  2.5000e+01	  1.2476e+01	  9.6629e-03	  1.5581e-05	  1.9342e-02	  1.9296e-02	  1.1096e+00	  3.1000e-01	  3.2268e+00	  2.9946e+00	  6.0529e-01	  0.0000e+00	  6.2974e-02	  5.0427e-01	  3.1000e-01	  8.9201e-01	  4.8162e+01	  3.8149e-01	
  0.0000e+00	  2.3000e-03	  2.5000e+01	  1.2476e+01	  9.6629e-03	  1.5581e-05	  1.9342e-02	  1.9296e-02	  1.1096e+00	  3.1000e-01	  3.2268e+00	  2.9946e+00	  6.0529e-01	  0.0000e+00	  6.2974e-02	  5.0427e-01	  3.1000e-01	  8.9201e-01	  4.8162e+01	  3.8149e-01	
  0.0000e+00	  2.4000e-03	  2.5000e+01	  1.2476e+01	  9.6629e-03	  1.5581e-05	  1.9342e-02	  1.9296e-02	  1.1096e+00	  3.1000e-01	  3.2268e+00	  2.9946e+00	  6.0529e-01	  0.0000e+00	  6.2974e-02	  5.0427e-01	  3.1000e-01	  8.9201e-01	  4.8162e+01	  3.8149e-01	
  0.0000e+00	  2.5000e-03	  2.5000e+01	  1.2476e+01	  9.6629e-03	  1.5581e-05	  1.9342e-02	  1.9296e-02	  1.1096e+00	  3.1000e-01	  3.2268e+00	  2.9946e+00	  6.0529e-01	  0.0000e+00	  6.2974e-02	  5.0427e-01	  3.1000e-01	  8.9201e-01	  4.8162e+01	  3.8149e-01	
  0.0000e+00	  2.6000e-03	  2.5000e+01	  1.2476e+01	  9.6629e-03	  1.5581e-05	  1.9342e-02	  1.9296e-02	  1.1096e+00	  3.1000e-01	  3.2268e+00	  2.9946e+00	  6.0529e-01	  0.0000e+00	  6.2974e-02	  5.0427e-01	  3.1000e-01	  8.9201e-01	  4.8162e+01	  3.8149e-01	
  0.0000e+00	  2.7000e-03	  2.5000e+01	  1.2476e+01	  9.6629e-03	  1.5581e-05	  1.9342e-02	  1.9296e-02	  1.1096e+00	  3.1000e-01	  3.2268e+00	  2.9946e+00	  6.0529e-01	  0.0000e+00	  6.2974e-02	  5.0427e-01	  3.1000e-01	  8.9201e-01	  4.8162e+01	  3.8149e-01	
  0.0000e+00	  2.8000e-03	  2.5000e+01	  1.2476e+01	  9.6629e-03	  1.5581e-05	  1.9342e-02	  1.9296e-02	  1.1096e+00	  3.1000e-01	  3.2268e+00	  2.9946e+00	  6.0529e-01	  0.0000e+00	  6.2974e-02	  5.0427e-01	  3.1000e-01	  8.9201e-01	  4.8162e+01	  3.8149e-01	
  0.0000e+00	  2.9000e-03	  2.5000e+01	  1.2476e+01	  9.6629e-03	  1.5581e-05	  1.9342e-02	  1.9296e-02	  1.1096e+00	  3.1000e-01	  3.2268e+00	  2.9946e+00	  6.0529e-01	  0.0000e+00	  6.2974e-02	  5.0427e-01	  3.1000e-01	  8.9201e-01	  4.8162e+01	  3.8149e-01	
  0.0000e+00	  3.0000e-03	  2.5000e+01	  1.2476e+01	  9.6629e-03	  1.5581e-05	  1.9342e-02	  1.9296e-02	  1.1096e+00	  3.1000e-01	  3.2268e+00	  2.9946e+00	  6.0529e-01	  0.0000e+00	  6.2974e-02	  5.0427e-01	  3.1000e-01	  8.9201e-01	  4.8162e+01	  3.8149e-01	
  0.0000e+00	  3.1000e-03	  2.5000e+01	  1.2476e+01	  9.6629e-03	  1.5581e-05	  1.9342e-02	  1.9296e-02	  1.1096e+00	  3.1000e-01	  3.2268e+00	  2.9946e+00	  6.0529e-01	  0.0000e+00	  6.2974e-02	  5.0427e-01	  3.1000e-01	  8.9201e-01	  4.8162e+01	  3.8149e-01	
  0.0000e+00	  3.2000e-03	  2.5000e+01	  1.2476e+01	  9.6629e-03	  1.5581e-05	  1.9342e-02	  1.9296e-02	  1.1096e+00	  3.1000e-01	  3.2268e+00	  2.9946e+00	  6.0529e-01	  0.0000e+00	  6.2974e-02	  5.0427e-01	  3.1000e-01	  8.9201e-01	  4.8162e+01	  3.8149e-01	
  0.0000e+00	  3.3000e-03	  2.5000e+01	  1.2476e+01	  9.6629e-03	  1.5581e-05	  1.9342e-02	  1.9296e-02	  1.1096e+00	  3.1000e-01	  3.2268e+00	  2.9946e+00	  6.0529e-01	  0.0000e+00	  6.2974e-02	  5.0427e-01	  3.1000e-01	  8.9201e-01	  4.8162e+01	  3.8149e-01	
  0.0000e+00	  3.4000e-03	  2.5000e+01	  1.2476e+01	  9.6629e-03	  1.5581e-05	  1.9342e-02	  1.9296e-02	  1.1096e+00	  3.1000e-01	  3.2268e+00	  2.9946e+00	  6.0529e-01	  0.0000e+00	  6.2974e-02	  5.0427e-01	  3.1000e-01	  8.9201e-01	  4.8162e+01	  3.8149e-01	
  0.0000e+00	  3.5000e-03	  2.5000e+01	  1.2476e+01	  9.6629e-03	  1.5581e-05	  1.9342e-02	  1.9296e-02	  1.1096e+00	  3.1000e-01	  3.2268e+00	  2.9946e+00	  6.0529e-01	  0.0000e+00	  6.2974e-02	  5.0427e-01	  3.1000e-01	  8.9201e-01	  4.8162e+01	  3.8149e-01	
  0.0000e+00	  3.6000e-03	  2.5000e+01	  1.2476e+01	  9.6629e-03	  1.5581e-05	  1.9342e-02	  1.9296e-02	  1.1096e+00	  3.1000e-01	  3.2268e+00	  2.9946e+00	  6.0529e-01	  0.0000e+00	  6.2974e-02	  5.0427e-01	  3.1000e-01	  8.9201e-01	  4.8162e+01	  3.8149e-01	
  0.0000e+00	  3.7000e-03	  2.5000e+01	  1.2476e+01	  9.6629e-03	  1.5581e-05	  1.9342e-02	  1.9296e-02	  1.1096e+00	  3.1000e-01	  3.2268e+00	  2.9946e+00	  6.0529e-01	  0.0000e+00	  6.2974e-02	  5.0427e-01	  3.1000e-01	  8.9201e-01	  4.8162e+01	  3.8149e-01	
  0.0000e+00	  3.8000e-03	  2.5000e+01	  1.2476e+01	  9.6629e-03	  1.5581e-05	  1.9342e-02	  1.9296e-02	  1.1096e+00	  3.1000e-01	  3.2268e+00	  2.9946e+00	  6.0529e-01	  0.0000e+00	  6.2974e-02	  5.0427e-01	  3.1000e-01	  8.9201e-01	  4.8162e+01	  3.8149e-01	
  0.0000e+00	  3.9000e-03	  2.5000e+01	  1.2476e+01	  9.6629e-03	  1.5581e-05	  1.9342e-02	  1.9296e-02	  1.1096e+00	  3.1000e-01	  3.2268e+00	  2.9946e+00	  6.0529e-01	  0.0000e+00	  6.2974e-02	  5.0427e-01	  3.1000e-01	  8.9201e-01	  4.8162e+01	  3.8149e-01	
  0.0000e+00	  4.0000e-03	  2.5000e+01	  1.2476e+01	  9.6629e-03	  1.5581e-05	  1.9342e-02	  1.9296e-02	  1.1096e+00	  3.1000e-01	  3.2268e+00	  2.9946e+00	  6.0529e-01	  0.0000e+00	  6.2974e-02	  5.0427e-01	  3.1000e-01	  8.9201e-01	  4.8162e+01	  3.8149e-01	
  1.0000e+02	  0.0000e+00	  2.5000e+01	  7.5801e+00	  7.3000e-03	  9.1500e-05	  1.8398e-04	  9.7671e-07	  0.0000e+00	  0.0000e+00	  0.0000e+00	  0.0000e+00	  0.0000e+00	  0.0000e+00	  0.0000e+00	  0.0000e+00	  0.0000e+00	  0.0000e+00	  0.0000e+00	  0.0000e+00	
  1.0000e+02	  1.0000e-04	  2.5000e+01	  1.1445e+01	  8.2865e-03	  9.7045e-05	  2.1012e-03	  1.8352e-03	  3.4568e-01	  3.1785e-01	  1.6615e+00	  1.3602e+00	  0.0000e+00	  0.0000e+00	  5.0735e-02	  3.4568e-01	  3.1785e-01	  6.8008e-01	  2.1656e+01	  2.5053e-01	
  1.0000e+02	  2.0000e-04	  2.5000e+01	  1.1753e+01	  9.2159e-03	  6.5689e-05	  3.9178e-03	  3.7300e-03	  4.3183e-01	  3.4902e-01	  1.9464e+00	  1.6330e+00	  0.0000e+00	  0.0000e+00	  5.9896e-02	  4.3183e-01	  3.4902e-01	  8.1652e-01	  2.5620e+01	  3.0933e-01	
  1.0000e+02	  3.0000e-04	  2.5000e+01	  1.1928e+01	  1.0150e-02	  4.9060e-05	  5.7697e-03	  5.6272e-03	  4.3528e-01	  3.2904e-01	  1.9006e+00	  1.6146e+00	  0.0000e+00	  0.0000e+00	  5.8723e-02	  4.3528e-01	  3.2904e-01	  8.0728e-01	  2.5272e+01	  3.1495e-01	
  1.0000e+02	  4.0000e-04	  2.5000e+01	  1.2050e+01	  1.1082e-02	  3.8533e-05	  7.6256e-03	  7.5128e-03	  4.4382e-01	  3.1979e-01	  1.8962e+00	  1.6255e+00	  0.0000e+00	  0.0000e+00	  5.8745e-02	  4.4382e-01	  3.1979e-01	  8.1276e-01	  2.5457e+01	  3.2516e-01	
  1.0000e+02	  5.0000e-04	  2.5000e+01	  1.2143e+01	  1.2009e-02	  3.1210e-05	  9.4763e-03	  9.3845e-03	  4.5579e-01	  3.1576e-01	  1.9141e+00	  1.6535e+00	  0.0000e+00	  0.0000e+00	  5.9427e-02	  4.5579e-01	  3.1576e-01	  8.2677e-01	  2.5930e+01	  3.3787e-01	
  1.0000e+02	  6.0000e-04	  2.5000e+01	  1.2218e+01	  1.2931e-02	  2.5812e-05	  1.1319e-02	  1.1243e-02	  4.6864e-01	  3.1378e-01	  1.9397e+00	  1.6871e+00	  0.0000e+00	  0.0000e+00	  6.0330e-02	  4.6864e-01	  3.1378e-01	  8.4355e-01	  2.6497e+01	  3.5078e-01	
  1.0000e+02	  7.0000e-04	  2.5000e+01	  1.2281e+01	  1.3848e-02	  2.1673e-05	  1.3155e-02	  1.3091e-02	  4.8140e-01	  3.1267e-01	  1.9677e+00	  1.7219e+00	  0.0000e+00	  0.0000e+00	  6.1292e-02	  4.8140e-01	  3.1267e-01	  8.6093e-01	  2.7086e+01	  3.6285e-01	
  1.0000e+02	  8.0000e-04	  2.5000e+01	  1.2335e+01	  1.4764e-02	  1.8409e-05	  1.4988e-02	  1.4933e-02	  4.9374e-01	  3.1202e-01	  1.9959e+00	  1.7562e+00	  0.0000e+00	  0.0000e+00	  6.2254e-02	  4.9374e-01	  3.1202e-01	  8.7809e-01	  2.7668e+01	  3.7354e-01	
  1.0000e+02	  9.0000e-04	  2.5000e+01	  1.2388e+01	  1.5780e-02	  1.5522e-05	  1.7022e-02	  1.6976e-02	  7.8171e-01	  3.1095e-01	  2.5742e+00	  2.3412e+00	  2.7591e-01	  0.0000e+00	  6.3166e-02	  5.0580e-01	  3.1095e-01	  8.9471e-01	  3.7358e+01	  3.8265e-01	
  1.0000e+02	  1.0000e-03	  2.5000e+01	  1.2388e+01	  1.5778e-02	  1.5522e-05	  1.7023e-02	  1.6976e-02	  1.0769e+00	  3.1010e-01	  3.1619e+00	  2.9295e+00	  5.7251e-01	  0.0000e+00	  6.2992e-02	  5.0441e-01	  3.1010e-01	  8.9225e-01	  4.7086e+01	  3.8160e-01	
  1.0000e+02	  1.1000e-03	  2.5000e+01	  1.2388e+01	  1.5776e-02	  1.5522e-05	  1.7023e-02	  1.6977e-02	  1.1067e+00	  3.1001e-01	  3.2211e+00	  2.9889e+00	  6.0242e-01	  0.0000e+00	  6.2975e-02	  5.0427e-01	  3.1001e-01	  8.9201e-01	  4.8067e+01	  3.8149e-01	
  1.0000e+02	  1.2000e-03	  2.5000e+01	  1.2388e+01	  1.5774e-02	  1.5522e-05	  1.7024e-02	  1.6977e-02	  1.1097e+00	  3.1000e-01	  3.2271e+00	  2.9948e+00	  6.0541e-01	  0.0000e+00	  6.2973e-02	  5.0426e-01	  3.1000e-01	  8.9198e-01	  4.8165e+01	  3.8148e-01	
  1.0000e+02	  1.3000e-03	  2.5000e+01	  1.2388e+01	  1.5772e-02	  1.5522e-05	  1.7024e-02	  1.6978e-02	  1.1099e+00	  3.1000e-01	  3.2276e+00	  2.9953e+00	  6.0568e-01	  0.0000e+00	  6.2973e-02	  5.0425e-01	  3.1000e-01	  8.9198e-01	  4.8174e+01	  3.8148e-01	
  1.0000e+02	  1.4000e-03	  2.5000e+01	  1.2388e+01	  1.5770e-02	  1.5522e-05	  1.7025e-02	  1.6978e-02	  1.1099e+00	  3.1000e-01	  3.2276e+00	  2.9953e+00	  6.0568e-01	  0.0000e+00	  6.2973e-02	  5.0425e-01	  3.1000e-01	  8.9198e-01	  4.8174e+01	  3.8148e-01	
  1.0000e+02	  1.5000e-03	  2.5000e+01	  1.2388e+01	  1.5768e-02	  1.5522e-05	  1.7025e-02	  1.6979e-02	  1.1099e+00	  3.1000e-01	  3.2275e+00	  2.9953e+00	  6.0566e-01	  0.0000e+00	  6.2973e-02	  5.0425e-01	  3.1000e-01	  8.9198e-01	  4.8173e+01	  3.8148e-01	
  1.0000e+02	  1.6000e-03	  2.5000e+01	  1.2388e+01	  1.5766e-02	  1.5522e-05	  1.7025e-02	  1.6979e-02	  1.1099e+00	  3.1000e-01	  3.2275e+00	  2.9952e+00	  6.0563e-01	  0.0000e+00	  6.2973e-02	  5.0425e-01	  3.1000e-01	  8.9198e-01	  4.8172e+01	  3.8148e-01	
  1.0000e+02	  1.7000e-03	  2.5000e+01	  1.2388e+01	  1.5765e-02	  1.5522e-05	  1.7026e-02	  1.6980e-02	  1.1099e+00	  3.1000e-01	  3.2274e+00	  2.9952e+00	  6.0560e-01	  0.0000e+00	  6.2973e-02	  5.0425e-01	  3.1000e-01	  8.9198e-01	  4.8171e+01	  3.8148e-01	
  1.0000e+02	  1.8000e-03	  2.5000e+01	  1.2388e+01	  1.5763e-02	  1.5522e-05	  1.7026e-02	  1.6980e-02	  1.1098e+00	  3.1000e-01	  3.2274e+00	  2.9951e+00	  6.0558e-01	  0.0000e+00	  6.2973e-02	  5.0425e-01	  3.1000e-01	  8.9198e-01	  4.8171e+01	  3.8148e-01	
  1.0000e+02	  1.9000e-03	  2.5000e+01	  1.2388e+01	  1.5761e-02	  1.5522e-05	  1.7027e-02	  1.6981e-02	  1.1098e+00	  3.1000e-01	  3.2273e+00	  2.9951e+00	  6.0555e-01	  0.0000e+00	  6.2973e-02	  5.0425e-01	  3.1000e-01	  8.9198e-01	  4.8170e+01	  3.8148e-01	
  1.0000e+02	  2.0000e-03	  2.5000e+01	  1.2388e+01	  1.5760e-02	  1.5522e-05	  1.7027e-02	  1.6981e-02	  1.1098e+00	  3.1000e-01	  3.2273e+00	  2.9950e+00	  6.0553e-01	  0.0000e+00	  6.2973e-02	  5.0425e-01	  3.1000e-01	  8.9198e-01	  4.8169e+01	  3.8148e-01	
  1.0000e+02	  2.1000e-03	  2.5000e+01	  1.2388e+01	  1.5758e-02	  1.5522e-05	  1.7028e-02	  1.6981e-02	  1.1098e+00	  3.1000e-01	  3.2272e+00	  2.9950e+00	  6.0551e-01	  0.0000e+00	  6.2973e-02	  5.0425e-01	  3.1000e-01	  8.9198e-01	  4.8168e+01	  3.8148e-01	
  1.0000e+02	  2.2000e-03	  2.5000e+01	  1.2388e+01	  1.5757e-02	  1.5522e-05	  1.7028e-02	  1.6982e-02	  1.1097e+00	  3.1000e-01	  3.2272e+00	  2.9949e+00	  6.0549e-01	  0.0000e+00	  6.2973e-02	  5.0425e-01	  3.1000e-01	  8.9198e-01	  4.8168e+01	  3.8148e-01	
  1.0000e+02	  2.3000e-03	  2.5000e+01	  1.2388e+01	  1.5755e-02	  1.5522e-05	  1.7028e-02	  1.6982e-02	  1.1097e+00	  3.1000e-01	  3.2272e+00	  2.9949e+00	  6.0547e-01	  0.0000e+00	  6.2973e-02	  5.0425e-01	  3.1000e-01	  8.9198e-01	  4.8167e+01	  3.8148e-01	
  1.0000e+02	  2.4000e-03	  2.5000e+01	  1.2388e+01	  1.5754e-02	  1.5522e-05	  1.7029e-02	  1.6983e-02	  1.1097e+00	  3.1000e-01	  3.2271e+00	  2.9949e+00	  6.0545e-01	  0.0000e+00	  6.2973e-02	  5.0425e-01	  3.1000e-01	  8.9198e-01	  4.8166e+01	  3.8148e-01	
  1.0000e+02	  2.5000e-03	  2.5000e+01	  1.2388e+01	  1.5753e-02	  1.5522e-05	  1.7029e-02	  1.6983e-02	  1.1097e+00	  3.1000e-01	  3.2271e+00	  2.9948e+00	  6.0543e-01	  0.0000e+00	  6.2973e-02	  5.0425e-01	  3.1000e-01	  8.9198e-01	  4.8166e+01	  3.8148e-01	
  1.0000e+02	  2.6000e-03	  2.5000e+01	  1.2388e+01	  1.5752e-02	  1.5522e-05	  1.7029e-02	  1.6983e-02	  1.1097e+00	  3.1000e-01	  3.2271e+00	  2.9948e+00	  6.0541e-01	  0.0000e+00	  6.2973e-02	  5.0425e-01	  3.1000e-01	  8.9198e-01	  4.8165e+01	  3.8148e-01	
  1.0000e+02	  2.7000e-03	  2.5000e+01	  1.2388e+01	  1.5750e-02	  1.5522e-05	  1.7029e-02	  1.6983e-02	  1.1097e+00	  3.1000e-01	  3.2270e+00	  2.9948e+00	  6.0540e-01	  0.0000e+00	  6.2973e-02	  5.0425e-01	  3.1000e-01	  8.9198e-01	  4.8165e+01	  3.8148e-01	
  1.0000e+02	  2.8000e-03	  2.5000e+01	  1.2388e+01	  1.5749e-02	  1.5522e-05	  1.7030e-02	  1.6984e-02	  1.1096e+00	  3.1000e-01	  3.2270e+00	  2.9947e+00	  6.0538e-01	  0.0000e+00	  6.2973e-02	  5.0425e-01	  3.1000e-01	  8.9198e-01	  4.8164e+01	  3.8148e-01	
  1.0000e+02	  2.9000e-03	  2.5000e+01	  1.2388e+01	  1.5748e-02	  1.5522e-05	  1.7030e-02	  1.6984e-02	  1.1096e+00	  3.1000e-01	  3.2270e+00	  2.9947e+00	  6.0537e-01	  0.0000e+00	  6.2973e-02	  5.0425e-01	  3.1000e-01	  8.9198e-01	  4.8164e+01	  3.8148e-01	
  1.0000e+02	  3.0000e-03	  2.5000e+01	  1.2388e+01	  1.5748e-02	  1.5522e-05	  1.7030e-02	  1.6984e-02	  1.1096e+00	  3.1000e-01	  3.2269e+00	  2.9947e+00	  6.0536e-01	  0.0000e+00	  6.2973e-02	  5.0425e-01	  3.1000e-01	  8.9198e-01	  4.8163e+01	  3.8148e-01	
  1.0000e+02	  3.1000e-03	  2.5000e+01	  1.2388e+01	  1.5747e-02	  1.5522e-05	  1.7030e-02	  1.6984e-02	  1.1096e+00	  3.1000e-01	  3.2269e+00	  2.9947e+00	  6.0535e-01	  0.0000e+00	  6.2973e-02	  5.0425e-01	  3.1000e-01	  8.9198e-01	  4.8163e+01	  3.8148e-01	
  1.0000e+02	  3.2000e-03	  2.5000e+01	  1.2388e+01	  1.5746e-02	  1.5522e-05	  1.7031e-02	  1.6985e-02	  1.1096e+00	  3.1000e-01	  3.2269e+00	  2.9946e+00	  6.0534e-01	  0.0000e+00	  6.2973e-02	  5.0425e-01	  3.1000e-01	  8.9198e-01	  4.8163e+01	  3.8148e-01	
  1.0000e+02	  3.3000e-03	  2.5000e+01	  1.2388e+01	  1.5745e-02	  1.5522e-05	  1.7031e-02	  1.6985e-02	  1.1096e+00	  3.1000e-01	  3.2269e+00	  2.9946e+00	  6.0533e-01	  0.0000e+00	  6.2973e-02	  5.0425e-01	  3.1000e-01	  8.9198e-01	  4.8162e+01	  3.8148e-01	
  1.0000e+02	  3.4000e-03	  2.5000e+01	  1.2388e+01	  1.5745e-02	  1.5522e-05	  1.7031e-02	  1.6985e-02	  1.1096e+00	  3.1000e-01	  3.2269e+00	  2.9946e+00	  6.0532e-01	  0.0000e+00	  6.2973e-02	  5.0425e-01	  3.1000e-01	  8.9198e-01	  4.8162e+01	  3.8148e-01	
  1.0000e+02	  3.5000e-03	  2.5000e+01	  1.2388e+01	  1.5745e-02	  1.5522e-05	  1.7031e-02	  1.6985e-02	  1.1096e+00	  3.1000e-01	  3.2269e+00	  2.9946e+00	  6.0531e-01	  0.0000e+00	  6.2973e-02	  5.0425e-01	  3.1000e-01	  8.9198e-01	  4.8162e+01	  3.8148e-01	
  1.0000e+02	  3.6000e-03	  2.5000e+01	  1.2388e+01	  1.5744e-02	  1.5522e-05	  1.7031e-02	  1.6985e-02	  1.1096e+00	  3.1000e-01	  3.2268e+00	  2.9946e+00	  6.0531e-01	  0.0000e+00	  6.2973e-02	  5.0425e-01	  3.1000e-01	  8.9198e-01	  4.8162e+01	  3.8148e-01	
  1.0000e+02	  3.7000e-03	  2.5000e+01	  1.2388e+01	  1.5744e-02	  1.5522e-05	  1.7031e-02	  1.6985e-02	  1.1096e+00	  3.1000e-01	  3.2268e+00	  2.9946e+00	  6.0531e-01	  0.0000e+00	  6.2973e-02	  5.0425e-01	  3.1000e-01	  8.9198e-01	  4.8162e+01	  3.8148e-01	
  1.0000e+02	  3.8000e-03	  2.5000e+01	  1.2388e+01	  1.5744e-02	  1.5522e-05	  1.7031e-02	  1.6985e-02	  1.1096e+00	  3.1000e-01	  3.2268e+00	  2.9946e+00	  6.0530e-01	  0.0000e+00	  6.2973e-02	  5.0425e-01	  3.1000e-01	  8.9198e-01	  4.8162e+01	  3.8148e-01	
  1.0000e+02	  3.9000e-03	  2.5000e+01	  1.2388e+01	  1.5744e-02	  1.5522e-05	  1.7031e-02	  1.6985e-02	  1.1096e+00	  3.1000e-01	  3.2268e+00	  2.9946e+00	  6.0530e-01	  0.0000e+00	  6.2973e-02	  5.0425e-01	  3.1000e-01	  8.9198e-01	  4.8162e+01	  3.8148e-01	
  1.0000e+02	  4.0000e-03	  2.5000e+01	  1.2388e+01	  1.5744e-02	  1.5522e-05	  1.7031e-02	  1.6985e-02	  1.1096e+00	  3.1000e-01	  3.2268e+00	  2.9946e+00	  6.0530e-01	  0.0000e+00	  6.2973e-02	  5.0425e-01	  3.1000e-01	  8.9198e-01	  4.8162e+01	  3.8148e-01	
  2.0000e+02	  0.0000e+00	  2.5000e+01	  7.5801e+00	  7.3000e-03	  9.1500e-05	  1.8398e-04	  9.7671e-07	  0.0000e+00	  0.0000e+00	  0.0000e+00	  0.0000e+00	  0.0000e+00	  0.0000e+00	  0.0000e+00	  0.0000e+00	  0.0000e+00	  0.0000e+00	  0.0000e+00	  0.0000e+00	
  2.0000e+02	  1.0000e-04	  2.5000e+01	  1.1290e+01	  8.0238e-03	  1.1265e-04	  1.5995e-03	  1.2997e-03	  2.0670e-01	  2.0428e-01	  1.0311e+00	  8.3170e-01	  0.0000e+00	  0.0000e+00	  3.1357e-02	  2.0670e-01	  2.0428e-01	  4.1585e-01	  1.3412e+01	  1.5304e-01	
  2.0000e+02	  2.0000e-04	  2.5000e+01	  1.1605e+01	  8.6886e-03	  8.0589e-05	  2.8742e-03	  2.6479e-03	  4.3848e-01	  3.7598e-01	  2.0346e+00	  1.6883e+00	  0.0000e+00	  0.0000e+00	  6.2387e-02	  4.3848e-01	  3.7598e-01	  8.4416e-01	  2.6627e+01	  3.1418e-01	
  2.0000e+02	  3.0000e-04	  2.5000e+01	  1.1784e+01	  9.3585e-03	  6.2643e-05	  4.1890e-03	  4.0094e-03	  4.3633e-01	  3.4847e-01	  1.9554e+00	  1.6442e+00	  0.0000e+00	  0.0000e+00	  6.0216e-02	  4.3633e-01	  3.4847e-01	  8.2209e-01	  2.5777e+01	  3.1287e-01	
  2.0000e+02	  4.0000e-04	  2.5000e+01	  1.1908e+01	  1.0027e-02	  5.0904e-05	  5.5107e-03	  5.3631e-03	  4.3420e-01	  3.3079e-01	  1.9028e+00	  1.6140e+00	  0.0000e+00	  0.0000e+00	  5.8762e-02	  4.3420e-01	  3.3079e-01	  8.0702e-01	  2.5266e+01	  3.1365e-01	
  2.0000e+02	  5.0000e-04	  2.5000e+01	  1.2002e+01	  1.0690e-02	  4.2552e-05	  6.8270e-03	  6.7028e-03	  4.3893e-01	  3.2240e-01	  1.8915e+00	  1.6156e+00	  0.0000e+00	  0.0000e+00	  5.8538e-02	  4.3893e-01	  3.2240e-01	  8.0779e-01	  2.5291e+01	  3.1986e-01	
  2.0000e+02	  6.0000e-04	  2.5000e+01	  1.2078e+01	  1.1346e-02	  3.6279e-05	  8.1318e-03	  8.0255e-03	  4.4658e-01	  3.1812e-01	  1.8983e+00	  1.6310e+00	  0.0000e+00	  0.0000e+00	  5.8848e-02	  4.4658e-01	  3.1812e-01	  8.1548e-01	  2.5550e+01	  3.2828e-01	
  2.0000e+02	  7.0000e-04	  2.5000e+01	  1.2141e+01	  1.1994e-02	  3.1387e-05	  9.4219e-03	  9.3295e-03	  4.5524e-01	  3.1570e-01	  1.9126e+00	  1.6519e+00	  0.0000e+00	  0.0000e+00	  5.9377e-02	  4.5524e-01	  3.1570e-01	  8.2596e-01	  2.5904e+01	  3.3735e-01	
  2.0000e+02	  8.0000e-04	  2.5000e+01	  1.2194e+01	  1.2633e-02	  2.7466e-05	  1.0696e-02	  1.0615e-02	  4.6415e-01	  3.1422e-01	  1.9301e+00	  1.6750e+00	  0.0000e+00	  0.0000e+00	  5.9996e-02	  4.6415e-01	  3.1422e-01	  8.3750e-01	  2.6294e+01	  3.4638e-01	
  2.0000e+02	  9.0000e-04	  2.5000e+01	  1.2241e+01	  1.3264e-02	  2.4256e-05	  1.1954e-02	  1.1883e-02	  4.7299e-01	  3.1325e-01	  1.9488e+00	  1.6987e+00	  0.0000e+00	  0.0000e+00	  6.0647e-02	  4.7299e-01	  3.1325e-01	  8.4936e-01	  2.6695e+01	  3.5502e-01	
  2.0000e+02	  1.0000e-03	  2.5000e+01	  1.2283e+01	  1.3887e-02	  2.1580e-05	  1.3199e-02	  1.3135e-02	  4.8161e-01	  3.1258e-01	  1.9680e+00	  1.7224e+00	  0.0000e+00	  0.0000e+00	  6.1303e-02	  4.8161e-01	  3.1258e-01	  8.6118e-01	  2.7095e+01	  3.6306e-01	
  2.0000e+02	  1.1000e-03	  2.5000e+01	  1.2320e+01	  1.4505e-02	  1.9316e-05	  1.4432e-02	  1.4375e-02	  4.8997e-01	  3.1211e-01	  1.9870e+00	  1.7456e+00	  0.0000e+00	  0.0000e+00	  6.1952e-02	  4.8997e-01	  3.1211e-01	  8.7278e-01	  2.7488e+01	  3.7041e-01	
  2.0000e+02	  1.2000e-03	  2.5000e+01	  1.2353e+01	  1.5119e-02	  1.7376e-05	  1.5658e-02	  1.5607e-02	  4.9805e-01	  3.1177e-01	  2.0057e+00	  1.7682e+00	  0.0000e+00	  0.0000e+00	  6.2589e-02	  4.9805e-01	  3.1177e-01	  8.8410e-01	  2.7872e+01	  3.7698e-01	
  2.0000e+02	  1.3000e-03	  2.5000e+01	  1.2388e+01	  1.5800e-02	  1.5522e-05	  1.7017e-02	  1.6971e-02	  9.0190e-01	  3.1057e-01	  2.8134e+00	  2.5807e+00	  3.9671e-01	  0.0000e+00	  6.3089e-02	  5.0519e-01	  3.1057e-01	  8.9363e-01	  4.1318e+01	  3.8219e-01	
  2.0000e+02	  1.4000e-03	  2.5000e+01	  1.2388e+01	  1.5800e-02	  1.5522e-05	  1.7017e-02	  1.6971e-02	  1.0889e+00	  3.1006e-01	  3.1858e+00	  2.9534e+00	  5.8458e-01	  0.0000e+00	  6.2984e-02	  5.0435e-01	  3.1006e-01	  8.9214e-01	  4.7482e+01	  3.8155e-01	
  2.0000e+02	  1.5000e-03	  2.5000e+01	  1.2388e+01	  1.5800e-02	  1.5522e-05	  1.7017e-02	  1.6971e-02	  1.1078e+00	  3.1001e-01	  3.2233e+00	  2.9910e+00	  6.0352e-01	  0.0000e+00	  6.2974e-02	  5.0426e-01	  3.1001e-01	  8.9199e-01	  4.8103e+01	  3.8149e-01	
  2.0000e+02	  1.6000e-03	  2.5000e+01	  1.2388e+01	  1.5800e-02	  1.5522e-05	  1.7017e-02	  1.6971e-02	  1.1097e+00	  3.1000e-01	  3.2271e+00	  2.9948e+00	  6.0541e-01	  0.0000e+00	  6.2973e-02	  5.0425e-01	  3.1000e-01	  8.9198e-01	  4.8165e+01	  3.8148e-01	
  2.0000e+02	  1.7000e-03	  2.5000e+01	  1.2388e+01	  1.5800e-02	  1.5522e-05	  1.7017e-02	  1.6971e-02	  1.1098e+00	  3.1000e-01	  3.2274e+00	  2.9951e+00	  6.0558e-01	  0.0000e+00	  6.2973e-02	  5.0425e-01	  3.1000e-01	  8.9198e-01	  4.8171e+01	  3.8148e-01	
  2.0000e+02	  1.8000e-03	  2.5000e+01	  1.2388e+01	  1.5800e-02	  1.5522e-05	  1.7017e-02	  1.6971e-02	  1.1098e+00	  3.1000e-01	  3.2274e+00	  2.9951e+00	  6.0558e-01	  0.0000e+00	  6.2973e-02	  5.0425e-01	  3.1000e-01	  8.9198e-01	  4.8171e+01	  3.8148e-01	
  2.0000e+02	  1.9000e-03	  2.5000e+01	  1.2388e+01	  1.5800e-02	  1.5522e-05	  1.7017e-02	  1.6971e-02	  1.1098e+00	  3.1000e-01	  3.2273e+00	  2.9951e+00	  6.0555e-01	  0.0000e+00	  6.2973e-02	  5.0425e-01	  3.1000e-01	  8.9198e-01	  4.8170e+01	  3.8148e-01	
  2.0000e+02	  2.0000e-03	  2.5000e+01	  1.2388e+01	  1.5800e-02	  1.5522e-05	  1.7017e-02	  1.6971e-02	  1.1098e+00	  3.1000e-01	  3.2273e+00	  2.9950e+00	  6.0553e-01	  0.0000e+00	  6.2973e-02	  5.0425e-01	  3.1000e-01	  8.9198e-01	  4.8169e+01	  3.8148e-01	
  2.0000e+02	  2.1000e-03	  2.5000e+01	  1.2388e+01	  1.5800e-02	  1.5522e-05	  1.7017e-02	  1.6971e-02	  1.1098e+00	  3.1000e-01	  3.2272e+00	  2.9950e+00	  6.0551e-01	  0.0000e+00	  6.2973e-02	  5.0425e-01	  3.1000e-01	  8.9198e-01	  4.8168e+01	  3.8148e-01	
  2.0000e+02	  2.2000e-03	  2.5000e+01	  1.2388e+01	  1.5800e-02	  1.5522e-05	  1.7017e-02	  1.6971e-02	  1.1097e+00	  3.1000e-01	  3.2272e+00	  2.9949e+00	  6.0549e-01	  0.0000e+00	  6.2973e-02	  5.0425e-01	  3.1000e-01	  8.9198e-01	  4.8168e+01	  3.8148e-01	
  2.0000e+02	  2.3000e-03	  2.5000e+01	  1.2388e+01	  1.5800e-02	  1.5522e-05	  1.7017e-02	  1.6971e-02	  1.1097e+00	  3.1000e-01	  3.2272e+00	  2.9949e+00	  6.0547e-01	  0.0000e+00	  6.2973e-02	  5.0425e-01	  3.1000e-01	  8.9198e-01	  4.8167e+01	  3.8148e-01	
  2.0000e+02	  2.4000e-03	  2.5000e+01	  1.2388e+01	  1.5800e-02	  1.5522e-05	  1.7017e-02	  1.6971e-02	  1.1097e+00	  3.1000e-01	  3.2271e+00	  2.9949e+00	  6.0545e-01	  0.0000e+00	  6.2973e-02	  5.0425e-01	  3.1000e-01	  8.9198e-01	  4.8166e+01	  3.8148e-01	
  2.0000e+02	  2.5000e-03	  2.5000e+01	  1.2388e+01	  1.5800e-02	  1.5522e-05	  1.7017e-02	  1.6971e-02	  1.1097e+00	  3.1000e-01	  3.2271e+00	  2.9948e+00	  6.0543e-01	  0.0000e+00	  6.2973e-02	  5.0425e-01	  3.1000e-01	  8.9198e-01	  4.8166e+01	  3.8148e-01	
  2.0000e+02	  2.6000e-03	  2.5000e+01	  1.2388e+01	  1.5800e-02	  1.5522e-05	  1.7017e-02	  1.6971e-02	  1.1097e+00	  3.1000e-01	  3.2271e+00	  2.9948e+00	  6.0542e-01	  0.0000e+00	  6.2973e-02	  5.0425e-01	  3.1000e-01	  8.9198e-01	  4.8165e+01	  3.8148e-01	
  2.0000e+02	  2.7000e-03	  2.5000e+01	  1.2388e+01	  1.5800e-02	  1.5522e-05	  1.7017e-02	  1.6971e-02	  1.1097e+00	  3.1000e-01	  3.2270e+00	  2.9948e+00	  6.0540e-01	  0.0000e+00	  6.2973e-02	  5.0425e-01	  3.1000e-01	  8.9198e-01	  4.8165e+01	  3.8148e-01	
  2.0000e+02	  2.8000e-03	  2.5000e+01	  1.2388e+01	  1.5800e-02	  1.5522e-05	  1.7017e-02	  1.6971e-02	  1.1096e+00	  3.1000e-01	  3.2270e+00	  2.9947e+00	  6.0538e-01	  0.0000e+00	  6.2973e-02	  5.0425e-01	  3.1000e-01	  8.9198e-01	  4.8164e+01	  3.8148e-01	
  2.0000e+02	  2.9000e-03	  2.5000e+01	  1.2388e+01	  1.5800e-02	  1.5522e-05	  1.7017e-02	  1.6971e-02	  1.1096e+00	  3.1000e-01	  3.2270e+00	  2.9947e+00	  6.0537e-01	  0.0000e+00	  6.2973e-02	  5.0425e-01	  3.1000e-01	  8.9198e-01	  4.8164e+01	  3.8148e-01	
  2.0000e+02	  3.0000e-03	  2.5000e+01	  1.2388e+01	  1.5800e-02	  1.5522e-05	  1.7017e-02	  1.6971e-02	  1.1096e+00	  3.1000e-01	  3.2269e+00	  2.9947e+00	  6.0536e-01	  0.0000e+00	  6.2973e-02	  5.0425e-01	  3.1000e-01	  8.9198e-01	  4.8163e+01	  3.8148e-01	
  2.0000e+02	  3.1000e-03	  2.5000e+01	  1.2388e+01	  1.5800e-02	  1.5522e-05	  1.7017e-02	  1.6971e-02	  1.1096e+00	  3.1000e-01	  3.2269e+00	  2.9947e+00	  6.0535e-01	  0.0000e+00	  6.2973e-02	  5.0425e-01	  3.1000e-01	  8.9198e-01	  4.8163e+01	  3.8148e-01	
  2.0000e+02	  3.2000e-03	  2.5000e+01	  1.2388e+01	  1.5800e-02	  1.5522e-05	  1.7017e-02	  1.6971e-02	  1.1096e+00	  3.1000e-01	  3.2269e+00	  2.9946e+00	  6.0534e-01	  0.0000e+00	  6.2973e-02	  5.0425e-01	  3.1000e-01	  8.9198e-01	  4.8163e+01	  3.8148e-01	
  2.0000e+02	  3.3000e-03	  2.5000e+01	  1.2388e+01	  1.5800e-02	  1.5522e-05	  1.7017e-02	  1.6971e-02	  1.1096e+00	  3.1000e-01	  3.2269e+00	  2.9946e+00	  6.0533e-01	  0.0000e+00	  6.2973e-02	  5.0425e-01	  3.1000e-01	  8.9198e-01	  4.8162e+01	  3.8148e-01	
  2.0000e+02	  3.4000e-03	  2.5000e+01	  1.2388e+01	  1.5800e-02	  1.5522e-05	  1.7017e-02	  1.6971e-02	  1.1096e+00	  3.1000e-01	  3.2269e+00	  2.9946e+00	  6.0532e-01	  0.0000e+00	  6.2973e-02	  5.0425e-01	  3.1000e-01	  8.9198e-01	  4.8162e+01	  3.8148e-01	
  2.0000e+02	  3.5000e-03	  2.5000e+01	  1.2388e+01	  1.5800e-02	  1.5522e-05	  1.7017e-02	  1.6971e-02	  1.1096e+00	  3.1000e-01	  3.2269e+00	  2.9946e+00	  6.0532e-01	  0.0000e+00	  6.2973e-02	  5.0425e-01	  3.1000e-01	  8.9198e-01	  4.8162e+01	  3.8148e-01	
  2.0000e+02	  3.6000e-03	  2.5000e+01	  1.2388e+01	  1.5800e-02	  1.5522e-05	  1.7017e-02	  1.6971e-02	  1.1096e+00	  3.1000e-01	  3.2268e+00	  2.9946e+00	  6.0531e-01	  0.0000e+00	  6.2973e-02	  5.0425e-01	  3.1000e-01	  8.9198e-01	  4.8162e+01	  3.8148e-01	
  2.0000e+02	  3.7000e-03	  2.5000e+01	  1.2388e+01	  1.5800e-02	  1.5522e-05	  1.7017e-02	  1.6971e-02	  1.1096e+00	  3.1000e-01	  3.2268e+00	  2.9946e+00	  6.0531e-01	  0.0000e+00	  6.2973e-02	  5.0425e-01	  3.1000e-01	  8.9198e-01	  4.8162e+01	  3.8148e-01	
  2.0000e+02	  3.8000e-03	  2.5000e+01	  1.2388e+01	  1.5800e-02	  1.5522e-05	  1.7017e-02	  1.6971e-02	  1.1096e+00	  3.1000e-01	  3.2268e+00	  2.9946e+00	  6.0530e-01	  0.0000e+00	  6.2973e-02	  5.0425e-01	  3.1000e-01	  8.9198e-01	  4.8162e+01	  3.8148e-01	
  2.0000e+02	  3.9000e-03	  2.5000e+01	  1.2388e+01	  1.5800e-02	  1.5522e-05	  1.7017e-02	  1.6971e-02	  1.1096e+00	  3.1000e-01	  3.2268e+00	  2.9946e+00	  6.0530e-01	  0.0000e+00	  6.2973e-02	  5.0425e-01	  3.1000e-01	  8.9198e-01	  4.8162e+01	  3.8148e-01	
  2.0000e+02	  4.0000e-03	  2.5000e+01	  1.2388e+01	  1.5800e-02	  1.5522e-05	  1.7017e-02	  1.6971e-02	  1.1096e+00	  3.1000e-01	  3.2268e+00	  2.9946e+00	  6.0530e-01	  0.0000e+00	  6.2973e-02	  5.0425e-01	  3.1000e-01	  8.9198e-01	  4.8162e+01	  3.8148e-01	
  3.0000e+02	  0.0000e+00	  2.5000e+01	  7.5801e+00	  7.3000e-03	  9.1500e-05	  1.8398e-04	  9.7671e-07	  0.0000e+00	  0.0000e+00	  0.0000e+00	  0.0000e+00	  0.0000e+00	  0.0000e+00	  0.0000e+00	  0.0000e+00	  0.0000e+00	  0.0000e+00	  0.0000e+00	  0.0000e+00	
  3.0000e+02	  1.0000e-04	  2.5000e+01	  1.1192e+01	  7.8999e-03	  1.2228e-04	  1.3713e-03	  1.0526e-03	  5.6528e-02	  5.8512e-02	  2.8891e-01	  2.3072e-01	  0.0000e+00	  0.0000e+00	  8.7638e-03	  5.6528e-02	  5.8512e-02	  1.1536e-01	  3.7562e+00	  4.2555e-02	
  3.0000e+02	  2.0000e-04	  2.5000e+01	  1.1512e+01	  8.4387e-03	  9.0125e-05	  2.3893e-03	  2.1396e-03	  4.4615e-01	  3.9805e-01	  2.1118e+00	  1.7391e+00	  0.0000e+00	  0.0000e+00	  6.4600e-02	  4.4615e-01	  3.9805e-01	  8.6955e-01	  2.7566e+01	  3.2132e-01	
  3.0000e+02	  3.0000e-04	  2.5000e+01	  1.1695e+01	  8.9874e-03	  7.1516e-05	  3.4587e-03	  3.2555e-03	  4.4419e-01	  3.6732e-01	  2.0245e+00	  1.6914e+00	  0.0000e+00	  0.0000e+00	  6.2215e-02	  4.4419e-01	  3.6732e-01	  8.4572e-01	  2.6581e+01	  3.1788e-01	
  3.0000e+02	  4.0000e-04	  2.5000e+01	  1.1821e+01	  9.5392e-03	  5.9026e-05	  4.5456e-03	  4.3757e-03	  4.3435e-01	  3.4198e-01	  1.9332e+00	  1.6299e+00	  0.0000e+00	  0.0000e+00	  5.9586e-02	  4.3435e-01	  3.4198e-01	  8.1494e-01	  2.5536e+01	  3.1198e-01	
  3.0000e+02	  5.0000e-04	  2.5000e+01	  1.1918e+01	  1.0091e-02	  4.9985e-05	  5.6372e-03	  5.4921e-03	  4.3395e-01	  3.2932e-01	  1.8983e+00	  1.6114e+00	  0.0000e+00	  0.0000e+00	  5.8637e-02	  4.3395e-01	  3.2932e-01	  8.0569e-01	  2.5223e+01	  3.1372e-01	
  3.0000e+02	  6.0000e-04	  2.5000e+01	  1.1996e+01	  1.0639e-02	  4.3108e-05	  6.7262e-03	  6.6005e-03	  4.3824e-01	  3.2272e-01	  1.8907e+00	  1.6141e+00	  0.0000e+00	  0.0000e+00	  5.8505e-02	  4.3824e-01	  3.2272e-01	  8.0706e-01	  2.5268e+01	  3.1914e-01	
  3.0000e+02	  7.0000e-04	  2.5000e+01	  1.2060e+01	  1.1183e-02	  3.7692e-05	  7.8078e-03	  7.6974e-03	  4.4450e-01	  3.1894e-01	  1.8955e+00	  1.6263e+00	  0.0000e+00	  0.0000e+00	  5.8739e-02	  4.4450e-01	  3.1894e-01	  8.1315e-01	  2.5472e+01	  3.2606e-01	
  3.0000e+02	  8.0000e-04	  2.5000e+01	  1.2115e+01	  1.1721e-02	  3.3318e-05	  8.8782e-03	  8.7803e-03	  4.5155e-01	  3.1660e-01	  1.9061e+00	  1.6428e+00	  0.0000e+00	  0.0000e+00	  5.9142e-02	  4.5155e-01	  3.1660e-01	  8.2139e-01	  2.5749e+01	  3.3352e-01	
  3.0000e+02	  9.0000e-04	  2.5000e+01	  1.2163e+01	  1.2251e-02	  2.9717e-05	  9.9343e-03	  9.8468e-03	  4.5885e-01	  3.1506e-01	  1.9196e+00	  1.6612e+00	  0.0000e+00	  0.0000e+00	  5.9625e-02	  4.5885e-01	  3.1506e-01	  8.3060e-01	  2.6060e+01	  3.4104e-01	
  3.0000e+02	  1.0000e-03	  2.5000e+01	  1.2205e+01	  1.2773e-02	  2.6706e-05	  1.0974e-02	  1.0895e-02	  4.6615e-01	  3.1400e-01	  1.9343e+00	  1.6804e+00	  0.0000e+00	  0.0000e+00	  6.0144e-02	  4.6615e-01	  3.1400e-01	  8.4019e-01	  2.6384e+01	  3.4836e-01	
  3.0000e+02	  1.1000e-03	  2.5000e+01	  1.2243e+01	  1.3285e-02	  2.4156e-05	  1.1997e-02	  1.1926e-02	  4.7332e-01	  3.1324e-01	  1.9496e+00	  1.6997e+00	  0.0000e+00	  0.0000e+00	  6.0674e-02	  4.7332e-01	  3.1324e-01	  8.4983e-01	  2.6710e+01	  3.5533e-01	
  3.0000e+02	  1.2000e-03	  2.5000e+01	  1.2276e+01	  1.3790e-02	  2.1972e-05	  1.3003e-02	  1.2938e-02	  4.8029e-01	  3.1269e-01	  1.9650e+00	  1.7187e+00	  0.0000e+00	  0.0000e+00	  6.1203e-02	  4.8029e-01	  3.1269e-01	  8.5936e-01	  2.7033e+01	  3.6186e-01	
  3.0000e+02	  1.3000e-03	  2.5000e+01	  1.2307e+01	  1.4286e-02	  2.0081e-05	  1.3994e-02	  1.3935e-02	  4.8704e-01	  3.1227e-01	  1.9803e+00	  1.7374e+00	  0.0000e+00	  0.0000e+00	  6.1724e-02	  4.8704e-01	  3.1227e-01	  8.6870e-01	  2.7350e+01	  3.6789e-01	
  3.0000e+02	  1.4000e-03	  2.5000e+01	  1.2335e+01	  1.4776e-02	  1.8426e-05	  1.4973e-02	  1.4918e-02	  4.9356e-01	  3.1195e-01	  1.9952e+00	  1.7556e+00	  0.0000e+00	  0.0000e+00	  6.2234e-02	  4.9356e-01	  3.1195e-01	  8.7779e-01	  2.7658e+01	  3.7340e-01	
  3.0000e+02	  1.5000e-03	  2.5000e+01	  1.2361e+01	  1.5262e-02	  1.6964e-05	  1.5943e-02	  1.5893e-02	  4.9988e-01	  3.1170e-01	  2.0099e+00	  1.7733e+00	  0.0000e+00	  0.0000e+00	  6.2734e-02	  4.9988e-01	  3.1170e-01	  8.8667e-01	  2.7959e+01	  3.7839e-01	
  3.0000e+02	  1.6000e-03	  2.5000e+01	  1.2388e+01	  1.5800e-02	  1.5522e-05	  1.7017e-02	  1.6971e-02	  9.5325e-01	  3.1042e-01	  2.9156e+00	  2.6830e+00	  4.4830e-01	  0.0000e+00	  6.3059e-02	  5.0494e-01	  3.1042e-01	  8.9320e-01	  4.3010e+01	  3.8200e-01	
  3.0000e+02	  1.7000e-03	  2.5000e+01	  1.2388e+01	  1.5800e-02	  1.5522e-05	  1.7017e-02	  1.6971e-02	  1.0940e+00	  3.1004e-01	  3.1959e+00	  2.9636e+00	  5.8971e-01	  0.0000e+00	  6.2981e-02	  5.0432e-01	  3.1004e-01	  8.9210e-01	  4.7650e+01	  3.8153e-01	
  3.0000e+02	  1.8000e-03	  2.5000e+01	  1.2388e+01	  1.5800e-02	  1.5522e-05	  1.7017e-02	  1.6971e-02	  1.1082e+00	  3.1000e-01	  3.2242e+00	  2.9919e+00	  6.0397e-01	  0.0000e+00	  6.2973e-02	  5.0426e-01	  3.1000e-01	  8.9199e-01	  4.8118e+01	  3.8149e-01	
  3.0000e+02	  1.9000e-03	  2.5000e+01	  1.2388e+01	  1.5800e-02	  1.5522e-05	  1.7017e-02	  1.6971e-02	  1.1096e+00	  3.1000e-01	  3.2270e+00	  2.9947e+00	  6.0539e-01	  0.0000e+00	  6.2973e-02	  5.0425e-01	  3.1000e-01	  8.9198e-01	  4.8164e+01	  3.8148e-01	
  3.0000e+02	  2.0000e-03	  2.5000e+01	  1.2388e+01	  1.5800e-02	  1.5522e-05	  1.7017e-02	  1.6971e-02	  1.1098e+00	  3.1000e-01	  3.2273e+00	  2.9950e+00	  6.0551e-01	  0.0000e+00	  6.2973e-02	  5.0425e-01	  3.1000e-01	  8.9198e-01	  4.8169e+01	  3.8148e-01	
  3.0000e+02	  2.1000e-03	  2.5000e+01	  1.2388e+01	  1.5800e-02	  1.5522e-05	  1.7017e-02	  1.6971e-02	  1.1098e+00	  3.1000e-01	  3.2272e+00	  2.9950e+00	  6.0551e-01	  0.0000e+00	  6.2973e-02	  5.0425e-01	  3.1000e-01	  8.9198e-01	  4.8168e+01	  3.8148e-01	
  3.0000e+02	  2.2000e-03	  2.5000e+01	  1.2388e+01	  1.5800e-02	  1.5522e-05	  1.7017e-02	  1.6971e-02	  1.1097e+00	  3.1000e-01	  3.2272e+00	  2.9949e+00	  6.0549e-01	  0.0000e+00	  6.2973e-02	  5.0425e-01	  3.1000e-01	  8.9198e-01	  4.8168e+01	  3.8148e-01	
  3.0000e+02	  2.3000e-03	  2.5000e+01	  1.2388e+01	  1.5800e-02	  1.5522e-05	  1.7017e-02	  1.6971e-02	  1.1097e+00	  3.1000e-01	  3.2272e+00	  2.9949e+00	  6.0547e-01	  0.0000e+00	  6.2973e-02	  5.0425e-01	  3.1000e-01	  8.9198e-01	  4.8167e+01	  3.8148e-01	
  3.0000e+02	  2.4000e-03	  2.5000e+01	  1.2388e+01	  1.5800e-02	  1.5522e-05	  1.7017e-02	  1.6971e-02	  1.1097e+00	  3.1000e-01	  3.2271e+00	  2.9949e+00	  6.0545e-01	  0.0000e+00	  6.2973e-02	  5.0425e-01	  3.1000e-01	  8.9198e-01	  4.8166e+01	  3.8148e-01	
  3.0000e+02	  2.5000e-03	  2.5000e+01	  1.2388e+01	  1.5800e-02	  1.5522e-05	  1.7017e-02	  1.6971e-02	  1.1097e+00	  3.1000e-01	  3.2271e+00	  2.9948e+00	  6.0543e-01	  0.0000e+00	  6.2973e-02	  5.0425e-01	  3.1000e-01	  8.9198e-01	  4.8166e+01	  3.8148e-01	
  3.0000e+02	  2.6000e-03	  2.5000e+01	  1.2388e+01	  1.5800e-02	  1.5522e-05	  1.7017e-02	  1.6971e-02	  1.1097e+00	  3.1000e-01	  3.2271e+00	  2.9948e+00	  6.0542e-01	  0.0000e+00	  6.2973e-02	  5.0425e-01	  3.1000e-01	  8.9198e-01	  4.8165e+01	  3.8148e-01	
  3.0000e+02	  2.7000e-03	  2.5000e+01	  1.2388e+01	  1.5800e-02	  1.5522e-05	  1.7017e-02	  1.6971e-02	  1.1097e+00	  3.1000e-01	  3.2270e+00	  2.9948e+00	  6.0540e-01	  0.0000e+00	  6.2973e-02	  5.0425e-01	  3.1000e-01	  8.9198e-01	  4.8165e+01	  3.8148e-01	
  3.0000e+02	  2.8000e-03	  2.5000e+01	  1.2388e+01	  1.5800e-02	  1.5522e-05	  1.7017e-02	  1.6971e-02	  1.1096e+00	  3.1000e-01	  3.2270e+00	  2.9947e+00	  6.0538e-01	  0.0000e+00	  6.2973e-02	  5.0425e-01	  3.1000e-01	  8.9198e-01	  4.8164e+01	  3.8148e-01	
  3.0000e+02	  2.9000e-03	  2.5000e+01	  1.2388e+01	  1.5800e-02	  1.5522e-05	  1.7017e-02	  1.6971e-02	  1.1096e+00	  3.1000e-01	  3.2270e+00	  2.9947e+00	  6.0537e-01	  0.0000e+00	  6.2973e-02	  5.0425e-01	  3.1000e-01	  8.9198e-01	  4.8164e+01	  3.8148e-01	
  3.0000e+02	  3.0000e-03	  2.5000e+01	  1.2388e+01	  1.5800e-02	  1.5522e-05	  1.7017e-02	  1.6971e-02	  1.1096e+00	  3.1000e-01	  3.2269e+00	  2.9947e+00	  6.0536e-01	  0.0000e+00	  6.2973e-02	  5.0425e-01	  3.1000e-01	  8.9198e-01	  4.8163e+01	  3.8148e-01	
  3.0000e+02	  3.1000e-03	  2.5000e+01	  1.2388e+01	  1.5800e-02	  1.5522e-05	  1.7017e-02	  1.6971e-02	  1.1096e+00	  3.1000e-01	  3.2269e+00	  2.9947e+00	  6.0535e-01	  0.0000e+00	  6.2973e-02	  5.0425e-01	  3.1000e-01	  8.9198e-01	  4.8163e+01	  3.8148e-01	
  3.0000e+02	  3.2000e-03	  2.5000e+01	  1.2388e+01	  1.5800e-02	  1.5522e-05	  1.7017e-02	  1.6971e-02	  1.1096e+00	  3.1000e-01	  3.2269e+00	  2.9946e+00	  6.0534e-01	  0.0000e+00	  6.2973e-02	  5.0425e-01	  3.1000e-01	  8.9198e-01	  4.8163e+01	  3.8148e-01	
  3.0000e+02	  3.3000e-03	  2.5000e+01	  1.2388e+01	  1.5800e-02	  1.5522e-05	  1.7017e-02	  1.6971e-02	  1.1096e+00	  3.1000e-01	  3.2269e+00	  2.9946e+00	  6.0533e-01	  0.0000e+00	  6.2973e-02	  5.0425e-01	  3.1000e-01	  8.9198e-01	  4.8162e+01	  3.8148e-01	
  3.0000e+02	  3.4000e-03	  2.5000e+01	  1.2388e+01	  1.5800e-02	  1.5522e-05	  1.7017e-02	  1.6971e-02	  1.1096e+00	  3.1000e-01	  3.2269e+00	  2.9946e+00	  6.0532e-01	  0.0000e+00	  6.2973e-02	  5.0425e-01	  3.1000e-01	  8.9198e-01	  4.8162e+01	  3.8148e-01	
  3.0000e+02	  3.5000e-03	  2.5000e+01	  1.2388e+01	  1.5800e-02	  1.5522e-05	  1.7017e-02	  1.6971e-02	  1.1096e+00	  3.1000e-01	  3.2269e+00	  2.9946e+00	  6.0532e-01	  0.0000e+00	  6.2973e-02	  5.0425e-01	  3.1000e-01	  8.9198e-01	  4.8162e+01	  3.8148e-01	
  3.0000e+02	  3.6000e-03	  2.5000e+01	  1.2388e+01	  1.5800e-02	  1.5522e-05	  1.7017e-02	  1.6971e-02	  1.1096e+00	  3.1000e-01	  3.2268e+00	  2.9946e+00	  6.0531e-01	  0.0000e+00	  6.2973e-02	  5.0425e-01	  3.1000e-01	  8.9198e-01	  4.8162e+01	  3.8148e-01	
  3.0000e+02	  3.7000e-03	  2.5000e+01	  1.2388e+01	  1.5800e-02	  1.5522e-05	  1.7017e-02	  1.6971e-02	  1.1096e+00	  3.1000e-01	  3.2268e+00	  2.9946e+00	  6.0531e-01	  0.0000e+00	  6.2973e-02	  5.0425e-01	  3.1000e-01	  8.9198e-01	  4.8162e+01	  3.8148e-01	
  3.0000e+02	  3.8000e-03	  2.5000e+01	  1.2388e+01	  1.5800e-02	  1.5522e-05	  1.7017e-02	  1.6971e-02	  1.1096e+00	  3.1000e-01	  3.2268e+00	  2.9946e+00	  6.0530e-01	  0.0000e+00	  6.2973e-02	  5.0425e-01	  3.1000e-01	  8.9198e-01	  4.8162e+01	  3.8148e-01	
  3.0000e+02	  3.9000e-03	  2.5000e+01	  1.2388e+01	  1.5800e-02	  1.5522e-05	  1.7017e-02	  1.6971e-02	  1.1096e+00	  3.1000e-01	  3.2268e+00	  2.9946e+00	  6.0530e-01	  0.0000e+00	  6.2973e-02	  5.0425e-01	  3.1000e-01	  8.9198e-01	  4.8162e+01	  3.8148e-01	
  3.0000e+02	  4.0000e-03	  2.5000e+01	  1.2388e+01	  1.5800e-02	  1.5522e-05	  1.7017e-02	  1.6971e-02	  1.1096e+00	  3.1000e-01	  3.2268e+00	  2.9946e+00	  6.0530e-01	  0.0000e+00	  6.2973e-02	  5.0425e-01	  3.1000e-01	  8.9198e-01	  4.8162e+01	  3.8148e-01	
  4.0000e+02	  0.0000e+00	  2.5000e+01	  7.5801e+00	  7.3000e-03	  9.1500e-05	  1.8398e-04	  9.7671e-07	  0.0000e+00	  0.0000e+00	  0.0000e+00	  0.0000e+00	  0.0000e+00	  0.0000e+00	  0.0000e+00	  0.0000e+00	  0.0000e+00	  0.0000e+00	  0.0000e+00	  0.0000e+00	
  4.0000e+02	  1.0000e-04	  2.5000e+01	  1.1118e+01	  7.7953e-03	  9.3197e-05	  1.1257e-03	  8.8684e-04	  0.0000e+00	  1.3553e-20	  0.0000e+00	  0.0000e+00	  0.0000e+00	  0.0000e+00	  0.0000e+00	  0.0000e+00	  0.0000e+00	  0.0000e+00	  0.0000e+00	  0.0000e+00	
  4.0000e+02	  2.0000e-04	  2.5000e+01	  1.1447e+01	  8.2932e-03	  9.6829e-05	  2.1093e-03	  1.8439e-03	  4.0462e-01	  3.7169e-01	  1.9438e+00	  1.5916e+00	  0.0000e+00	  0.0000e+00	  5.9359e-02	  4.0462e-01	  3.7169e-01	  7.9579e-01	  2.5337e+01	  2.9317e-01	
  4.0000e+02	  3.0000e-04	  2.5000e+01	  1.1629e+01	  8.7622e-03	  7.8152e-05	  3.0178e-03	  2.7977e-03	  4.4859e-01	  3.8088e-01	  2.0714e+00	  1.7220e+00	  0.0000e+00	  0.0000e+00	  6.3552e-02	  4.4859e-01	  3.8088e-01	  8.6102e-01	  2.7129e+01	  3.2121e-01	
  4.0000e+02	  4.0000e-04	  2.5000e+01	  1.1756e+01	  9.2341e-03	  6.5380e-05	  3.9437e-03	  3.7567e-03	  4.3682e-01	  3.5263e-01	  1.9677e+00	  1.6513e+00	  0.0000e+00	  0.0000e+00	  6.0558e-02	  4.3682e-01	  3.5263e-01	  8.2566e-01	  2.5905e+01	  3.1293e-01	
  4.0000e+02	  5.0000e-04	  2.5000e+01	  1.1853e+01	  9.7068e-03	  5.5992e-05	  4.8769e-03	  4.7153e-03	  4.3233e-01	  3.3629e-01	  1.9132e+00	  1.6166e+00	  0.0000e+00	  0.0000e+00	  5.9012e-02	  4.3233e-01	  3.3629e-01	  8.0831e-01	  2.5317e+01	  3.1109e-01	
  4.0000e+02	  6.0000e-04	  2.5000e+01	  1.1931e+01	  1.0179e-02	  4.8755e-05	  5.8129e-03	  5.6713e-03	  4.3370e-01	  3.2743e-01	  1.8926e+00	  1.6081e+00	  0.0000e+00	  0.0000e+00	  5.8480e-02	  4.3370e-01	  3.2743e-01	  8.0407e-01	  2.5172e+01	  3.1390e-01	
  4.0000e+02	  7.0000e-04	  2.5000e+01	  1.1997e+01	  1.0651e-02	  4.2981e-05	  6.7491e-03	  6.6237e-03	  4.3790e-01	  3.2228e-01	  1.8888e+00	  1.6126e+00	  0.0000e+00	  0.0000e+00	  5.8446e-02	  4.3790e-01	  3.2228e-01	  8.0631e-01	  2.5245e+01	  3.1894e-01	
  4.0000e+02	  8.0000e-04	  2.5000e+01	  1.2053e+01	  1.1121e-02	  3.8256e-05	  7.6840e-03	  7.5720e-03	  4.4343e-01	  3.1907e-01	  1.8934e+00	  1.6235e+00	  0.0000e+00	  0.0000e+00	  5.8662e-02	  4.4343e-01	  3.1907e-01	  8.1177e-01	  2.5427e+01	  3.2501e-01	
  4.0000e+02	  9.0000e-04	  2.5000e+01	  1.2102e+01	  1.1590e-02	  3.4311e-05	  8.6169e-03	  8.5162e-03	  4.4960e-01	  3.1695e-01	  1.9024e+00	  1.6378e+00	  0.0000e+00	  0.0000e+00	  5.9009e-02	  4.4960e-01	  3.1695e-01	  8.1892e-01	  2.5667e+01	  3.3153e-01	
  4.0000e+02	  1.0000e-03	  2.5000e+01	  1.2146e+01	  1.2057e-02	  3.0966e-05	  9.5472e-03	  9.4562e-03	  4.5605e-01	  3.1549e-01	  1.9140e+00	  1.6539e+00	  0.0000e+00	  0.0000e+00	  5.9428e-02	  4.5605e-01	  3.1549e-01	  8.2696e-01	  2.5938e+01	  3.3820e-01	
  4.0000e+02	  1.1000e-03	  2.5000e+01	  1.2185e+01	  1.2522e-02	  2.8093e-05	  1.0475e-02	  1.0392e-02	  4.6260e-01	  3.1444e-01	  1.9269e+00	  1.6709e+00	  0.0000e+00	  0.0000e+00	  5.9885e-02	  4.6260e-01	  3.1444e-01	  8.3547e-01	  2.6225e+01	  3.4483e-01	
  4.0000e+02	  1.2000e-03	  2.5000e+01	  1.2221e+01	  1.2986e-02	  2.5600e-05	  1.1400e-02	  1.1324e-02	  4.6915e-01	  3.1366e-01	  1.9407e+00	  1.6884e+00	  0.0000e+00	  0.0000e+00	  6.0363e-02	  4.6915e-01	  3.1366e-01	  8.4419e-01	  2.6520e+01	  3.5130e-01	
  4.0000e+02	  1.3000e-03	  2.5000e+01	  1.2254e+01	  1.3449e-02	  2.3417e-05	  1.2323e-02	  1.2253e-02	  4.7563e-01	  3.1307e-01	  1.9548e+00	  1.7060e+00	  0.0000e+00	  0.0000e+00	  6.0849e-02	  4.7563e-01	  3.1307e-01	  8.5299e-01	  2.6817e+01	  3.5751e-01	
  4.0000e+02	  1.4000e-03	  2.5000e+01	  1.2284e+01	  1.3910e-02	  2.1492e-05	  1.3243e-02	  1.3180e-02	  4.8200e-01	  3.1262e-01	  1.9690e+00	  1.7235e+00	  0.0000e+00	  0.0000e+00	  6.1338e-02	  4.8200e-01	  3.1262e-01	  8.6175e-01	  2.7114e+01	  3.6341e-01	
  4.0000e+02	  1.5000e-03	  2.5000e+01	  1.2312e+01	  1.4370e-02	  1.9783e-05	  1.4162e-02	  1.4104e-02	  4.8825e-01	  3.1226e-01	  1.9832e+00	  1.7408e+00	  0.0000e+00	  0.0000e+00	  6.1823e-02	  4.8825e-01	  3.1226e-01	  8.7042e-01	  2.7408e+01	  3.6893e-01	
  4.0000e+02	  1.6000e-03	  2.5000e+01	  1.2338e+01	  1.4830e-02	  1.8257e-05	  1.5080e-02	  1.5026e-02	  4.9436e-01	  3.1198e-01	  1.9973e+00	  1.7579e+00	  0.0000e+00	  0.0000e+00	  6.2302e-02	  4.9436e-01	  3.1198e-01	  8.7896e-01	  2.7697e+01	  3.7405e-01	
  4.0000e+02	  1.7000e-03	  2.5000e+01	  1.2362e+01	  1.5289e-02	  1.6887e-05	  1.5997e-02	  1.5947e-02	  5.0033e-01	  3.1175e-01	  2.0112e+00	  1.7747e+00	  0.0000e+00	  0.0000e+00	  6.2774e-02	  5.0033e-01	  3.1175e-01	  8.8734e-01	  2.7982e+01	  3.7873e-01	
  4.0000e+02	  1.8000e-03	  2.5000e+01	  1.2388e+01	  1.5800e-02	  1.5522e-05	  1.7017e-02	  1.6971e-02	  7.0719e-01	  3.1109e-01	  2.4256e+00	  2.1925e+00	  2.0117e-01	  0.0000e+00	  6.3193e-02	  5.0602e-01	  3.1109e-01	  8.9510e-01	  3.4899e+01	  3.8282e-01	
  4.0000e+02	  1.9000e-03	  2.5000e+01	  1.2388e+01	  1.5800e-02	  1.5522e-05	  1.7017e-02	  1.6971e-02	  1.0691e+00	  3.1011e-01	  3.1464e+00	  2.9140e+00	  5.6471e-01	  0.0000e+00	  6.2995e-02	  5.0443e-01	  3.1011e-01	  8.9229e-01	  4.6830e+01	  3.8162e-01	
  4.0000e+02	  2.0000e-03	  2.5000e+01	  1.2388e+01	  1.5800e-02	  1.5522e-05	  1.7017e-02	  1.6971e-02	  1.1057e+00	  3.1001e-01	  3.2191e+00	  2.9868e+00	  6.0141e-01	  0.0000e+00	  6.2975e-02	  5.0427e-01	  3.1001e-01	  8.9201e-01	  4.8034e+01	  3.8149e-01	
  4.0000e+02	  2.1000e-03	  2.5000e+01	  1.2388e+01	  1.5800e-02	  1.5522e-05	  1.7017e-02	  1.6971e-02	  1.1093e+00	  3.1000e-01	  3.2264e+00	  2.9941e+00	  6.0509e-01	  0.0000e+00	  6.2973e-02	  5.0426e-01	  3.1000e-01	  8.9198e-01	  4.8155e+01	  3.8148e-01	
  4.0000e+02	  2.2000e-03	  2.5000e+01	  1.2388e+01	  1.5800e-02	  1.5522e-05	  1.7017e-02	  1.6971e-02	  1.1097e+00	  3.1000e-01	  3.2271e+00	  2.9948e+00	  6.0545e-01	  0.0000e+00	  6.2973e-02	  5.0425e-01	  3.1000e-01	  8.9198e-01	  4.8166e+01	  3.8148e-01	
  4.0000e+02	  2.3000e-03	  2.5000e+01	  1.2388e+01	  1.5800e-02	  1.5522e-05	  1.7017e-02	  1.6971e-02	  1.1097e+00	  3.1000e-01	  3.2272e+00	  2.9949e+00	  6.0546e-01	  0.0000e+00	  6.2973e-02	  5.0425e-01	  3.1000e-01	  8.9198e-01	  4.8167e+01	  3.8148e-01	
  4.0000e+02	  2.4000e-03	  2.5000e+01	  1.2388e+01	  1.5800e-02	  1.5522e-05	  1.7017e-02	  1.6971e-02	  1.1097e+00	  3.1000e-01	  3.2271e+00	  2.9949e+00	  6.0545e-01	  0.0000e+00	  6.2973e-02	  5.0425e-01	  3.1000e-01	  8.9198e-01	  4.8166e+01	  3.8148e-01	
  4.0000e+02	  2.5000e-03	  2.5000e+01	  1.2388e+01	  1.5800e-02	  1.5522e-05	  1.7017e-02	  1.6971e-02	  1.1097e+00	  3.1000e-01	  3.2271e+00	  2.9948e+00	  6.0543e-01	  0.0000e+00	  6.2973e-02	  5.0425e-01	  3.1000e-01	  8.9198e-01	  4.8166e+01	  3.8148e-01	
  4.0000e+02	  2.6000e-03	  2.5000e+01	  1.2388e+01	  1.5800e-02	  1.5522e-05	  1.7017e-02	  1.6971e-02	  1.1097e+00	  3.1000e-01	  3.2271e+00	  2.9948e+00	  6.0542e-01	  0.0000e+00	  6.2973e-02	  5.0425e-01	  3.1000e-01	  8.9198e-01	  4.8165e+01	  3.8148e-01	
  4.0000e+02	  2.7000e-03	  2.5000e+01	  1.2388e+01	  1.5800e-02	  1.5522e-05	  1.7017e-02	  1.6971e-02	  1.1097e+00	  3.1000e-01	  3.2270e+00	  2.9948e+00	  6.0540e-01	  0.0000e+00	  6.2973e-02	  5.0425e-01	  3.1000e-01	  8.9198e-01	  4.8165e+01	  3.8148e-01	
  4.0000e+02	  2.8000e-03	  2.5000e+01	  1.2388e+01	  1.5800e-02	  1.5522e-05	  1.7017e-02	  1.6971e-02	  1.1096e+00	  3.1000e-01	  3.2270e+00	  2.9947e+00	  6.0538e-01	  0.0000e+00	  6.2973e-02	  5.0425e-01	  3.1000e-01	  8.9198e-01	  4.8164e+01	  3.8148e-01	
  4.0000e+02	  2.9000e-03	  2.5000e+01	  1.2388e+01	  1.5800e-02	  1.5522e-05	  1.7017e-02	  1.6971e-02	  1.1096e+00	  3.1000e-01	  3.2270e+00	  2.9947e+00	  6.0537e-01	  0.0000e+00	  6.2973e-02	  5.0425e-01	  3.1000e-01	  8.9198e-01	  4.8164e+01	  3.8148e-01	
  4.0000e+02	  3.0000e-03	  2.5000e+01	  1.2388e+01	  1.5800e-02	  1.5522e-05	  1.7017e-02	  1.6971e-02	  1.1096e+00	  3.1000e-01	  3.2269e+00	  2.9947e+00	  6.0536e-01	  0.0000e+00	  6.2973e-02	  5.0425e-01	  3.1000e-01	  8.9198e-01	  4.8163e+01	  3.8148e-01	
  4.0000e+02	  3.1000e-03	  2.5000e+01	  1.2388e+01	  1.5800e-02	  1.5522e-05	  1.7017e-02	  1.6971e-02	  1.1096e+00	  3.1000e-01	  3.2269e+00	  2.9947e+00	  6.0535e-01	  0.0000e+00	  6.2973e-02	  5.0425e-01	  3.1000e-01	  8.9198e-01	  4.8163e+01	  3.8148e-01	
  4.0000e+02	  3.2000e-03	  2.5000e+01	  1.2388e+01	  1.5800e-02	  1.5522e-05	  1.7017e-02	  1.6971e-02	  1.1096e+00	  3.1000e-01	  3.2269e+00	  2.9946e+00	  6.0534e-01	  0.0000e+00	  6.2973e-02	  5.0425e-01	  3.1000e-01	  8.9198e-01	  4.8163e+01	  3.8148e-01	
  4.0000e+02	  3.3000e-03	  2.5000e+01	  1.2388e+01	  1.5800e-02	  1.5522e-05	  1.7017e-02	  1.6971e-02	  1.1096e+00	  3.1000e-01	  3.2269e+00	  2.9946e+00	  6.0533e-01	  0.0000e+00	  6.2973e-02	  5.0425e-01	  3.1000e-01	  8.9198e-01	  4.8162e+01	  3.8148e-01	
  4.0000e+02	  3.4000e-03	  2.5000e+01	  1.2388e+01	  1.5800e-02	  1.5522e-05	  1.7017e-02	  1.6971e-02	  1.1096e+00	  3.1000e-01	  3.2269e+00	  2.9946e+00	  6.0532e-01	  0.0000e+00	  6.2973e-02	  5.0425e-01	  3.1000e-01	  8.9198e-01	  4.8162e+01	  3.8148e-01	
  4.0000e+02	  3.5000e-03	  2.5000e+01	  1.2388e+01	  1.5800e-02	  1.5522e-05	  1.7017e-02	  1.6971e-02	  1.1096e+00	  3.1000e-01	  3.2269e+00	  2.9946e+00	  6.0532e-01	  0.0000e+00	  6.2973e-02	  5.0425e-01	  3.1000e-01	  8.9198e-01	  4.8162e+01	  3.8148e-01	
  4.0000e+02	  3.6000e-03	  2.5000e+01	  1.2388e+01	  1.5800e-02	  1.5522e-05	  1.7017e-02	  1.6971e-02	  1.1096e+00	  3.1000e-01	  3.2268e+00	  2.9946e+00	  6.0531e-01	  0.0000e+00	  6.2973e-02	  5.0425e-01	  3.1000e-01	  8.9198e-01	  4.8162e+01	  3.8148e-01	
  4.0000e+02	  3.7000e-03	  2.5000e+01	  1.2388e+01	  1.5800e-02	  1.5522e-05	  1.7017e-02	  1.6971e-02	  1.1096e+00	  3.1000e-01	  3.2268e+00	  2.9946e+00	  6.0531e-01	  0.0000e+00	  6.2973e-02	  5.0425e-01	  3.1000e-01	  8.9198e-01	  4.8162e+01	  3.8148e-01	
  4.0000e+02	  3.8000e-03	  2.5000e+01	  1.2388e+01	  1.5800e-02	  1.5522e-05	  1.7017e-02	  1.6971e-02	  1.1096e+00	  3.1000e-01	  3.2268e+00	  2.9946e+00	  6.0530e-01	  0.0000e+00	  6.2973e-02	  5.0425e-01	  3.1000e-01	  8.9198e-01	  4.8162e+01	  3.8148e-01	
  4.0000e+02	  3.9000e-03	  2.5000e+01	  1.2388e+01	  1.5800e-02	  1.5522e-05	  1.7017e-02	  1.6971e-02	  1.1096e+00	  3.1000e-01	  3.2268e+00	  2.9946e+00	  6.0530e-01	  0.0000e+00	  6.2973e-02	  5.0425e-01	  3.1000e-01	  8.9198e-01	  4.8162e+01	  3.8148e-01	
  4.0000e+02	  4.0000e-03	  2.5000e+01	  1.2388e+01	  1.5800e-02	  1.5522e-05	  1.7017e-02	  1.6971e-02	  1.1096e+00	  3.1000e-01	  3.2268e+00	  2.9946e+00	  6.0530e-01	  0.0000e+00	  6.2973e-02	  5.0425e-01	  3.1000e-01	  8.9198e-01	  4.8162e+01	  3.8148e-01	
  5.0000e+02	  0.0000e+00	  2.5000e+01	  7.5801e+00	  7.3000e-03	  9.1500e-05	  1.8398e-04	  9.7671e-07	  0.0000e+00	  0.0000e+00	  0.0000e+00	  0.0000e+00	  0.0000e+00	  0.0000e+00	  0.0000e+00	  0.0000e+00	  0.0000e+00	  0.0000e+00	  0.0000e+00	  0.0000e+00	
  5.0000e+02	  1.0000e-04	  2.5000e+01	  1.1063e+01	  7.7455e-03	  9.5692e-05	  1.0326e-03	  7.9053e-04	  0.0000e+00	  1.3553e-20	  0.0000e+00	  0.0000e+00	  0.0000e+00	  0.0000e+00	  0.0000e+00	  0.0000e+00	  0.0000e+00	  0.0000e+00	  0.0000e+00	  0.0000e+00	
  5.0000e+02	  2.0000e-04	  2.5000e+01	  1.1395e+01	  8.1935e-03	  1.0207e-04	  1.9190e-03	  1.6417e-03	  3.3204e-01	  3.1231e-01	  1.6145e+00	  1.3157e+00	  0.0000e+00	  0.0000e+00	  4.9236e-02	  3.3204e-01	  3.1231e-01	  6.5786e-01	  2.1027e+01	  2.4206e-01	
  5.0000e+02	  3.0000e-04	  2.5000e+01	  1.1579e+01	  8.6120e-03	  8.3289e-05	  2.7252e-03	  2.4921e-03	  4.5063e-01	  3.9069e-01	  2.1025e+00	  1.7410e+00	  0.0000e+00	  0.0000e+00	  6.4427e-02	  4.5063e-01	  3.9069e-01	  8.7052e-01	  2.7493e+01	  3.2323e-01	
  5.0000e+02	  4.0000e-04	  2.5000e+01	  1.1707e+01	  9.0340e-03	  7.0273e-05	  3.5503e-03	  3.3504e-03	  4.4089e-01	  3.6281e-01	  2.0047e+00	  1.6764e+00	  0.0000e+00	  0.0000e+00	  6.1624e-02	  4.4089e-01	  3.6281e-01	  8.3819e-01	  2.6334e+01	  3.1555e-01	
  5.0000e+02	  5.0000e-04	  2.5000e+01	  1.1805e+01	  9.4577e-03	  6.0610e-05	  4.3846e-03	  4.2104e-03	  4.3322e-01	  3.4323e-01	  1.9340e+00	  1.6286e+00	  0.0000e+00	  0.0000e+00	  5.9587e-02	  4.3322e-01	  3.4323e-01	  8.1431e-01	  2.5523e+01	  3.1092e-01	
  5.0000e+02	  6.0000e-04	  2.5000e+01	  1.1884e+01	  9.8818e-03	  5.3105e-05	  5.2234e-03	  5.0697e-03	  4.3209e-01	  3.3219e-01	  1.9016e+00	  1.6103e+00	  0.0000e+00	  0.0000e+00	  5.8695e-02	  4.3209e-01	  3.3219e-01	  8.0516e-01	  2.5211e+01	  3.1156e-01	
  5.0000e+02	  7.0000e-04	  2.5000e+01	  1.1950e+01	  1.0306e-02	  4.7082e-05	  6.0643e-03	  5.9273e-03	  4.3451e-01	  3.2569e-01	  1.8899e+00	  1.6080e+00	  0.0000e+00	  0.0000e+00	  5.8419e-02	  4.3451e-01	  3.2569e-01	  8.0399e-01	  2.5169e+01	  3.1501e-01	
  5.0000e+02	  8.0000e-04	  2.5000e+01	  1.2007e+01	  1.0730e-02	  4.2126e-05	  6.9057e-03	  6.7827e-03	  4.3872e-01	  3.2161e-01	  1.8889e+00	  1.6140e+00	  0.0000e+00	  0.0000e+00	  5.8464e-02	  4.3872e-01	  3.2161e-01	  8.0698e-01	  2.5267e+01	  3.1987e-01	
  5.0000e+02	  9.0000e-04	  2.5000e+01	  1.2057e+01	  1.1152e-02	  3.7969e-05	  7.7466e-03	  7.6355e-03	  4.4383e-01	  3.1890e-01	  1.8938e+00	  1.6244e+00	  0.0000e+00	  0.0000e+00	  5.8682e-02	  4.4383e-01	  3.1890e-01	  8.1220e-01	  2.5441e+01	  3.2543e-01	
  5.0000e+02	  1.0000e-03	  2.5000e+01	  1.2101e+01	  1.1575e-02	  3.4428e-05	  8.5867e-03	  8.4857e-03	  4.4941e-01	  3.1702e-01	  1.9022e+00	  1.6374e+00	  0.0000e+00	  0.0000e+00	  5.8999e-02	  4.4941e-01	  3.1702e-01	  8.1870e-01	  2.5659e+01	  3.3133e-01	
  5.0000e+02	  1.1000e-03	  2.5000e+01	  1.2141e+01	  1.1996e-02	  3.1375e-05	  9.4255e-03	  9.3332e-03	  4.5522e-01	  3.1567e-01	  1.9125e+00	  1.6518e+00	  0.0000e+00	  0.0000e+00	  5.9374e-02	  4.5522e-01	  3.1567e-01	  8.2592e-01	  2.5902e+01	  3.3735e-01	
  5.0000e+02	  1.2000e-03	  2.5000e+01	  1.2177e+01	  1.2416e-02	  2.8714e-05	  1.0263e-02	  1.0178e-02	  4.6113e-01	  3.1467e-01	  1.9240e+00	  1.6671e+00	  0.0000e+00	  0.0000e+00	  5.9783e-02	  4.6113e-01	  3.1467e-01	  8.3355e-01	  2.6160e+01	  3.4335e-01	
  5.0000e+02	  1.3000e-03	  2.5000e+01	  1.2210e+01	  1.2835e-02	  2.6375e-05	  1.1099e-02	  1.1021e-02	  4.6706e-01	  3.1391e-01	  1.9363e+00	  1.6828e+00	  0.0000e+00	  0.0000e+00	  6.0211e-02	  4.6706e-01	  3.1391e-01	  8.4140e-01	  2.6425e+01	  3.4924e-01	
  5.0000e+02	  1.4000e-03	  2.5000e+01	  1.2240e+01	  1.3253e-02	  2.4304e-05	  1.1933e-02	  1.1862e-02	  4.7294e-01	  3.1333e-01	  1.9489e+00	  1.6987e+00	  0.0000e+00	  0.0000e+00	  6.0648e-02	  4.7294e-01	  3.1333e-01	  8.4934e-01	  2.6694e+01	  3.5495e-01	
  5.0000e+02	  1.5000e-03	  2.5000e+01	  1.2269e+01	  1.3671e-02	  2.2459e-05	  1.2767e-02	  1.2700e-02	  4.7875e-01	  3.1286e-01	  1.9618e+00	  1.7146e+00	  0.0000e+00	  0.0000e+00	  6.1090e-02	  4.7875e-01	  3.1286e-01	  8.5729e-01	  2.6963e+01	  3.6042e-01	
  5.0000e+02	  1.6000e-03	  2.5000e+01	  1.2295e+01	  1.4088e-02	  2.0806e-05	  1.3599e-02	  1.3538e-02	  4.8448e-01	  3.1249e-01	  1.9747e+00	  1.7304e+00	  0.0000e+00	  0.0000e+00	  6.1531e-02	  4.8448e-01	  3.1249e-01	  8.6519e-01	  2.7230e+01	  3.6562e-01	
  5.0000e+02	  1.7000e-03	  2.5000e+01	  1.2320e+01	  1.4505e-02	  1.9318e-05	  1.4431e-02	  1.4374e-02	  4.9009e-01	  3.1220e-01	  1.9875e+00	  1.7460e+00	  0.0000e+00	  0.0000e+00	  6.1969e-02	  4.9009e-01	  3.1220e-01	  8.7300e-01	  2.7495e+01	  3.7050e-01	
  5.0000e+02	  1.8000e-03	  2.5000e+01	  1.2343e+01	  1.4921e-02	  1.7973e-05	  1.5262e-02	  1.5209e-02	  4.9559e-01	  3.1195e-01	  2.0002e+00	  1.7614e+00	  0.0000e+00	  0.0000e+00	  6.2401e-02	  4.9559e-01	  3.1195e-01	  8.8070e-01	  2.7756e+01	  3.7504e-01	
  5.0000e+02	  1.9000e-03	  2.5000e+01	  1.2365e+01	  1.5337e-02	  1.6752e-05	  1.6093e-02	  1.6044e-02	  5.0097e-01	  3.1175e-01	  2.0127e+00	  1.7765e+00	  0.0000e+00	  0.0000e+00	  6.2827e-02	  5.0097e-01	  3.1175e-01	  8.8826e-01	  2.8013e+01	  3.7922e-01	
  5.0000e+02	  2.0000e-03	  2.5000e+01	  1.2388e+01	  1.5800e-02	  1.5522e-05	  1.7017e-02	  1.6971e-02	  6.1869e-01	  3.1132e-01	  2.2494e+00	  2.0161e+00	  1.1230e-01	  0.0000e+00	  6.3240e-02	  5.0639e-01	  3.1132e-01	  8.9576e-01	  3.1982e+01	  3.8310e-01	
  5.0000e+02	  2.1000e-03	  2.5000e+01	  1.2388e+01	  1.5800e-02	  1.5522e-05	  1.7017e-02	  1.6971e-02	  1.0602e+00	  3.1013e-01	  3.1285e+00	  2.8961e+00	  5.5570e-01	  0.0000e+00	  6.3000e-02	  5.0447e-01	  3.1013e-01	  8.9236e-01	  4.6534e+01	  3.8164e-01	
  5.0000e+02	  2.2000e-03	  2.5000e+01	  1.2388e+01	  1.5800e-02	  1.5522e-05	  1.7017e-02	  1.6971e-02	  1.1047e+00	  3.1001e-01	  3.2172e+00	  2.9849e+00	  6.0046e-01	  0.0000e+00	  6.2975e-02	  5.0428e-01	  3.1001e-01	  8.9202e-01	  4.8003e+01	  3.8150e-01	
  5.0000e+02	  2.3000e-03	  2.5000e+01	  1.2388e+01	  1.5800e-02	  1.5522e-05	  1.7017e-02	  1.6971e-02	  1.1092e+00	  3.1000e-01	  3.2262e+00	  2.9939e+00	  6.0496e-01	  0.0000e+00	  6.2973e-02	  5.0426e-01	  3.1000e-01	  8.9198e-01	  4.8150e+01	  3.8148e-01	
  5.0000e+02	  2.4000e-03	  2.5000e+01	  1.2388e+01	  1.5800e-02	  1.5522e-05	  1.7017e-02	  1.6971e-02	  1.1097e+00	  3.1000e-01	  3.2270e+00	  2.9948e+00	  6.0540e-01	  0.0000e+00	  6.2973e-02	  5.0425e-01	  3.1000e-01	  8.9198e-01	  4.8165e+01	  3.8148e-01	
  5.0000e+02	  2.5000e-03	  2.5000e+01	  1.2388e+01	  1.5800e-02	  1.5522e-05	  1.7017e-02	  1.6971e-02	  1.1097e+00	  3.1000e-01	  3.2271e+00	  2.9948e+00	  6.0543e-01	  0.0000e+00	  6.2973e-02	  5.0425e-01	  3.1000e-01	  8.9198e-01	  4.8166e+01	  3.8148e-01	
  5.0000e+02	  2.6000e-03	  2.5000e+01	  1.2388e+01	  1.5800e-02	  1.5522e-05	  1.7017e-02	  1.6971e-02	  1.1097e+00	  3.1000e-01	  3.2271e+00	  2.9948e+00	  6.0541e-01	  0.0000e+00	  6.2973e-02	  5.0425e-01	  3.1000e-01	  8.9198e-01	  4.8165e+01	  3.8148e-01	
  5.0000e+02	  2.7000e-03	  2.5000e+01	  1.2388e+01	  1.5800e-02	  1.5522e-05	  1.7017e-02	  1.6971e-02	  1.1097e+00	  3.1000e-01	  3.2270e+00	  2.9948e+00	  6.0540e-01	  0.0000e+00	  6.2973e-02	  5.0425e-01	  3.1000e-01	  8.9198e-01	  4.8165e+01	  3.8148e-01	
  5.0000e+02	  2.8000e-03	  2.5000e+01	  1.2388e+01	  1.5800e-02	  1.5522e-05	  1.7017e-02	  1.6971e-02	  1.1096e+00	  3.1000e-01	  3.2270e+00	  2.9947e+00	  6.0538e-01	  0.0000e+00	  6.2973e-02	  5.0425e-01	  3.1000e-01	  8.9198e-01	  4.8164e+01	  3.8148e-01	
  5.0000e+02	  2.9000e-03	  2.5000e+01	  1.2388e+01	  1.5800e-02	  1.5522e-05	  1.7017e-02	  1.6971e-02	  1.1096e+00	  3.1000e-01	  3.2270e+00	  2.9947e+00	  6.0537e-01	  0.0000e+00	  6.2973e-02	  5.0425e-01	  3.1000e-01	  8.9198e-01	  4.8164e+01	  3.8148e-01	
  5.0000e+02	  3.0000e-03	  2.5000e+01	  1.2388e+01	  1.5800e-02	  1.5522e-05	  1.7017e-02	  1.6971e-02	  1.1096e+00	  3.1000e-01	  3.2269e+00	  2.9947e+00	  6.0536e-01	  0.0000e+00	  6.2973e-02	  5.0425e-01	  3.1000e-01	  8.9198e-01	  4.8163e+01	  3.8148e-01	
  5.0000e+02	  3.1000e-03	  2.5000e+01	  1.2388e+01	  1.5800e-02	  1.5522e-05	  1.7017e-02	  1.6971e-02	  1.1096e+00	  3.1000e-01	  3.2269e+00	  2.9947e+00	  6.0535e-01	  0.0000e+00	  6.2973e-02	  5.0425e-01	  3.1000e-01	  8.9198e-01	  4.8163e+01	  3.8148e-01	
  5.0000e+02	  3.2000e-03	  2.5000e+01	  1.2388e+01	  1.5800e-02	  1.5522e-05	  1.7017e-02	  1.6971e-02	  1.1096e+00	  3.1000e-01	  3.2269e+00	  2.9946e+00	  6.0534e-01	  0.0000e+00	  6.2973e-02	  5.0425e-01	  3.1000e-01	  8.9198e-01	  4.8163e+01	  3.8148e-01	
  5.0000e+02	  3.3000e-03	  2.5000e+01	  1.2388e+01	  1.5800e-02	  1.5522e-05	  1.7017e-02	  1.6971e-02	  1.1096e+00	  3.1000e-01	  3.2269e+00	  2.9946e+00	  6.0533e-01	  0.0000e+00	  6.2973e-02	  5.0425e-01	  3.1000e-01	  8.9198e-01	  4.8162e+01	  3.8148e-01	
  5.0000e+02	  3.4000e-03	  2.5000e+01	  1.2388e+01	  1.5800e-02	  1.5522e-05	  1.7017e-02	  1.6971e-02	  1.1096e+00	  3.1000e-01	  3.2269e+00	  2.9946e+00	  6.0532e-01	  0.0000e+00	  6.2973e-02	  5.0425e-01	  3.1000e-01	  8.9198e-01	  4.8162e+01	  3.8148e-01	
  5.0000e+02	  3.5000e-03	  2.5000e+01	  1.2388e+01	  1.5800e-02	  1.5522e-05	  1.7017e-02	  1.6971e-02	  1.1096e+00	  3.1000e-01	  3.2269e+00	  2.9946e+00	  6.0532e-01	  0.0000e+00	  6.2973e-02	  5.0425e-01	  3.1000e-01	  8.9198e-01	  4.8162e+01	  3.8148e-01	
  5.0000e+02	  3.6000e-03	  2.5000e+01	  1.2388e+01	  1.5800e-02	  1.5522e-05	  1.7017e-02	  1.6971e-02	  1.1096e+00	  3.1000e-01	  3.2268e+00	  2.9946e+00	  6.0531e-01	  0.0000e+00	  6.2973e-02	  5.0425e-01	  3.1000e-01	  8.9198e-01	  4.8162e+01	  3.8148e-01	
  5.0000e+02	  3.7000e-03	  2.5000e+01	  1.2388e+01	  1.5800e-02	  1.5522e-05	  1.7017e-02	  1.6971e-02	  1.1096e+00	  3.1000e-01	  3.2268e+00	  2.9946e+00	  6.0531e-01	  0.0000e+00	  6.2973e-02	  5.0425e-01	  3.1000e-01	  8.9198e-01	  4.8162e+01	  3.8148e-01	
  5.0000e+02	  3.8000e-03	  2.5000e+01	  1.2388e+01	  1.5800e-02	  1.5522e-05	  1.7017e-02	  1.6971e-02	  1.1096e+00	  3.1000e-01	  3.2268e+00	  2.9946e+00	  6.0530e-01	  0.0000e+00	  6.2973e-02	  5.0425e-01	  3.1000e-01	  8.9198e-01	  4.8162e+01	  3.8148e-01	
  5.0000e+02	  3.9000e-03	  2.5000e+01	  1.2388e+01	  1.5800e-02	  1.5522e-05	  1.7017e-02	  1.6971e-02	  1.1096e+00	  3.1000e-01	  3.2268e+00	  2.9946e+00	  6.0530e-01	  0.0000e+00	  6.2973e-02	  5.0425e-01	  3.1000e-01	  8.9198e-01	  4.8162e+01	  3.8148e-01	
  5.0000e+02	  4.0000e-03	  2.5000e+01	  1.2388e+01	  1.5800e-02	  1.5522e-05	  1.7017e-02	  1.6971e-02	  1.1096e+00	  3.1000e-01	  3.2268e+00	  2.9946e+00	  6.0530e-01	  0.0000e+00	  6.2973e-02	  5.0425e-01	  3.1000e-01	  8.9198e-01	  4.8162e+01	  3.8148e-01	
  6.0000e+02	  0.0000e+00	  2.5000e+01	  7.5801e+00	  7.3000e-03	  9.1500e-05	  1.8398e-04	  9.7671e-07	  0.0000e+00	  0.0000e+00	  0.0000e+00	  0.0000e+00	  0.0000e+00	  0.0000e+00	  0.0000e+00	  0.0000e+00	  0.0000e+00	  0.0000e+00	  0.0000e+00	  0.0000e+00	
  6.0000e+02	  1.0000e-04	  2.5000e+01	  1.1019e+01	  7.7090e-03	  9.7714e-05	  9.6533e-04	  7.2080e-04	  8.6736e-19	 -1.3553e-20	  0.0000e+00	  0.0000e+00	  0.0000e+00	  0.0000e+00	  0.0000e+00	  0.0000e+00	  0.0000e+00	  0.0000e+00	  0.0000e+00	  0.0000e+00	
  6.0000e+02	  2.0000e-04	  2.5000e+01	  1.1353e+01	  8.1207e-03	  1.0632e-04	  1.7811e-03	  1.4946e-03	  2.5689e-01	  2.4641e-01	  1.2618e+00	  1.0241e+00	  0.0000e+00	  0.0000e+00	  3.8436e-02	  2.5689e-01	  2.4641e-01	  5.1207e-01	  1.6423e+01	  1.8835e-01	
  6.0000e+02	  3.0000e-04	  2.5000e+01	  1.1538e+01	  8.5019e-03	  8.7504e-05	  2.5115e-03	  2.2681e-03	  4.5279e-01	  3.9951e-01	  2.1313e+00	  1.7589e+00	  0.0000e+00	  0.0000e+00	  6.5239e-02	  4.5279e-01	  3.9951e-01	  8.7946e-01	  2.7838e+01	  3.2551e-01	
  6.0000e+02	  4.0000e-04	  2.5000e+01	  1.1667e+01	  8.8865e-03	  7.4348e-05	  3.2610e-03	  3.0505e-03	  4.4580e-01	  3.7280e-01	  2.0431e+00	  1.7034e+00	  0.0000e+00	  0.0000e+00	  6.2743e-02	  4.4580e-01	  3.7280e-01	  8.5169e-01	  2.6795e+01	  3.1904e-01	
  6.0000e+02	  5.0000e-04	  2.5000e+01	  1.1765e+01	  9.2728e-03	  6.4505e-05	  4.0199e-03	  3.8353e-03	  4.3525e-01	  3.5015e-01	  1.9574e+00	  1.6437e+00	  0.0000e+00	  0.0000e+00	  6.0252e-02	  4.3525e-01	  3.5015e-01	  8.2184e-01	  2.5779e+01	  3.1189e-01	
  6.0000e+02	  6.0000e-04	  2.5000e+01	  1.1844e+01	  9.6596e-03	  5.6817e-05	  4.7837e-03	  4.6198e-03	  4.3179e-01	  3.3698e-01	  1.9138e+00	  1.6161e+00	  0.0000e+00	  0.0000e+00	  5.9018e-02	  4.3179e-01	  3.3698e-01	  8.0807e-01	  2.5312e+01	  3.1054e-01	
  6.0000e+02	  7.0000e-04	  2.5000e+01	  1.1911e+01	  1.0046e-02	  5.0618e-05	  5.5497e-03	  5.4029e-03	  4.3256e-01	  3.2914e-01	  1.8945e+00	  1.6074e+00	  0.0000e+00	  0.0000e+00	  5.8512e-02	  4.3256e-01	  3.2914e-01	  8.0370e-01	  2.5162e+01	  3.1254e-01	
  6.0000e+02	  8.0000e-04	  2.5000e+01	  1.1968e+01	  1.0433e-02	  4.5499e-05	  6.3163e-03	  6.1839e-03	  4.3552e-01	  3.2419e-01	  1.8883e+00	  1.6087e+00	  0.0000e+00	  0.0000e+00	  5.8392e-02	  4.3552e-01	  3.2419e-01	  8.0436e-01	  2.5181e+01	  3.1628e-01	
  6.0000e+02	  9.0000e-04	  2.5000e+01	  1.2018e+01	  1.0819e-02	  4.1191e-05	  7.0828e-03	  6.9624e-03	  4.3966e-01	  3.2089e-01	  1.8892e+00	  1.6156e+00	  0.0000e+00	  0.0000e+00	  5.8488e-02	  4.3966e-01	  3.2089e-01	  8.0779e-01	  2.5294e+01	  3.2094e-01	
  6.0000e+02	  1.0000e-03	  2.5000e+01	  1.2062e+01	  1.1204e-02	  3.7511e-05	  7.8484e-03	  7.7385e-03	  4.4443e-01	  3.1860e-01	  1.8944e+00	  1.6257e+00	  0.0000e+00	  0.0000e+00	  5.8708e-02	  4.4443e-01	  3.1860e-01	  8.1283e-01	  2.5463e+01	  3.2609e-01	
  6.0000e+02	  1.1000e-03	  2.5000e+01	  1.2102e+01	  1.1588e-02	  3.4327e-05	  8.6127e-03	  8.5119e-03	  4.4954e-01	  3.1694e-01	  1.9022e+00	  1.6377e+00	  0.0000e+00	  0.0000e+00	  5.9004e-02	  4.4954e-01	  3.1694e-01	  8.1883e-01	  2.5664e+01	  3.3148e-01	
  6.0000e+02	  1.2000e-03	  2.5000e+01	  1.2138e+01	  1.1971e-02	  3.1545e-05	  9.3755e-03	  9.2827e-03	  4.5483e-01	  3.1571e-01	  1.9117e+00	  1.6508e+00	  0.0000e+00	  0.0000e+00	  5.9345e-02	  4.5483e-01	  3.1571e-01	  8.2540e-01	  2.5885e+01	  3.3696e-01	
  6.0000e+02	  1.3000e-03	  2.5000e+01	  1.2172e+01	  1.2352e-02	  2.9093e-05	  1.0137e-02	  1.0051e-02	  4.6020e-01	  3.1478e-01	  1.9221e+00	  1.6646e+00	  0.0000e+00	  0.0000e+00	  5.9715e-02	  4.6020e-01	  3.1478e-01	  8.3232e-01	  2.6118e+01	  3.4242e-01	
  6.0000e+02	  1.4000e-03	  2.5000e+01	  1.2202e+01	  1.2733e-02	  2.6916e-05	  1.0896e-02	  1.0817e-02	  4.6559e-01	  3.1406e-01	  1.9331e+00	  1.6789e+00	  0.0000e+00	  0.0000e+00	  6.0101e-02	  4.6559e-01	  3.1406e-01	  8.3943e-01	  2.6358e+01	  3.4780e-01	
  6.0000e+02	  1.5000e-03	  2.5000e+01	  1.2230e+01	  1.3114e-02	  2.4970e-05	  1.1654e-02	  1.1581e-02	  4.7095e-01	  3.1349e-01	  1.9445e+00	  1.6933e+00	  0.0000e+00	  0.0000e+00	  6.0497e-02	  4.7095e-01	  3.1349e-01	  8.4663e-01	  2.6602e+01	  3.5304e-01	
  6.0000e+02	  1.6000e-03	  2.5000e+01	  1.2257e+01	  1.3493e-02	  2.3222e-05	  1.2411e-02	  1.2342e-02	  4.7625e-01	  3.1303e-01	  1.9562e+00	  1.7077e+00	  0.0000e+00	  0.0000e+00	  6.0898e-02	  4.7625e-01	  3.1303e-01	  8.5385e-01	  2.6846e+01	  3.5810e-01	
  6.0000e+02	  1.7000e-03	  2.5000e+01	  1.2281e+01	  1.3871e-02	  2.1644e-05	  1.3166e-02	  1.3102e-02	  4.8149e-01	  3.1266e-01	  1.9678e+00	  1.7221e+00	  0.0000e+00	  0.0000e+00	  6.1298e-02	  4.8149e-01	  3.1266e-01	  8.6104e-01	  2.7090e+01	  3.6293e-01	
  6.0000e+02	  1.8000e-03	  2.5000e+01	  1.2305e+01	  1.4249e-02	  2.0213e-05	  1.3920e-02	  1.3861e-02	  4.8663e-01	  3.1236e-01	  1.9795e+00	  1.7364e+00	  0.0000e+00	  0.0000e+00	  6.1697e-02	  4.8663e-01	  3.1236e-01	  8.6818e-01	  2.7332e+01	  3.6752e-01	
  6.0000e+02	  1.9000e-03	  2.5000e+01	  1.2327e+01	  1.4627e-02	  1.8911e-05	  1.4674e-02	  1.4618e-02	  4.9169e-01	  3.1211e-01	  1.9911e+00	  1.7504e+00	  0.0000e+00	  0.0000e+00	  6.2093e-02	  4.9169e-01	  3.1211e-01	  8.7522e-01	  2.7571e+01	  3.7185e-01	
  6.0000e+02	  2.0000e-03	  2.5000e+01	  1.2347e+01	  1.5004e-02	  1.7721e-05	  1.5427e-02	  1.5374e-02	  4.9665e-01	  3.1190e-01	  2.0026e+00	  1.7643e+00	  0.0000e+00	  0.0000e+00	  6.2483e-02	  4.9665e-01	  3.1190e-01	  8.8217e-01	  2.7806e+01	  3.7588e-01	
  6.0000e+02	  2.1000e-03	  2.5000e+01	  1.2367e+01	  1.5381e-02	  1.6631e-05	  1.6180e-02	  1.6131e-02	  5.0151e-01	  3.1172e-01	  2.0140e+00	  1.7780e+00	  0.0000e+00	  0.0000e+00	  6.2869e-02	  5.0151e-01	  3.1172e-01	  8.8901e-01	  2.8039e+01	  3.7962e-01	
  6.0000e+02	  2.2000e-03	  2.5000e+01	  1.2388e+01	  1.5800e-02	  1.5522e-05	  1.7017e-02	  1.6971e-02	  6.4893e-01	  3.1123e-01	  2.3096e+00	  2.0764e+00	  1.4268e-01	  0.0000e+00	  6.3222e-02	  5.0625e-01	  3.1123e-01	  8.9551e-01	  3.2979e+01	  3.8299e-01	
  6.0000e+02	  2.3000e-03	  2.5000e+01	  1.2388e+01	  1.5800e-02	  1.5522e-05	  1.7017e-02	  1.6971e-02	  1.0632e+00	  3.1012e-01	  3.1345e+00	  2.9021e+00	  5.5873e-01	  0.0000e+00	  6.2998e-02	  5.0446e-01	  3.1012e-01	  8.9233e-01	  4.6633e+01	  3.8163e-01	
  6.0000e+02	  2.4000e-03	  2.5000e+01	  1.2388e+01	  1.5800e-02	  1.5522e-05	  1.7017e-02	  1.6971e-02	  1.1050e+00	  3.1001e-01	  3.2178e+00	  2.9855e+00	  6.0073e-01	  0.0000e+00	  6.2975e-02	  5.0427e-01	  3.1001e-01	  8.9201e-01	  4.8011e+01	  3.8150e-01	
  6.0000e+02	  2.5000e-03	  2.5000e+01	  1.2388e+01	  1.5800e-02	  1.5522e-05	  1.7017e-02	  1.6971e-02	  1.1092e+00	  3.1000e-01	  3.2261e+00	  2.9939e+00	  6.0495e-01	  0.0000e+00	  6.2973e-02	  5.0426e-01	  3.1000e-01	  8.9198e-01	  4.8150e+01	  3.8148e-01	
  6.0000e+02	  2.6000e-03	  2.5000e+01	  1.2388e+01	  1.5800e-02	  1.5522e-05	  1.7017e-02	  1.6971e-02	  1.1096e+00	  3.1000e-01	  3.2270e+00	  2.9947e+00	  6.0537e-01	  0.0000e+00	  6.2973e-02	  5.0425e-01	  3.1000e-01	  8.9198e-01	  4.8164e+01	  3.8148e-01	
  6.0000e+02	  2.7000e-03	  2.5000e+01	  1.2388e+01	  1.5800e-02	  1.5522e-05	  1.7017e-02	  1.6971e-02	  1.1096e+00	  3.1000e-01	  3.2270e+00	  2.9947e+00	  6.0539e-01	  0.0000e+00	  6.2973e-02	  5.0425e-01	  3.1000e-01	  8.9198e-01	  4.8165e+01	  3.8148e-01	
  6.0000e+02	  2.8000e-03	  2.5000e+01	  1.2388e+01	  1.5800e-02	  1.5522e-05	  1.7017e-02	  1.6971e-02	  1.1096e+00	  3.1000e-01	  3.2270e+00	  2.9947e+00	  6.0538e-01	  0.0000e+00	  6.2973e-02	  5.0425e-01	  3.1000e-01	  8.9198e-01	  4.8164e+01	  3.8148e-01	
  6.0000e+02	  2.9000e-03	  2.5000e+01	  1.2388e+01	  1.5800e-02	  1.5522e-05	  1.7017e-02	  1.6971e-02	  1.1096e+00	  3.1000e-01	  3.2270e+00	  2.9947e+00	  6.0537e-01	  0.0000e+00	  6.2973e-02	  5.0425e-01	  3.1000e-01	  8.9198e-01	  4.8164e+01	  3.8148e-01	
  6.0000e+02	  3.0000e-03	  2.5000e+01	  1.2388e+01	  1.5800e-02	  1.5522e-05	  1.7017e-02	  1.6971e-02	  1.1096e+00	  3.1000e-01	  3.2269e+00	  2.9947e+00	  6.0536e-01	  0.0000e+00	  6.2973e-02	  5.0425e-01	  3.1000e-01	  8.9198e-01	  4.8163e+01	  3.8148e-01	
  6.0000e+02	  3.1000e-03	  2.5000e+01	  1.2388e+01	  1.5800e-02	  1.5522e-05	  1.7017e-02	  1.6971e-02	  1.1096e+00	  3.1000e-01	  3.2269e+00	  2.9947e+00	  6.0535e-01	  0.0000e+00	  6.2973e-02	  5.0425e-01	  3.1000e-01	  8.9198e-01	  4.8163e+01	  3.8148e-01	
  6.0000e+02	  3.2000e-03	  2.5000e+01	  1.2388e+01	  1.5800e-02	  1.5522e-05	  1.7017e-02	  1.6971e-02	  1.1096e+00	  3.1000e-01	  3.2269e+00	  2.9946e+00	  6.0534e-01	  0.0000e+00	  6.2973e-02	  5.0425e-01	  3.1000e-01	  8.9198e-01	  4.8163e+01	  3.8148e-01	
  6.0000e+02	  3.3000e-03	  2.5000e+01	  1.2388e+01	  1.5800e-02	  1.5522e-05	  1.7017e-02	  1.6971e-02	  1.1096e+00	  3.1000e-01	  3.2269e+00	  2.9946e+00	  6.0533e-01	  0.0000e+00	  6.2973e-02	  5.0425e-01	  3.1000e-01	  8.9198e-01	  4.8162e+01	  3.8148e-01	
  6.0000e+02	  3.4000e-03	  2.5000e+01	  1.2388e+01	  1.5800e-02	  1.5522e-05	  1.7017e-02	  1.6971e-02	  1.1096e+00	  3.1000e-01	  3.2269e+00	  2.9946e+00	  6.0532e-01	  0.0000e+00	  6.2973e-02	  5.0425e-01	  3.1000e-01	  8.9198e-01	  4.8162e+01	  3.8148e-01	
  6.0000e+02	  3.5000e-03	  2.5000e+01	  1.2388e+01	  1.5800e-02	  1.5522e-05	  1.7017e-02	  1.6971e-02	  1.1096e+00	  3.1000e-01	  3.2269e+00	  2.9946e+00	  6.0532e-01	  0.0000e+00	  6.2973e-02	  5.0425e-01	  3.1000e-01	  8.9198e-01	  4.8162e+01	  3.8148e-01	
  6.0000e+02	  3.6000e-03	  2.5000e+01	  1.2388e+01	  1.5800e-02	  1.5522e-05	  1.7017e-02	  1.6971e-02	  1.1096e+00	  3.1000e-01	  3.2268e+00	  2.9946e+00	  6.0531e-01	  0.0000e+00	  6.2973e-02	  5.0425e-01	  3.1000e-01	  8.9198e-01	  4.8162e+01	  3.8148e-01	
  6.0000e+02	  3.7000e-03	  2.5000e+01	  1.2388e+01	  1.5800e-02	  1.5522e-05	  1.7017e-02	  1.6971e-02	  1.1096e+00	  3.1000e-01	  3.2268e+00	  2.9946e+00	  6.0531e-01	  0.0000e+00	  6.2973e-02	  5.0425e-01	  3.1000e-01	  8.9198e-01	  4.8162e+01	  3.8148e-01	
  6.0000e+02	  3.8000e-03	  2.5000e+01	  1.2388e+01	  1.5800e-02	  1.5522e-05	  1.7017e-02	  1.6971e-02	  1.1096e+00	  3.1000e-01	  3.2268e+00	  2.9946e+00	  6.0530e-01	  0.0000e+00	  6.2973e-02	  5.0425e-01	  3.1000e-01	  8.9198e-01	  4.8162e+01	  3.8148e-01	
  6.0000e+02	  3.9000e-03	  2.5000e+01	  1.2388e+01	  1.5800e-02	  1.5522e-05	  1.7017e-02	  1.6971e-02	  1.1096e+00	  3.1000e-01	  3.2268e+00	  2.9946e+00	  6.0530e-01	  0.0000e+00	  6.2973e-02	  5.0425e-01	  3.1000e-01	  8.9198e-01	  4.8162e+01	  3.8148e-01	
  6.0000e+02	  4.0000e-03	  2.5000e+01	  1.2388e+01	  1.5800e-02	  1.5522e-05	  1.7017e-02	  1.6971e-02	  1.1096e+00	  3.1000e-01	  3.2268e+00	  2.9946e+00	  6.0530e-01	  0.0000e+00	  6.2973e-02	  5.0425e-01	  3.1000e-01	  8.9198e-01	  4.8162e+01	  3.8148e-01	
  7.0000e+02	  0.0000e+00	  2.5000e+01	  7.5801e+00	  7.3000e-03	  9.1500e-05	  1.8398e-04	  9.7671e-07	  0.0000e+00	  1.3553e-20	  0.0000e+00	  0.0000e+00	  0.0000e+00	  0.0000e+00	  0.0000e+00	  0.0000e+00	  0.0000e+00	  0.0000e+00	  0.0000e+00	  0.0000e+00	
  7.0000e+02	  1.0000e-04	  2.5000e+01	  1.0981e+01	  7.6810e-03	  9.9403e-05	  9.1421e-04	  6.6772e-04	  0.0000e+00	  1.3553e-20	  0.0000e+00	  0.0000e+00	  0.0000e+00	  0.0000e+00	  0.0000e+00	  0.0000e+00	  0.0000e+00	  0.0000e+00	  0.0000e+00	  0.0000e+00	
  7.0000e+02	  2.0000e-04	  2.5000e+01	  1.1318e+01	  8.0648e-03	  1.0986e-04	  1.6760e-03	  1.3820e-03	  1.7959e-01	  1.7515e-01	  8.8971e-01	  7.1966e-01	  0.0000e+00	  0.0000e+00	  2.7077e-02	  1.7959e-01	  1.7515e-01	  3.5983e-01	  1.1576e+01	  1.3238e-01	
  7.0000e+02	  3.0000e-04	  2.5000e+01	  1.1504e+01	  8.4175e-03	  9.1042e-05	  2.3483e-03	  2.0964e-03	  4.5496e-01	  4.0751e-01	  2.1578e+00	  1.7756e+00	  0.0000e+00	  0.0000e+00	  6.5992e-02	  4.5496e-01	  4.0751e-01	  8.8780e-01	  2.8160e+01	  3.2790e-01	
  7.0000e+02	  4.0000e-04	  2.5000e+01	  1.1633e+01	  8.7736e-03	  7.7789e-05	  3.0400e-03	  2.8208e-03	  4.5128e-01	  3.8260e-01	  2.0823e+00	  1.7316e+00	  0.0000e+00	  0.0000e+00	  6.3892e-02	  4.5128e-01	  3.8260e-01	  8.6579e-01	  2.7275e+01	  3.2311e-01	
  7.0000e+02	  5.0000e-04	  2.5000e+01	  1.1732e+01	  9.1313e-03	  6.7812e-05	  3.7414e-03	  3.5479e-03	  4.3809e-01	  3.5704e-01	  1.9826e+00	  1.6609e+00	  0.0000e+00	  0.0000e+00	  6.0980e-02	  4.3809e-01	  3.5704e-01	  8.3044e-01	  2.6071e+01	  3.1366e-01	
  7.0000e+02	  6.0000e-04	  2.5000e+01	  1.1811e+01	  9.4895e-03	  5.9982e-05	  4.4475e-03	  4.2750e-03	  4.3247e-01	  3.4179e-01	  1.9284e+00	  1.6246e+00	  0.0000e+00	  0.0000e+00	  5.9422e-02	  4.3247e-01	  3.4179e-01	  8.1231e-01	  2.5457e+01	  3.1048e-01	
  7.0000e+02	  7.0000e-04	  2.5000e+01	  1.1878e+01	  9.8477e-03	  5.3648e-05	  5.1558e-03	  5.0006e-03	  4.3170e-01	  3.3262e-01	  1.9019e+00	  1.6099e+00	  0.0000e+00	  0.0000e+00	  5.8695e-02	  4.3170e-01	  3.3262e-01	  8.0494e-01	  2.5205e+01	  3.1115e-01	
  7.0000e+02	  8.0000e-04	  2.5000e+01	  1.1935e+01	  1.0205e-02	  4.8403e-05	  5.8645e-03	  5.7239e-03	  4.3353e-01	  3.2680e-01	  1.8905e+00	  1.6068e+00	  0.0000e+00	  0.0000e+00	  5.8421e-02	  4.3353e-01	  3.2680e-01	  8.0342e-01	  2.5151e+01	  3.1388e-01	
  7.0000e+02	  9.0000e-04	  2.5000e+01	  1.1985e+01	  1.0562e-02	  4.3979e-05	  6.5726e-03	  6.4444e-03	  4.3676e-01	  3.2291e-01	  1.8878e+00	  1.6104e+00	  0.0000e+00	  0.0000e+00	  5.8400e-02	  4.3676e-01	  3.2291e-01	  8.0519e-01	  2.5208e+01	  3.1773e-01	
  7.0000e+02	  1.0000e-03	  2.5000e+01	  1.2030e+01	  1.0918e-02	  4.0193e-05	  7.2793e-03	  7.1618e-03	  4.4080e-01	  3.2020e-01	  1.8901e+00	  1.6178e+00	  0.0000e+00	  0.0000e+00	  5.8530e-02	  4.4080e-01	  3.2020e-01	  8.0889e-01	  2.5331e+01	  3.2220e-01	
  7.0000e+02	  1.1000e-03	  2.5000e+01	  1.2070e+01	  1.1272e-02	  3.6913e-05	  7.9841e-03	  7.8760e-03	  4.4528e-01	  3.1823e-01	  1.8955e+00	  1.6275e+00	  0.0000e+00	  0.0000e+00	  5.8751e-02	  4.4528e-01	  3.1823e-01	  8.1376e-01	  2.5494e+01	  3.2701e-01	
  7.0000e+02	  1.2000e-03	  2.5000e+01	  1.2106e+01	  1.1625e-02	  3.4042e-05	  8.6866e-03	  8.5867e-03	  4.5001e-01	  3.1678e-01	  1.9029e+00	  1.6387e+00	  0.0000e+00	  0.0000e+00	  5.9030e-02	  4.5001e-01	  3.1678e-01	  8.1937e-01	  2.5682e+01	  3.3198e-01	
  7.0000e+02	  1.3000e-03	  2.5000e+01	  1.2139e+01	  1.1976e-02	  3.1507e-05	  9.3865e-03	  9.2939e-03	  4.5487e-01	  3.1567e-01	  1.9116e+00	  1.6508e+00	  0.0000e+00	  0.0000e+00	  5.9345e-02	  4.5487e-01	  3.1567e-01	  8.2542e-01	  2.5886e+01	  3.3701e-01	
  7.0000e+02	  1.4000e-03	  2.5000e+01	  1.2169e+01	  1.2326e-02	  2.9254e-05	  1.0084e-02	  9.9977e-03	  4.5978e-01	  3.1481e-01	  1.9211e+00	  1.6635e+00	  0.0000e+00	  0.0000e+00	  5.9683e-02	  4.5978e-01	  3.1481e-01	  8.3175e-01	  2.6099e+01	  3.4201e-01	
  7.0000e+02	  1.5000e-03	  2.5000e+01	  1.2198e+01	  1.2674e-02	  2.7238e-05	  1.0778e-02	  1.0698e-02	  4.6471e-01	  3.1413e-01	  1.9312e+00	  1.6765e+00	  0.0000e+00	  0.0000e+00	  6.0035e-02	  4.6471e-01	  3.1413e-01	  8.3823e-01	  2.6318e+01	  3.4694e-01	
  7.0000e+02	  1.6000e-03	  2.5000e+01	  1.2224e+01	  1.3021e-02	  2.5423e-05	  1.1470e-02	  1.1395e-02	  4.6960e-01	  3.1358e-01	  1.9416e+00	  1.6896e+00	  0.0000e+00	  0.0000e+00	  6.0394e-02	  4.6960e-01	  3.1358e-01	  8.4479e-01	  2.6540e+01	  3.5175e-01	
  7.0000e+02	  1.7000e-03	  2.5000e+01	  1.2248e+01	  1.3367e-02	  2.3783e-05	  1.2160e-02	  1.2090e-02	  4.7445e-01	  3.1314e-01	  1.9521e+00	  1.7027e+00	  0.0000e+00	  0.0000e+00	  6.0758e-02	  4.7445e-01	  3.1314e-01	  8.5136e-01	  2.6762e+01	  3.5640e-01	
  7.0000e+02	  1.8000e-03	  2.5000e+01	  1.2271e+01	  1.3711e-02	  2.2292e-05	  1.2847e-02	  1.2781e-02	  4.7923e-01	  3.1277e-01	  1.9627e+00	  1.7158e+00	  0.0000e+00	  0.0000e+00	  6.1123e-02	  4.7923e-01	  3.1277e-01	  8.5792e-01	  2.6984e+01	  3.6088e-01	
  7.0000e+02	  1.9000e-03	  2.5000e+01	  1.2293e+01	  1.4055e-02	  2.0933e-05	  1.3532e-02	  1.3470e-02	  4.8395e-01	  3.1247e-01	  1.9733e+00	  1.7288e+00	  0.0000e+00	  0.0000e+00	  6.1486e-02	  4.8395e-01	  3.1247e-01	  8.6442e-01	  2.7205e+01	  3.6516e-01	
  7.0000e+02	  2.0000e-03	  2.5000e+01	  1.2313e+01	  1.4397e-02	  1.9689e-05	  1.4216e-02	  1.4158e-02	  4.8858e-01	  3.1222e-01	  1.9839e+00	  1.7417e+00	  0.0000e+00	  0.0000e+00	  6.1847e-02	  4.8858e-01	  3.1222e-01	  8.7086e-01	  2.7423e+01	  3.6921e-01	
  7.0000e+02	  2.1000e-03	  2.5000e+01	  1.2333e+01	  1.4739e-02	  1.8546e-05	  1.4898e-02	  1.4843e-02	  4.9313e-01	  3.1201e-01	  1.9944e+00	  1.7544e+00	  0.0000e+00	  0.0000e+00	  6.2203e-02	  4.9313e-01	  3.1201e-01	  8.7722e-01	  2.7638e+01	  3.7304e-01	
  7.0000e+02	  2.2000e-03	  2.5000e+01	  1.2351e+01	  1.5080e-02	  1.7493e-05	  1.5579e-02	  1.5527e-02	  4.9759e-01	  3.1183e-01	  2.0047e+00	  1.7670e+00	  0.0000e+00	  0.0000e+00	  6.2556e-02	  4.9759e-01	  3.1183e-01	  8.8348e-01	  2.7851e+01	  3.7662e-01	
  7.0000e+02	  2.3000e-03	  2.5000e+01	  1.2369e+01	  1.5421e-02	  1.6520e-05	  1.6260e-02	  1.6211e-02	  5.0198e-01	  3.1168e-01	  2.0150e+00	  1.7793e+00	  0.0000e+00	  0.0000e+00	  6.2904e-02	  5.0198e-01	  3.1168e-01	  8.8965e-01	  2.8061e+01	  3.7996e-01	
  7.0000e+02	  2.4000e-03	  2.5000e+01	  1.2388e+01	  1.5800e-02	  1.5522e-05	  1.7017e-02	  1.6971e-02	  7.6718e-01	  3.1091e-01	  2.5450e+00	  2.3121e+00	  2.6145e-01	  0.0000e+00	  6.3157e-02	  5.0573e-01	  3.1091e-01	  8.9459e-01	  3.6876e+01	  3.8260e-01	
  7.0000e+02	  2.5000e-03	  2.5000e+01	  1.2388e+01	  1.5800e-02	  1.5522e-05	  1.7017e-02	  1.6971e-02	  1.0751e+00	  3.1009e-01	  3.1582e+00	  2.9259e+00	  5.7069e-01	  0.0000e+00	  6.2991e-02	  5.0440e-01	  3.1009e-01	  8.9224e-01	  4.7026e+01	  3.8159e-01	
  7.0000e+02	  2.6000e-03	  2.5000e+01	  1.2388e+01	  1.5800e-02	  1.5522e-05	  1.7017e-02	  1.6971e-02	  1.1062e+00	  3.1001e-01	  3.2201e+00	  2.9878e+00	  6.0191e-01	  0.0000e+00	  6.2974e-02	  5.0427e-01	  3.1001e-01	  8.9200e-01	  4.8050e+01	  3.8149e-01	
  7.0000e+02	  2.7000e-03	  2.5000e+01	  1.2388e+01	  1.5800e-02	  1.5522e-05	  1.7017e-02	  1.6971e-02	  1.1093e+00	  3.1000e-01	  3.2263e+00	  2.9940e+00	  6.0505e-01	  0.0000e+00	  6.2973e-02	  5.0426e-01	  3.1000e-01	  8.9198e-01	  4.8153e+01	  3.8148e-01	
  7.0000e+02	  2.8000e-03	  2.5000e+01	  1.2388e+01	  1.5800e-02	  1.5522e-05	  1.7017e-02	  1.6971e-02	  1.1096e+00	  3.1000e-01	  3.2269e+00	  2.9947e+00	  6.0535e-01	  0.0000e+00	  6.2973e-02	  5.0425e-01	  3.1000e-01	  8.9198e-01	  4.8163e+01	  3.8148e-01	
  7.0000e+02	  2.9000e-03	  2.5000e+01	  1.2388e+01	  1.5800e-02	  1.5522e-05	  1.7017e-02	  1.6971e-02	  1.1096e+00	  3.1000e-01	  3.2270e+00	  2.9947e+00	  6.0537e-01	  0.0000e+00	  6.2973e-02	  5.0425e-01	  3.1000e-01	  8.9198e-01	  4.8164e+01	  3.8148e-01	
  7.0000e+02	  3.0000e-03	  2.5000e+01	  1.2388e+01	  1.5800e-02	  1.5522e-05	  1.7017e-02	  1.6971e-02	  1.1096e+00	  3.1000e-01	  3.2269e+00	  2.9947e+00	  6.0536e-01	  0.0000e+00	  6.2973e-02	  5.0425e-01	  3.1000e-01	  8.9198e-01	  4.8163e+01	  3.8148e-01	
  7.0000e+02	  3.1000e-03	  2.5000e+01	  1.2388e+01	  1.5800e-02	  1.5522e-05	  1.7017e-02	  1.6971e-02	  1.1096e+00	  3.1000e-01	  3.2269e+00	  2.9947e+00	  6.0535e-01	  0.0000e+00	  6.2973e-02	  5.0425e-01	  3.1000e-01	  8.9198e-01	  4.8163e+01	  3.8148e-01	
  7.0000e+02	  3.2000e-03	  2.5000e+01	  1.2388e+01	  1.5800e-02	  1.5522e-05	  1.7017e-02	  1.6971e-02	  1.1096e+00	  3.1000e-01	  3.2269e+00	  2.9946e+00	  6.0534e-01	  0.0000e+00	  6.2973e-02	  5.0425e-01	  3.1000e-01	  8.9198e-01	  4.8163e+01	  3.8148e-01	
  7.0000e+02	  3.3000e-03	  2.5000e+01	  1.2388e+01	  1.5800e-02	  1.5522e-05	  1.7017e-02	  1.6971e-02	  1.1096e+00	  3.1000e-01	  3.2269e+00	  2.9946e+00	  6.0533e-01	  0.0000e+00	  6.2973e-02	  5.0425e-01	  3.1000e-01	  8.9198e-01	  4.8162e+01	  3.8148e-01	
  7.0000e+02	  3.4000e-03	  2.5000e+01	  1.2388e+01	  1.5800e-02	  1.5522e-05	  1.7017e-02	  1.6971e-02	  1.1096e+00	  3.1000e-01	  3.2269e+00	  2.9946e+00	  6.0532e-01	  0.0000e+00	  6.2973e-02	  5.0425e-01	  3.1000e-01	  8.9198e-01	  4.8162e+01	  3.8148e-01	
  7.0000e+02	  3.5000e-03	  2.5000e+01	  1.2388e+01	  1.5800e-02	  1.5522e-05	  1.7017e-02	  1.6971e-02	  1.1096e+00	  3.1000e-01	  3.2269e+00	  2.9946e+00	  6.0532e-01	  0.0000e+00	  6.2973e-02	  5.0425e-01	  3.1000e-01	  8.9198e-01	  4.8162e+01	  3.8148e-01	
  7.0000e+02	  3.6000e-03	  2.5000e+01	  1.2388e+01	  1.5800e-02	  1.5522e-05	  1.7017e-02	  1.6971e-02	  1.1096e+00	  3.1000e-01	  3.2268e+00	  2.9946e+00	  6.0531e-01	  0.0000e+00	  6.2973e-02	  5.0425e-01	  3.1000e-01	  8.9198e-01	  4.8162e+01	  3.8148e-01	
  7.0000e+02	  3.7000e-03	  2.5000e+01	  1.2388e+01	  1.5800e-02	  1.5522e-05	  1.7017e-02	  1.6971e-02	  1.1096e+00	  3.1000e-01	  3.2268e+00	  2.9946e+00	  6.0531e-01	  0.0000e+00	  6.2973e-02	  5.0425e-01	  3.1000e-01	  8.9198e-01	  4.8162e+01	  3.8148e-01	
  7.0000e+02	  3.8000e-03	  2.5000e+01	  1.2388e+01	  1.5800e-02	  1.5522e-05	  1.7017e-02	  1.6971e-02	  1.1096e+00	  3.1000e-01	  3.2268e+00	  2.9946e+00	  6.0530e-01	  0.0000e+00	  6.2973e-02	  5.0425e-01	  3.1000e-01	  8.9198e-01	  4.8162e+01	  3.8148e-01	
  7.0000e+02	  3.9000e-03	  2.5000e+01	  1.2388e+01	  1.5800e-02	  1.5522e-05	  1.7017e-02	  1.6971e-02	  1.1096e+00	  3.1000e-01	  3.2268e+00	  2.9946e+00	  6.0530e-01	  0.0000e+00	  6.2973e-02	  5.0425e-01	  3.1000e-01	  8.9198e-01	  4.8161e+01	  3.8148e-01	
  7.0000e+02	  4.0000e-03	  2.5000e+01	  1.2388e+01	  1.5800e-02	  1.5522e-05	  1.7017e-02	  1.6971e-02	  1.1096e+00	  3.1000e-01	  3.2268e+00	  2.9946e+00	  6.0530e-01	  0.0000e+00	  6.2973e-02	  5.0425e-01	  3.1000e-01	  8.9198e-01	  4.8161e+01	  3.8148e-01	
  8.0000e+02	  0.0000e+00	  2.5000e+01	  7.5801e+00	  7.3000e-03	  9.1500e-05	  1.8398e-04	  9.7671e-07	  0.0000e+00	  0.0000e+00	  0.0000e+00	  0.0000e+00	  0.0000e+00	  0.0000e+00	  0.0000e+00	  0.0000e+00	  0.0000e+00	  0.0000e+00	  0.0000e+00	  0.0000e+00	
  8.0000e+02	  1.0000e-04	  2.5000e+01	  1.0948e+01	  7.6578e-03	  1.0091e-04	  8.7207e-04	  6.2392e-04	  0.0000e+00	  1.3553e-20	  0.0000e+00	  0.0000e+00	  0.0000e+00	  0.0000e+00	  0.0000e+00	  0.0000e+00	  0.0000e+00	  0.0000e+00	  0.0000e+00	  0.0000e+00	
  8.0000e+02	  2.0000e-04	  2.5000e+01	  1.1286e+01	  8.0183e-03	  1.1303e-04	  1.5892e-03	  1.2886e-03	  1.0036e-01	  9.9364e-02	  5.0110e-01	  4.0404e-01	  0.0000e+00	  0.0000e+00	  1.5237e-02	  1.0036e-01	  9.9364e-02	  2.0202e-01	  6.5181e+00	  7.4352e-02	
  8.0000e+02	  3.0000e-04	  2.5000e+01	  1.1473e+01	  8.3473e-03	  9.4216e-05	  2.2132e-03	  1.9538e-03	  4.5679e-01	  4.1481e-01	  2.1816e+00	  1.7904e+00	  0.0000e+00	  0.0000e+00	  6.6666e-02	  4.5679e-01	  4.1481e-01	  8.9519e-01	  2.8452e+01	  3.3012e-01	
  8.0000e+02	  4.0000e-04	  2.5000e+01	  1.1603e+01	  8.6803e-03	  8.0872e-05	  2.8581e-03	  2.6311e-03	  4.5689e-01	  3.9221e-01	  2.1212e+00	  1.7598e+00	  0.0000e+00	  0.0000e+00	  6.5039e-02	  4.5689e-01	  3.9221e-01	  8.7992e-01	  2.7758e+01	  3.2741e-01	
  8.0000e+02	  5.0000e-04	  2.5000e+01	  1.1702e+01	  9.0157e-03	  7.0757e-05	  3.5142e-03	  3.3131e-03	  4.4135e-01	  3.6388e-01	  2.0086e+00	  1.6791e+00	  0.0000e+00	  0.0000e+00	  6.1738e-02	  4.4135e-01	  3.6388e-01	  8.3954e-01	  2.6380e+01	  3.1586e-01	
  8.0000e+02	  6.0000e-04	  2.5000e+01	  1.1783e+01	  9.3523e-03	  6.2775e-05	  4.1767e-03	  3.9967e-03	  4.3375e-01	  3.4659e-01	  1.9443e+00	  1.6347e+00	  0.0000e+00	  0.0000e+00	  5.9874e-02	  4.3375e-01	  3.4659e-01	  8.1737e-01	  2.5629e+01	  3.1101e-01	
  8.0000e+02	  7.0000e-04	  2.5000e+01	  1.1850e+01	  9.6895e-03	  5.6291e-05	  4.8428e-03	  4.6804e-03	  4.3160e-01	  3.3612e-01	  1.9111e+00	  1.6144e+00	  0.0000e+00	  0.0000e+00	  5.8941e-02	  4.3160e-01	  3.3612e-01	  8.0721e-01	  2.5284e+01	  3.1050e-01	
  8.0000e+02	  8.0000e-04	  2.5000e+01	  1.1908e+01	  1.0027e-02	  5.0904e-05	  5.5107e-03	  5.3632e-03	  4.3243e-01	  3.2944e-01	  1.8950e+00	  1.6075e+00	  0.0000e+00	  0.0000e+00	  5.8523e-02	  4.3243e-01	  3.2944e-01	  8.0373e-01	  2.5163e+01	  3.1237e-01	
  8.0000e+02	  9.0000e-04	  2.5000e+01	  1.1958e+01	  1.0364e-02	  4.6349e-05	  6.1792e-03	  6.0443e-03	  4.3492e-01	  3.2495e-01	  1.8889e+00	  1.6081e+00	  0.0000e+00	  0.0000e+00	  5.8399e-02	  4.3492e-01	  3.2495e-01	  8.0405e-01	  2.5171e+01	  3.1555e-01	
  8.0000e+02	  1.0000e-03	  2.5000e+01	  1.2003e+01	  1.0700e-02	  4.2443e-05	  6.8471e-03	  6.7232e-03	  4.3835e-01	  3.2182e-01	  1.8886e+00	  1.6132e+00	  0.0000e+00	  0.0000e+00	  5.8449e-02	  4.3835e-01	  3.2182e-01	  8.0662e-01	  2.5255e+01	  3.1948e-01	
  8.0000e+02	  1.1000e-03	  2.5000e+01	  1.2044e+01	  1.1035e-02	  3.9054e-05	  7.5135e-03	  7.3992e-03	  4.4234e-01	  3.1955e-01	  1.8920e+00	  1.6212e+00	  0.0000e+00	  0.0000e+00	  5.8608e-02	  4.4234e-01	  3.1955e-01	  8.1058e-01	  2.5387e+01	  3.2384e-01	
  8.0000e+02	  1.2000e-03	  2.5000e+01	  1.2080e+01	  1.1369e-02	  3.6086e-05	  8.1775e-03	  8.0717e-03	  4.4665e-01	  3.1786e-01	  1.8978e+00	  1.6308e+00	  0.0000e+00	  0.0000e+00	  5.8835e-02	  4.4665e-01	  3.1786e-01	  8.1542e-01	  2.5549e+01	  3.2843e-01	
  8.0000e+02	  1.3000e-03	  2.5000e+01	  1.2113e+01	  1.1701e-02	  3.3466e-05	  8.8384e-03	  8.7401e-03	  4.5114e-01	  3.1657e-01	  1.9051e+00	  1.6416e+00	  0.0000e+00	  0.0000e+00	  5.9106e-02	  4.5114e-01	  3.1657e-01	  8.2080e-01	  2.5730e+01	  3.3313e-01	
  8.0000e+02	  1.4000e-03	  2.5000e+01	  1.2144e+01	  1.2031e-02	  3.1139e-05	  9.4953e-03	  9.4037e-03	  4.5570e-01	  3.1557e-01	  1.9134e+00	  1.6531e+00	  0.0000e+00	  0.0000e+00	  5.9406e-02	  4.5570e-01	  3.1557e-01	  8.2653e-01	  2.5923e+01	  3.3784e-01	
  8.0000e+02	  1.5000e-03	  2.5000e+01	  1.2172e+01	  1.2358e-02	  2.9060e-05	  1.0147e-02	  1.0062e-02	  4.6029e-01	  3.1478e-01	  1.9223e+00	  1.6649e+00	  0.0000e+00	  0.0000e+00	  5.9722e-02	  4.6029e-01	  3.1478e-01	  8.3245e-01	  2.6123e+01	  3.4251e-01	
  8.0000e+02	  1.6000e-03	  2.5000e+01	  1.2198e+01	  1.2682e-02	  2.7194e-05	  1.0794e-02	  1.0714e-02	  4.6486e-01	  3.1414e-01	  1.9316e+00	  1.6769e+00	  0.0000e+00	  0.0000e+00	  6.0049e-02	  4.6486e-01	  3.1414e-01	  8.3846e-01	  2.6326e+01	  3.4709e-01	
  8.0000e+02	  1.7000e-03	  2.5000e+01	  1.2222e+01	  1.3004e-02	  2.5512e-05	  1.1435e-02	  1.1360e-02	  4.6938e-01	  3.1363e-01	  1.9412e+00	  1.6890e+00	  0.0000e+00	  0.0000e+00	  6.0380e-02	  4.6938e-01	  3.1363e-01	  8.4451e-01	  2.6530e+01	  3.5153e-01	
  8.0000e+02	  1.8000e-03	  2.5000e+01	  1.2245e+01	  1.3322e-02	  2.3989e-05	  1.2069e-02	  1.1999e-02	  4.7384e-01	  3.1320e-01	  1.9508e+00	  1.7011e+00	  0.0000e+00	  0.0000e+00	  6.0713e-02	  4.7384e-01	  3.1320e-01	  8.5053e-01	  2.6734e+01	  3.5582e-01	
  8.0000e+02	  1.9000e-03	  2.5000e+01	  1.2266e+01	  1.3636e-02	  2.2605e-05	  1.2698e-02	  1.2631e-02	  4.7820e-01	  3.1285e-01	  1.9604e+00	  1.7130e+00	  0.0000e+00	  0.0000e+00	  6.1044e-02	  4.7820e-01	  3.1285e-01	  8.5650e-01	  2.6936e+01	  3.5993e-01	
  8.0000e+02	  2.0000e-03	  2.5000e+01	  1.2286e+01	  1.3948e-02	  2.1343e-05	  1.3319e-02	  1.3256e-02	  4.8248e-01	  3.1256e-01	  1.9700e+00	  1.7248e+00	  0.0000e+00	  0.0000e+00	  6.1372e-02	  4.8248e-01	  3.1256e-01	  8.6239e-01	  2.7136e+01	  3.6384e-01	
  8.0000e+02	  2.1000e-03	  2.5000e+01	  1.2305e+01	  1.4256e-02	  2.0188e-05	  1.3935e-02	  1.3875e-02	  4.8666e-01	  3.1231e-01	  1.9795e+00	  1.7364e+00	  0.0000e+00	  0.0000e+00	  6.1696e-02	  4.8666e-01	  3.1231e-01	  8.6819e-01	  2.7332e+01	  3.6756e-01	
  8.0000e+02	  2.2000e-03	  2.5000e+01	  1.2323e+01	  1.4562e-02	  1.9126e-05	  1.4545e-02	  1.4488e-02	  4.9075e-01	  3.1209e-01	  1.9888e+00	  1.7478e+00	  0.0000e+00	  0.0000e+00	  6.2015e-02	  4.9075e-01	  3.1209e-01	  8.7388e-01	  2.7525e+01	  3.7107e-01	
  8.0000e+02	  2.3000e-03	  2.5000e+01	  1.2340e+01	  1.4865e-02	  1.8146e-05	  1.5150e-02	  1.5097e-02	  4.9475e-01	  3.1191e-01	  1.9981e+00	  1.7590e+00	  0.0000e+00	  0.0000e+00	  6.2330e-02	  4.9475e-01	  3.1191e-01	  8.7948e-01	  2.7715e+01	  3.7437e-01	
  8.0000e+02	  2.4000e-03	  2.5000e+01	  1.2356e+01	  1.5167e-02	  1.7239e-05	  1.5752e-02	  1.5701e-02	  4.9867e-01	  3.1176e-01	  2.0072e+00	  1.7699e+00	  0.0000e+00	  0.0000e+00	  6.2639e-02	  4.9867e-01	  3.1176e-01	  8.8497e-01	  2.7902e+01	  3.7746e-01	
  8.0000e+02	  2.5000e-03	  2.5000e+01	  1.2371e+01	  1.5467e-02	  1.6395e-05	  1.6352e-02	  1.6303e-02	  5.0251e-01	  3.1163e-01	  2.0161e+00	  1.7808e+00	  0.0000e+00	  0.0000e+00	  6.2944e-02	  5.0251e-01	  3.1163e-01	  8.9038e-01	  2.8086e+01	  3.8035e-01	
  8.0000e+02	  2.6000e-03	  2.5000e+01	  1.2388e+01	  1.5800e-02	  1.5522e-05	  1.7017e-02	  1.6971e-02	  9.4840e-01	  3.1042e-01	  2.9059e+00	  2.6733e+00	  4.4346e-01	  0.0000e+00	  6.3059e-02	  5.0495e-01	  3.1042e-01	  8.9320e-01	  4.2850e+01	  3.8200e-01	
  8.0000e+02	  2.7000e-03	  2.5000e+01	  1.2388e+01	  1.5800e-02	  1.5522e-05	  1.7017e-02	  1.6971e-02	  1.0934e+00	  3.1004e-01	  3.1946e+00	  2.9623e+00	  5.8904e-01	  0.0000e+00	  6.2981e-02	  5.0432e-01	  3.1004e-01	  8.9210e-01	  4.7628e+01	  3.8153e-01	
  8.0000e+02	  2.8000e-03	  2.5000e+01	  1.2388e+01	  1.5800e-02	  1.5522e-05	  1.7017e-02	  1.6971e-02	  1.1080e+00	  3.1000e-01	  3.2237e+00	  2.9914e+00	  6.0373e-01	  0.0000e+00	  6.2973e-02	  5.0426e-01	  3.1000e-01	  8.9199e-01	  4.8110e+01	  3.8149e-01	
  8.0000e+02	  2.9000e-03	  2.5000e+01	  1.2388e+01	  1.5800e-02	  1.5522e-05	  1.7017e-02	  1.6971e-02	  1.1095e+00	  3.1000e-01	  3.2266e+00	  2.9944e+00	  6.0520e-01	  0.0000e+00	  6.2973e-02	  5.0425e-01	  3.1000e-01	  8.9198e-01	  4.8158e+01	  3.8148e-01	
  8.0000e+02	  3.0000e-03	  2.5000e+01	  1.2388e+01	  1.5800e-02	  1.5522e-05	  1.7017e-02	  1.6971e-02	  1.1096e+00	  3.1000e-01	  3.2269e+00	  2.9946e+00	  6.0534e-01	  0.0000e+00	  6.2973e-02	  5.0425e-01	  3.1000e-01	  8.9198e-01	  4.8163e+01	  3.8148e-01	
  8.0000e+02	  3.1000e-03	  2.5000e+01	  1.2388e+01	  1.5800e-02	  1.5522e-05	  1.7017e-02	  1.6971e-02	  1.1096e+00	  3.1000e-01	  3.2269e+00	  2.9946e+00	  6.0535e-01	  0.0000e+00	  6.2973e-02	  5.0425e-01	  3.1000e-01	  8.9198e-01	  4.8163e+01	  3.8148e-01	
  8.0000e+02	  3.2000e-03	  2.5000e+01	  1.2388e+01	  1.5800e-02	  1.5522e-05	  1.7017e-02	  1.6971e-02	  1.1096e+00	  3.1000e-01	  3.2269e+00	  2.9946e+00	  6.0534e-01	  0.0000e+00	  6.2973e-02	  5.0425e-01	  3.1000e-01	  8.9198e-01	  4.8163e+01	  3.8148e-01	
  8.0000e+02	  3.3000e-03	  2.5000e+01	  1.2388e+01	  1.5800e-02	  1.5522e-05	  1.7017e-02	  1.6971e-02	  1.1096e+00	  3.1000e-01	  3.2269e+00	  2.9946e+00	  6.0533e-01	  0.0000e+00	  6.2973e-02	  5.0425e-01	  3.1000e-01	  8.9198e-01	  4.8162e+01	  3.8148e-01	
  8.0000e+02	  3.4000e-03	  2.5000e+01	  1.2388e+01	  1.5800e-02	  1.5522e-05	  1.7017e-02	  1.6971e-02	  1.1096e+00	  3.1000e-01	  3.2269e+00	  2.9946e+00	  6.0532e-01	  0.0000e+00	  6.2973e-02	  5.0425e-01	  3.1000e-01	  8.9198e-01	  4.8162e+01	  3.8148e-01	
  8.0000e+02	  3.5000e-03	  2.5000e+01	  1.2388e+01	  1.5800e-02	  1.5522e-05	  1.7017e-02	  1.6971e-02	  1.1096e+00	  3.1000e-01	  3.2269e+00	  2.9946e+00	  6.0532e-01	  0.0000e+00	  6.2973e-02	  5.0425e-01	  3.1000e-01	  8.9198e-01	  4.8162e+01	  3.8148e-01	
  8.0000e+02	  3.6000e-03	  2.5000e+01	  1.2388e+01	  1.5800e-02	  1.5522e-05	  1.7017e-02	  1.6971e-02	  1.1096e+00	  3.1000e-01	  3.2268e+00	  2.9946e+00	  6.0531e-01	  0.0000e+00	  6.2973e-02	  5.0425e-01	  3.1000e-01	  8.9198e-01	  4.8162e+01	  3.8148e-01	
  8.0000e+02	  3.7000e-03	  2.5000e+01	  1.2388e+01	  1.5800e-02	  1.5522e-05	  1.7017e-02	  1.6971e-02	  1.1096e+00	  3.1000e-01	  3.2268e+00	  2.9946e+00	  6.0531e-01	  0.0000e+00	  6.2973e-02	  5.0425e-01	  3.1000e-01	  8.9198e-01	  4.8162e+01	  3.8148e-01	
  8.0000e+02	  3.8000e-03	  2.5000e+01	  1.2388e+01	  1.5800e-02	  1.5522e-05	  1.7017e-02	  1.6971e-02	  1.1096e+00	  3.1000e-01	  3.2268e+00	  2.9946e+00	  6.0530e-01	  0.0000e+00	  6.2973e-02	  5.0425e-01	  3.1000e-01	  8.9198e-01	  4.8162e+01	  3.8148e-01	
  8.0000e+02	  3.9000e-03	  2.5000e+01	  1.2388e+01	  1.5800e-02	  1.5522e-05	  1.7017e-02	  1.6971e-02	  1.1096e+00	  3.1000e-01	  3.2268e+00	  2.9946e+00	  6.0530e-01	  0.0000e+00	  6.2973e-02	  5.0425e-01	  3.1000e-01	  8.9198e-01	  4.8161e+01	  3.8148e-01	
  8.0000e+02	  4.0000e-03	  2.5000e+01	  1.2388e+01	  1.5800e-02	  1.5522e-05	  1.7017e-02	  1.6971e-02	  1.1096e+00	  3.1000e-01	  3.2268e+00	  2.9946e+00	  6.0530e-01	  0.0000e+00	  6.2973e-02	  5.0425e-01	  3.1000e-01	  8.9198e-01	  4.8161e+01	  3.8148e-01	
  9.0000e+02	  0.0000e+00	  2.5000e+01	  7.5801e+00	  7.3000e-03	  9.1500e-05	  1.8398e-04	  9.7671e-07	  0.0000e+00	  0.0000e+00	  0.0000e+00	  0.0000e+00	  0.0000e+00	  0.0000e+00	  0.0000e+00	  0.0000e+00	  0.0000e+00	  0.0000e+00	  0.0000e+00	  0.0000e+00	
  9.0000e+02	  1.0000e-04	  2.5000e+01	  1.0918e+01	  7.6387e-03	  1.0224e-04	  8.3770e-04	  5.8814e-04	  0.0000e+00	  1.3553e-20	  0.0000e+00	  0.0000e+00	  0.0000e+00	  0.0000e+00	  0.0000e+00	  0.0000e+00	  0.0000e+00	  0.0000e+00	  0.0000e+00	  0.0000e+00	
  9.0000e+02	  2.0000e-04	  2.5000e+01	  1.1258e+01	  7.9801e-03	  1.1581e-04	  1.5183e-03	  1.2122e-03	  1.9605e-02	  1.9671e-02	  9.8575e-02	  7.9256e-02	  0.0000e+00	  0.0000e+00	  2.9952e-03	  1.9605e-02	  1.9671e-02	  3.9628e-02	  1.2820e+00	  1.4593e-02	
  9.0000e+02	  3.0000e-04	  2.5000e+01	  1.1445e+01	  8.2894e-03	  9.7016e-05	  2.1021e-03	  1.8363e-03	  4.5850e-01	  4.2154e-01	  2.2036e+00	  1.8040e+00	  0.0000e+00	  0.0000e+00	  6.7289e-02	  4.5850e-01	  4.2154e-01	  9.0200e-01	  2.8723e+01	  3.3228e-01	
  9.0000e+02	  4.0000e-04	  2.5000e+01	  1.1576e+01	  8.6022e-03	  8.3649e-05	  2.7060e-03	  2.4721e-03	  4.6261e-01	  4.0167e-01	  2.1600e+00	  1.7881e+00	  0.0000e+00	  0.0000e+00	  6.6183e-02	  4.6261e-01	  4.0167e-01	  8.9407e-01	  2.8242e+01	  3.3187e-01	
  9.0000e+02	  5.0000e-04	  2.5000e+01	  1.1675e+01	  8.9169e-03	  7.3473e-05	  3.3205e-03	  3.1123e-03	  4.4479e-01	  3.7066e-01	  2.0350e+00	  1.6977e+00	  0.0000e+00	  0.0000e+00	  6.2506e-02	  4.4479e-01	  3.7066e-01	  8.4885e-01	  2.6697e+01	  3.1830e-01	
  9.0000e+02	  6.0000e-04	  2.5000e+01	  1.1756e+01	  9.2326e-03	  6.5413e-05	  3.9408e-03	  3.7537e-03	  4.3523e-01	  3.5139e-01	  1.9607e+00	  1.6454e+00	  0.0000e+00	  0.0000e+00	  6.0341e-02	  4.3523e-01	  3.5139e-01	  8.2269e-01	  2.5812e+01	  3.1179e-01	
  9.0000e+02	  7.0000e-04	  2.5000e+01	  1.1823e+01	  9.5487e-03	  5.8845e-05	  4.5644e-03	  4.3951e-03	  4.3168e-01	  3.3963e-01	  1.9207e+00	  1.6195e+00	  0.0000e+00	  0.0000e+00	  5.9202e-02	  4.3168e-01	  3.3963e-01	  8.0976e-01	  2.5373e+01	  3.1009e-01	
  9.0000e+02	  8.0000e-04	  2.5000e+01	  1.1881e+01	  9.8649e-03	  5.3373e-05	  5.1899e-03	  5.0355e-03	  4.3149e-01	  3.3209e-01	  1.9000e+00	  1.6086e+00	  0.0000e+00	  0.0000e+00	  5.8640e-02	  4.3149e-01	  3.3209e-01	  8.0430e-01	  2.5185e+01	  3.1107e-01	
  9.0000e+02	  9.0000e-04	  2.5000e+01	  1.1932e+01	  1.0181e-02	  4.8732e-05	  5.8162e-03	  5.6746e-03	  4.3320e-01	  3.2702e-01	  1.8903e+00	  1.6062e+00	  0.0000e+00	  0.0000e+00	  5.8410e-02	  4.3320e-01	  3.2702e-01	  8.0312e-01	  2.5142e+01	  3.1355e-01	
  9.0000e+02	  1.0000e-03	  2.5000e+01	  1.1977e+01	  1.0496e-02	  4.4740e-05	  6.4425e-03	  6.3122e-03	  4.3601e-01	  3.2346e-01	  1.8874e+00	  1.6090e+00	  0.0000e+00	  0.0000e+00	  5.8379e-02	  4.3601e-01	  3.2346e-01	  8.0452e-01	  2.5187e+01	  3.1690e-01	
  9.0000e+02	  1.1000e-03	  2.5000e+01	  1.2017e+01	  1.0811e-02	  4.1266e-05	  7.0685e-03	  6.9479e-03	  4.3948e-01	  3.2088e-01	  1.8888e+00	  1.6151e+00	  0.0000e+00	  0.0000e+00	  5.8473e-02	  4.3948e-01	  3.2088e-01	  8.0754e-01	  2.5286e+01	  3.2078e-01	
  9.0000e+02	  1.2000e-03	  2.5000e+01	  1.2054e+01	  1.1126e-02	  3.8211e-05	  7.6937e-03	  7.5819e-03	  4.4337e-01	  3.1895e-01	  1.8929e+00	  1.6232e+00	  0.0000e+00	  0.0000e+00	  5.8648e-02	  4.4337e-01	  3.1895e-01	  8.1160e-01	  2.5422e+01	  3.2498e-01	
  9.0000e+02	  1.3000e-03	  2.5000e+01	  1.2087e+01	  1.1440e-02	  3.5503e-05	  8.3180e-03	  8.2139e-03	  4.4749e-01	  3.1749e-01	  1.8988e+00	  1.6327e+00	  0.0000e+00	  0.0000e+00	  5.8877e-02	  4.4749e-01	  3.1749e-01	  8.1635e-01	  2.5581e+01	  3.2935e-01	
  9.0000e+02	  1.4000e-03	  2.5000e+01	  1.2118e+01	  1.1753e-02	  3.3085e-05	  8.9412e-03	  8.8440e-03	  4.5177e-01	  3.1635e-01	  1.9060e+00	  1.6431e+00	  0.0000e+00	  0.0000e+00	  5.9142e-02	  4.5177e-01	  3.1635e-01	  8.2154e-01	  2.5755e+01	  3.3381e-01	
  9.0000e+02	  1.5000e-03	  2.5000e+01	  1.2147e+01	  1.2065e-02	  3.0913e-05	  9.5631e-03	  9.4722e-03	  4.5613e-01	  3.1544e-01	  1.9140e+00	  1.6541e+00	  0.0000e+00	  0.0000e+00	  5.9431e-02	  4.5613e-01	  3.1544e-01	  8.2703e-01	  2.5940e+01	  3.3829e-01	
  9.0000e+02	  1.6000e-03	  2.5000e+01	  1.2174e+01	  1.2376e-02	  2.8950e-05	  1.0184e-02	  1.0099e-02	  4.6052e-01	  3.1472e-01	  1.9227e+00	  1.6654e+00	  0.0000e+00	  0.0000e+00	  5.9736e-02	  4.6052e-01	  3.1472e-01	  8.3272e-01	  2.6132e+01	  3.4275e-01	
  9.0000e+02	  1.7000e-03	  2.5000e+01	  1.2199e+01	  1.2687e-02	  2.7169e-05	  1.0803e-02	  1.0723e-02	  4.6491e-01	  3.1412e-01	  1.9317e+00	  1.6770e+00	  0.0000e+00	  0.0000e+00	  6.0051e-02	  4.6491e-01	  3.1412e-01	  8.3852e-01	  2.6328e+01	  3.4714e-01	
  9.0000e+02	  1.8000e-03	  2.5000e+01	  1.2222e+01	  1.2997e-02	  2.5546e-05	  1.1421e-02	  1.1346e-02	  4.6929e-01	  3.1364e-01	  1.9410e+00	  1.6888e+00	  0.0000e+00	  0.0000e+00	  6.0373e-02	  4.6929e-01	  3.1364e-01	  8.4438e-01	  2.6526e+01	  3.5144e-01	
  9.0000e+02	  1.9000e-03	  2.5000e+01	  1.2244e+01	  1.3306e-02	  2.4060e-05	  1.2038e-02	  1.1967e-02	  4.7364e-01	  3.1323e-01	  1.9504e+00	  1.7005e+00	  0.0000e+00	  0.0000e+00	  6.0699e-02	  4.7364e-01	  3.1323e-01	  8.5027e-01	  2.6725e+01	  3.5562e-01	
  9.0000e+02	  2.0000e-03	  2.5000e+01	  1.2265e+01	  1.3615e-02	  2.2696e-05	  1.2654e-02	  1.2587e-02	  4.7794e-01	  3.1289e-01	  1.9599e+00	  1.7123e+00	  0.0000e+00	  0.0000e+00	  6.1025e-02	  4.7794e-01	  3.1289e-01	  8.5615e-01	  2.6924e+01	  3.5967e-01	
  9.0000e+02	  2.1000e-03	  2.5000e+01	  1.2285e+01	  1.3923e-02	  2.1440e-05	  1.3269e-02	  1.3206e-02	  4.8219e-01	  3.1261e-01	  1.9694e+00	  1.7240e+00	  0.0000e+00	  0.0000e+00	  6.1352e-02	  4.8219e-01	  3.1261e-01	  8.6200e-01	  2.7122e+01	  3.6357e-01	
  9.0000e+02	  2.2000e-03	  2.5000e+01	  1.2304e+01	  1.4231e-02	  2.0280e-05	  1.3884e-02	  1.3824e-02	  4.8638e-01	  3.1236e-01	  1.9789e+00	  1.7356e+00	  0.0000e+00	  0.0000e+00	  6.1677e-02	  4.8638e-01	  3.1236e-01	  8.6781e-01	  2.7319e+01	  3.6730e-01	
  9.0000e+02	  2.3000e-03	  2.5000e+01	  1.2322e+01	  1.4538e-02	  1.9206e-05	  1.4497e-02	  1.4440e-02	  4.9050e-01	  3.1215e-01	  1.9884e+00	  1.7471e+00	  0.0000e+00	  0.0000e+00	  6.1999e-02	  4.9050e-01	  3.1215e-01	  8.7356e-01	  2.7514e+01	  3.7085e-01	
  9.0000e+02	  2.4000e-03	  2.5000e+01	  1.2339e+01	  1.4845e-02	  1.8209e-05	  1.5110e-02	  1.5056e-02	  4.9457e-01	  3.1197e-01	  1.9978e+00	  1.7585e+00	  0.0000e+00	  0.0000e+00	  6.2319e-02	  4.9457e-01	  3.1197e-01	  8.7925e-01	  2.7707e+01	  3.7421e-01	
  9.0000e+02	  2.5000e-03	  2.5000e+01	  1.2355e+01	  1.5152e-02	  1.7281e-05	  1.5723e-02	  1.5672e-02	  4.9856e-01	  3.1182e-01	  2.0071e+00	  1.7697e+00	  0.0000e+00	  0.0000e+00	  6.2634e-02	  4.9856e-01	  3.1182e-01	  8.8486e-01	  2.7898e+01	  3.7738e-01	
  9.0000e+02	  2.6000e-03	  2.5000e+01	  1.2371e+01	  1.5459e-02	  1.6416e-05	  1.6336e-02	  1.6287e-02	  5.0249e-01	  3.1168e-01	  2.0163e+00	  1.7808e+00	  0.0000e+00	  0.0000e+00	  6.2947e-02	  5.0249e-01	  3.1168e-01	  8.9039e-01	  2.8086e+01	  3.8034e-01	
  9.0000e+02	  2.7000e-03	  2.5000e+01	  1.2388e+01	  1.5800e-02	  1.5522e-05	  1.7017e-02	  1.6971e-02	  6.3470e-01	  3.1125e-01	  2.2812e+00	  2.0480e+00	  1.2840e-01	  0.0000e+00	  6.3227e-02	  5.0629e-01	  3.1125e-01	  8.9558e-01	  3.2509e+01	  3.8302e-01	
  9.0000e+02	  2.8000e-03	  2.5000e+01	  1.2388e+01	  1.5800e-02	  1.5522e-05	  1.7017e-02	  1.6971e-02	  1.0617e+00	  3.1013e-01	  3.1315e+00	  2.8991e+00	  5.5721e-01	  0.0000e+00	  6.2998e-02	  5.0446e-01	  3.1013e-01	  8.9234e-01	  4.6583e+01	  3.8164e-01	
  9.0000e+02	  2.9000e-03	  2.5000e+01	  1.2388e+01	  1.5800e-02	  1.5522e-05	  1.7017e-02	  1.6971e-02	  1.1048e+00	  3.1001e-01	  3.2173e+00	  2.9850e+00	  6.0051e-01	  0.0000e+00	  6.2975e-02	  5.0427e-01	  3.1001e-01	  8.9201e-01	  4.8004e+01	  3.8150e-01	
  9.0000e+02	  3.0000e-03	  2.5000e+01	  1.2388e+01	  1.5800e-02	  1.5522e-05	  1.7017e-02	  1.6971e-02	  1.1091e+00	  3.1000e-01	  3.2260e+00	  2.9937e+00	  6.0487e-01	  0.0000e+00	  6.2973e-02	  5.0426e-01	  3.1000e-01	  8.9198e-01	  4.8147e+01	  3.8148e-01	
  9.0000e+02	  3.1000e-03	  2.5000e+01	  1.2388e+01	  1.5800e-02	  1.5522e-05	  1.7017e-02	  1.6971e-02	  1.1096e+00	  3.1000e-01	  3.2268e+00	  2.9946e+00	  6.0530e-01	  0.0000e+00	  6.2973e-02	  5.0425e-01	  3.1000e-01	  8.9198e-01	  4.8161e+01	  3.8148e-01	
  9.0000e+02	  3.2000e-03	  2.5000e+01	  1.2388e+01	  1.5800e-02	  1.5522e-05	  1.7017e-02	  1.6971e-02	  1.1096e+00	  3.1000e-01	  3.2269e+00	  2.9946e+00	  6.0533e-01	  0.0000e+00	  6.2973e-02	  5.0425e-01	  3.1000e-01	  8.9198e-01	  4.8163e+01	  3.8148e-01	
  9.0000e+02	  3.3000e-03	  2.5000e+01	  1.2388e+01	  1.5800e-02	  1.5522e-05	  1.7017e-02	  1.6971e-02	  1.1096e+00	  3.1000e-01	  3.2269e+00	  2.9946e+00	  6.0533e-01	  0.0000e+00	  6.2973e-02	  5.0425e-01	  3.1000e-01	  8.9198e-01	  4.8162e+01	  3.8148e-01	
  9.0000e+02	  3.4000e-03	  2.5000e+01	  1.2388e+01	  1.5800e-02	  1.5522e-05	  1.7017e-02	  1.6971e-02	  1.1096e+00	  3.1000e-01	  3.2269e+00	  2.9946e+00	  6.0532e-01	  0.0000e+00	  6.2973e-02	  5.0425e-01	  3.1000e-01	  8.9198e-01	  4.8162e+01	  3.8148e-01	
  9.0000e+02	  3.5000e-03	  2.5000e+01	  1.2388e+01	  1.5800e-02	  1.5522e-05	  1.7017e-02	  1.6971e-02	  1.1096e+00	  3.1000e-01	  3.2269e+00	  2.9946e+00	  6.0531e-01	  0.0000e+00	  6.2973e-02	  5.0425e-01	  3.1000e-01	  8.9198e-01	  4.8162e+01	  3.8148e-01	
  9.0000e+02	  3.6000e-03	  2.5000e+01	  1.2388e+01	  1.5800e-02	  1.5522e-05	  1.7017e-02	  1.6971e-02	  1.1096e+00	  3.1000e-01	  3.2268e+00	  2.9946e+00	  6.0531e-01	  0.0000e+00	  6.2973e-02	  5.0425e-01	  3.1000e-01	  8.9198e-01	  4.8162e+01	  3.8148e-01	
  9.0000e+02	  3.7000e-03	  2.5000e+01	  1.2388e+01	  1.5800e-02	  1.5522e-05	  1.7017e-02	  1.6971e-02	  1.1096e+00	  3.1000e-01	  3.2268e+00	  2.9946e+00	  6.0531e-01	  0.0000e+00	  6.2973e-02	  5.0425e-01	  3.1000e-01	  8.9198e-01	  4.8162e+01	  3.8148e-01	
  9.0000e+02	  3.8000e-03	  2.5000e+01	  1.2388e+01	  1.5800e-02	  1.5522e-05	  1.7017e-02	  1.6971e-02	  1.1096e+00	  3.1000e-01	  3.2268e+00	  2.9946e+00	  6.0530e-01	  0.0000e+00	  6.2973e-02	  5.0425e-01	  3.1000e-01	  8.9198e-01	  4.8162e+01	  3.8148e-01	
  9.0000e+02	  3.9000e-03	  2.5000e+01	  1.2388e+01	  1.5800e-02	  1.5522e-05	  1.7017e-02	  1.6971e-02	  1.1096e+00	  3.1000e-01	  3.2268e+00	  2.9946e+00	  6.0530e-01	  0.0000e+00	  6.2973e-02	  5.0425e-01	  3.1000e-01	  8.9198e-01	  4.8161e+01	  3.8148e-01	
  9.0000e+02	  4.0000e-03	  2.5000e+01	  1.2388e+01	  1.5800e-02	  1.5522e-05	  1.7017e-02	  1.6971e-02	  1.1096e+00	  3.1000e-01	  3.2268e+00	  2.9946e+00	  6.0530e-01	  0.0000e+00	  6.2973e-02	  5.0425e-01	  3.1000e-01	  8.9198e-01	  4.8161e+01	  3.8148e-01	
  1.0000e+03	  0.0000e+00	  2.5000e+01	  7.5801e+00	  7.3000e-03	  9.1500e-05	  1.8398e-04	  9.7671e-07	  0.0000e+00	 -1.3553e-20	  0.0000e+00	  0.0000e+00	  0.0000e+00	  0.0000e+00	  0.0000e+00	  0.0000e+00	  0.0000e+00	  0.0000e+00	  0.0000e+00	  0.0000e+00	
  1.0000e+03	  1.0000e-04	  2.5000e+01	  1.0889e+01	  7.6144e-03	  9.3550e-05	  7.7719e-04	  5.5048e-04	  0.0000e+00	  0.0000e+00	  0.0000e+00	  0.0000e+00	  0.0000e+00	  0.0000e+00	  0.0000e+00	  0.0000e+00	  0.0000e+00	  0.0000e+00	  0.0000e+00	  0.0000e+00	
  1.0000e+03	  2.0000e-04	  2.5000e+01	  1.1232e+01	  7.9288e-03	  9.5673e-05	  1.3897e-03	  1.1382e-03	 -1.7347e-18	  0.0000e+00	  0.0000e+00	  0.0000e+00	  0.0000e+00	  0.0000e+00	  0.0000e+00	  0.0000e+00	  0.0000e+00	  0.0000e+00	  0.0000e+00	  0.0000e+00	
  1.0000e+03	  3.0000e-04	  2.5000e+01	  1.1423e+01	  8.2450e-03	  9.9292e-05	  2.0170e-03	  1.7460e-03	  4.2130e-01	  3.9130e-01	  2.0353e+00	  1.6629e+00	  0.0000e+00	  0.0000e+00	  6.2115e-02	  4.2130e-01	  3.9130e-01	  8.3143e-01	  2.6519e+01	  3.0609e-01	
  1.0000e+03	  4.0000e-04	  2.5000e+01	  1.1553e+01	  8.5415e-03	  8.5941e-05	  2.5882e-03	  2.3486e-03	  4.6458e-01	  4.0724e-01	  2.1796e+00	  1.8011e+00	  0.0000e+00	  0.0000e+00	  6.6745e-02	  4.6458e-01	  4.0724e-01	  9.0054e-01	  2.8480e+01	  3.3368e-01	
  1.0000e+03	  5.0000e-04	  2.5000e+01	  1.1653e+01	  8.8402e-03	  7.5722e-05	  3.1704e-03	  2.9564e-03	  4.4835e-01	  3.7699e-01	  2.0603e+00	  1.7160e+00	  0.0000e+00	  0.0000e+00	  6.3251e-02	  4.4835e-01	  3.7699e-01	  8.5799e-01	  2.7007e+01	  3.2091e-01	
  1.0000e+03	  6.0000e-04	  2.5000e+01	  1.1734e+01	  9.1403e-03	  6.7590e-05	  3.7592e-03	  3.5664e-03	  4.3734e-01	  3.5612e-01	  1.9784e+00	  1.6576e+00	  0.0000e+00	  0.0000e+00	  6.0853e-02	  4.3734e-01	  3.5612e-01	  8.2879e-01	  2.6018e+01	  3.1313e-01	
  1.0000e+03	  7.0000e-04	  2.5000e+01	  1.1801e+01	  9.4412e-03	  6.0939e-05	  4.3521e-03	  4.1771e-03	  4.3253e-01	  3.4313e-01	  1.9321e+00	  1.6267e+00	  0.0000e+00	  0.0000e+00	  5.9524e-02	  4.3253e-01	  3.4313e-01	  8.1333e-01	  2.5493e+01	  3.1037e-01	
  1.0000e+03	  8.0000e-04	  2.5000e+01	  1.1860e+01	  9.7424e-03	  5.5383e-05	  4.9473e-03	  4.7874e-03	  4.3141e-01	  3.3475e-01	  1.9069e+00	  1.6120e+00	  0.0000e+00	  0.0000e+00	  5.8826e-02	  4.3141e-01	  3.3475e-01	  8.0601e-01	  2.5243e+01	  3.1056e-01	
  1.0000e+03	  9.0000e-04	  2.5000e+01	  1.1910e+01	  1.0043e-02	  5.0662e-05	  5.5437e-03	  5.3968e-03	  4.3241e-01	  3.2909e-01	  1.8940e+00	  1.6069e+00	  0.0000e+00	  0.0000e+00	  5.8496e-02	  4.3241e-01	  3.2909e-01	  8.0346e-01	  2.5154e+01	  3.1242e-01	
  1.0000e+03	  1.0000e-03	  2.5000e+01	  1.1956e+01	  1.0344e-02	  4.6594e-05	  6.1404e-03	  6.0048e-03	  4.3466e-01	  3.2511e-01	  1.8887e+00	  1.6076e+00	  0.0000e+00	  0.0000e+00	  5.8389e-02	  4.3466e-01	  3.2511e-01	  8.0380e-01	  2.5163e+01	  3.1528e-01	
  1.0000e+03	  1.1000e-03	  2.5000e+01	  1.1996e+01	  1.0644e-02	  4.3051e-05	  6.7365e-03	  6.6110e-03	  4.3767e-01	  3.2222e-01	  1.8881e+00	  1.6119e+00	  0.0000e+00	  0.0000e+00	  5.8424e-02	  4.3767e-01	  3.2222e-01	  8.0596e-01	  2.5234e+01	  3.1875e-01	
  1.0000e+03	  1.2000e-03	  2.5000e+01	  1.2033e+01	  1.0944e-02	  3.9934e-05	  7.3316e-03	  7.2148e-03	  4.4116e-01	  3.2006e-01	  1.8906e+00	  1.6186e+00	  0.0000e+00	  0.0000e+00	  5.8550e-02	  4.4116e-01	  3.2006e-01	  8.0930e-01	  2.5345e+01	  3.2258e-01	
  1.0000e+03	  1.3000e-03	  2.5000e+01	  1.2067e+01	  1.1242e-02	  3.7171e-05	  7.9250e-03	  7.8161e-03	  4.4494e-01	  3.1841e-01	  1.8952e+00	  1.6268e+00	  0.0000e+00	  0.0000e+00	  5.8737e-02	  4.4494e-01	  3.1841e-01	  8.1342e-01	  2.5482e+01	  3.2663e-01	
  1.0000e+03	  1.4000e-03	  2.5000e+01	  1.2097e+01	  1.1539e-02	  3.4706e-05	  8.5161e-03	  8.4143e-03	  4.4889e-01	  3.1713e-01	  1.9012e+00	  1.6361e+00	  0.0000e+00	  0.0000e+00	  5.8965e-02	  4.4889e-01	  3.1713e-01	  8.1805e-01	  2.5638e+01	  3.3080e-01	
  1.0000e+03	  1.5000e-03	  2.5000e+01	  1.2126e+01	  1.1835e-02	  3.2493e-05	  9.1045e-03	  9.0091e-03	  4.5295e-01	  3.1611e-01	  1.9082e+00	  1.6461e+00	  0.0000e+00	  0.0000e+00	  5.9221e-02	  4.5295e-01	  3.1611e-01	  8.2303e-01	  2.5805e+01	  3.3501e-01	
  1.0000e+03	  1.6000e-03	  2.5000e+01	  1.2152e+01	  1.2128e-02	  3.0497e-05	  9.6898e-03	  9.6001e-03	  4.5704e-01	  3.1530e-01	  1.9159e+00	  1.6564e+00	  0.0000e+00	  0.0000e+00	  5.9495e-02	  4.5704e-01	  3.1530e-01	  8.2822e-01	  2.5980e+01	  3.3922e-01	
  1.0000e+03	  1.7000e-03	  2.5000e+01	  1.2177e+01	  1.2420e-02	  2.8688e-05	  1.0271e-02	  1.0187e-02	  4.6115e-01	  3.1463e-01	  1.9240e+00	  1.6671e+00	  0.0000e+00	  0.0000e+00	  5.9781e-02	  4.6115e-01	  3.1463e-01	  8.3355e-01	  2.6160e+01	  3.4338e-01	
  1.0000e+03	  1.8000e-03	  2.5000e+01	  1.2200e+01	  1.2710e-02	  2.7043e-05	  1.0849e-02	  1.0770e-02	  4.6524e-01	  3.1408e-01	  1.9324e+00	  1.6779e+00	  0.0000e+00	  0.0000e+00	  6.0075e-02	  4.6524e-01	  3.1408e-01	  8.3895e-01	  2.6342e+01	  3.4746e-01	
  1.0000e+03	  1.9000e-03	  2.5000e+01	  1.2222e+01	  1.2998e-02	  2.5542e-05	  1.1423e-02	  1.1347e-02	  4.6929e-01	  3.1363e-01	  1.9409e+00	  1.6887e+00	  0.0000e+00	  0.0000e+00	  6.0372e-02	  4.6929e-01	  3.1363e-01	  8.4437e-01	  2.6526e+01	  3.5144e-01	
  1.0000e+03	  2.0000e-03	  2.5000e+01	  1.2242e+01	  1.3283e-02	  2.4167e-05	  1.1992e-02	  1.1921e-02	  4.7328e-01	  3.1324e-01	  1.9496e+00	  1.6996e+00	  0.0000e+00	  0.0000e+00	  6.0671e-02	  4.7328e-01	  3.1324e-01	  8.4978e-01	  2.6709e+01	  3.5529e-01	
  1.0000e+03	  2.1000e-03	  2.5000e+01	  1.2262e+01	  1.3566e-02	  2.2904e-05	  1.2557e-02	  1.2489e-02	  4.7722e-01	  3.1292e-01	  1.9582e+00	  1.7103e+00	  0.0000e+00	  0.0000e+00	  6.0969e-02	  4.7722e-01	  3.1292e-01	  8.5516e-01	  2.6891e+01	  3.5902e-01	
  1.0000e+03	  2.2000e-03	  2.5000e+01	  1.2280e+01	  1.3847e-02	  2.1741e-05	  1.3118e-02	  1.3054e-02	  4.8110e-01	  3.1264e-01	  1.9669e+00	  1.7210e+00	  0.0000e+00	  0.0000e+00	  6.1265e-02	  4.8110e-01	  3.1264e-01	  8.6048e-01	  2.7071e+01	  3.6259e-01	
  1.0000e+03	  2.3000e-03	  2.5000e+01	  1.2297e+01	  1.4126e-02	  2.0665e-05	  1.3675e-02	  1.3613e-02	  4.8490e-01	  3.1241e-01	  1.9755e+00	  1.7315e+00	  0.0000e+00	  0.0000e+00	  6.1559e-02	  4.8490e-01	  3.1241e-01	  8.6574e-01	  2.7249e+01	  3.6601e-01	
  1.0000e+03	  2.4000e-03	  2.5000e+01	  1.2314e+01	  1.4403e-02	  1.9668e-05	  1.4228e-02	  1.4169e-02	  4.8863e-01	  3.1220e-01	  1.9840e+00	  1.7419e+00	  0.0000e+00	  0.0000e+00	  6.1850e-02	  4.8863e-01	  3.1220e-01	  8.7093e-01	  2.7425e+01	  3.6926e-01	
  1.0000e+03	  2.5000e-03	  2.5000e+01	  1.2329e+01	  1.4678e-02	  1.8741e-05	  1.4777e-02	  1.4722e-02	  4.9230e-01	  3.1202e-01	  1.9924e+00	  1.7521e+00	  0.0000e+00	  0.0000e+00	  6.2137e-02	  4.9230e-01	  3.1202e-01	  8.7605e-01	  2.7599e+01	  3.7236e-01	
  1.0000e+03	  2.6000e-03	  2.5000e+01	  1.2345e+01	  1.4952e-02	  1.7877e-05	  1.5324e-02	  1.5271e-02	  4.9590e-01	  3.1187e-01	  2.0007e+00	  1.7622e+00	  0.0000e+00	  0.0000e+00	  6.2420e-02	  4.9590e-01	  3.1187e-01	  8.8108e-01	  2.7770e+01	  3.7529e-01	
  1.0000e+03	  2.7000e-03	  2.5000e+01	  1.2359e+01	  1.5225e-02	  1.7069e-05	  1.5869e-02	  1.5819e-02	  4.9943e-01	  3.1173e-01	  2.0089e+00	  1.7721e+00	  0.0000e+00	  0.0000e+00	  6.2699e-02	  4.9943e-01	  3.1173e-01	  8.8605e-01	  2.7938e+01	  3.7805e-01	
  1.0000e+03	  2.8000e-03	  2.5000e+01	  1.2373e+01	  1.5498e-02	  1.6311e-05	  1.6413e-02	  1.6365e-02	  5.0291e-01	  3.1162e-01	  2.0171e+00	  1.7819e+00	  0.0000e+00	  0.0000e+00	  6.2976e-02	  5.0291e-01	  3.1162e-01	  8.9095e-01	  2.8105e+01	  3.8064e-01	
  1.0000e+03	  2.9000e-03	  2.5000e+01	  1.2388e+01	  1.5800e-02	  1.5522e-05	  1.7017e-02	  1.6971e-02	  9.2275e-01	  3.1049e-01	  2.8548e+00	  2.6222e+00	  4.1770e-01	  0.0000e+00	  6.3072e-02	  5.0505e-01	  3.1049e-01	  8.9339e-01	  4.2004e+01	  3.8208e-01	
  1.0000e+03	  3.0000e-03	  2.5000e+01	  1.2388e+01	  1.5800e-02	  1.5522e-05	  1.7017e-02	  1.6971e-02	  1.0907e+00	  3.1005e-01	  3.1894e+00	  2.9571e+00	  5.8641e-01	  0.0000e+00	  6.2983e-02	  5.0433e-01	  3.1005e-01	  8.9212e-01	  4.7541e+01	  3.8154e-01	
  1.0000e+03	  3.1000e-03	  2.5000e+01	  1.2388e+01	  1.5800e-02	  1.5522e-05	  1.7017e-02	  1.6971e-02	  1.1077e+00	  3.1000e-01	  3.2231e+00	  2.9909e+00	  6.0343e-01	  0.0000e+00	  6.2974e-02	  5.0426e-01	  3.1000e-01	  8.9199e-01	  4.8100e+01	  3.8149e-01	
  1.0000e+03	  3.2000e-03	  2.5000e+01	  1.2388e+01	  1.5800e-02	  1.5522e-05	  1.7017e-02	  1.6971e-02	  1.1094e+00	  3.1000e-01	  3.2265e+00	  2.9942e+00	  6.0514e-01	  0.0000e+00	  6.2973e-02	  5.0425e-01	  3.1000e-01	  8.9198e-01	  4.8156e+01	  3.8148e-01	
  1.0000e+03	  3.3000e-03	  2.5000e+01	  1.2388e+01	  1.5800e-02	  1.5522e-05	  1.7017e-02	  1.6971e-02	  1.1096e+00	  3.1000e-01	  3.2268e+00	  2.9946e+00	  6.0531e-01	  0.0000e+00	  6.2973e-02	  5.0425e-01	  3.1000e-01	  8.9198e-01	  4.8162e+01	  3.8148e-01	
  1.0000e+03	  3.4000e-03	  2.5000e+01	  1.2388e+01	  1.5800e-02	  1.5522e-05	  1.7017e-02	  1.6971e-02	  1.1096e+00	  3.1000e-01	  3.2269e+00	  2.9946e+00	  6.0532e-01	  0.0000e+00	  6.2973e-02	  5.0425e-01	  3.1000e-01	  8.9198e-01	  4.8162e+01	  3.8148e-01	
  1.0000e+03	  3.5000e-03	  2.5000e+01	  1.2388e+01	  1.5800e-02	  1.5522e-05	  1.7017e-02	  1.6971e-02	  1.1096e+00	  3.1000e-01	  3.2269e+00	  2.9946e+00	  6.0531e-01	  0.0000e+00	  6.2973e-02	  5.0425e-01	  3.1000e-01	  8.9198e-01	  4.8162e+01	  3.8148e-01	
  1.0000e+03	  3.6000e-03	  2.5000e+01	  1.2388e+01	  1.5800e-02	  1.5522e-05	  1.7017e-02	  1.6971e-02	  1.1096e+00	  3.1000e-01	  3.2268e+00	  2.9946e+00	  6.0531e-01	  0.0000e+00	  6.2973e-02	  5.0425e-01	  3.1000e-01	  8.9198e-01	  4.8162e+01	  3.8148e-01	
  1.0000e+03	  3.7000e-03	  2.5000e+01	  1.2388e+01	  1.5800e-02	  1.5522e-05	  1.7017e-02	  1.6971e-02	  1.1096e+00	  3.1000e-01	  3.2268e+00	  2.9946e+00	  6.0531e-01	  0.0000e+00	  6.2973e-02	  5.0425e-01	  3.1000e-01	  8.9198e-01	  4.8162e+01	  3.8148e-01	
  1.0000e+03	  3.8000e-03	  2.5000e+01	  1.2388e+01	  1.5800e-02	  1.5522e-05	  1.7017e-02	  1.6971e-02	  1.1096e+00	  3.1000e-01	  3.2268e+00	  2.9946e+00	  6.0530e-01	  0.0000e+00	  6.2973e-02	  5.0425e-01	  3.1000e-01	  8.9198e-01	  4.8162e+01	  3.8148e-01	
  1.0000e+03	  3.9000e-03	  2.5000e+01	  1.2388e+01	  1.5800e-02	  1.5522e-05	  1.7017e-02	  1.6971e-02	  1.1096e+00	  3.1000e-01	  3.2268e+00	  2.9946e+00	  6.0530e-01	  0.0000e+00	  6.2973e-02	  5.0425e-01	  3.1000e-01	  8.9198e-01	  4.8161e+01	  3.8148e-01	
  1.0000e+03	  4.0000e-03	  2.5000e+01	  1.2388e+01	  1.5800e-02	  1.5522e-05	  1.7017e-02	  1.6971e-02	  1.1096e+00	  3.1000e-01	  3.2268e+00	  2.9946e+00	  6.0530e-01	  0.0000e+00	  6.2973e-02	  5.0425e-01	  3.1000e-01	  8.9198e-01	  4.8161e+01	  3.8148e-01	
