time_s,x_m,phi,De_m2_s,pH,Ca_c_mol_m3_water,Ca_total_mol_m3_bulk,Cl_c_mol_m3_water,Cl_total_mol_m3_bulk,H_c_mol_m3_water,H_total_mol_m3_bulk,O_c_mol_m3_water,O_total_mol_m3_bulk,Si_c_mol_m3_water,Si_total_mol_m3_bulk,Zz_c_mol_m3_water,Zz_total_mol_m3_bulk,CSHQ_mol_m3_bulk,Portlandite_mol_m3_bulk,Silica-amorph_mol_m3_bulk
0.0,5e-05,0.5,5e-15,12.452521609407116,19.34777971232237,1119.2180760640001,2e-12,1e-12,111055.191583109,58522.261050760004,55547.05817248692,31000.37832923,0.03054560392874239,310.00148638994,1.713165636620221e-15,0.0,407.07245410933405,605.2011131255294,0.0
0.0,0.00015000000000000001,0.5,5e-15,12.452521609407116,19.34777971232237,1119.2180760640001,2e-12,1e-12,111055.191583109,58522.261050760004,55547.05817248692,31000.37832923,0.03054560392874239,310.00148638994,1.713165636620221e-15,0.0,407.07245410933405,605.2011131255294,0.0
0.0,0.00025,0.5,5e-15,12.452521609407116,19.34777971232237,1119.2180760640001,2e-12,1e-12,111055.191583109,58522.261050760004,55547.05817248692,31000.37832923,0.03054560392874239,310.00148638994,1.713165636620221e-15,0.0,407.07245410933405,605.2011131255294,0.0
0.0,0.00035000000000000005,0.5,5e-15,12.452521609407116,19.34777971232237,1119.2180760640001,2e-12,1e-12,111055.191583109,58522.261050760004,55547.05817248692,31000.37832923,0.03054560392874239,310.00148638994,1.713165636620221e-15,0.0,407.07245410933405,605.2011131255294,0.0
0.0,0.00045,0.5,5e-15,12.452521609407116,19.34777971232237,1119.2180760640001,2e-12,1e-12,111055.191583109,58522.261050760004,55547.05817248692,31000.37832923,0.03054560392874239,310.00148638994,1.713165636620221e-15,0.0,407.07245410933405,605.2011131255294,0.0
0.0,0.00055,0.5,5e-15,12.452521609407116,19.34777971232237,1119.2180760640001,2e-12,1e-12,111055.191583109,58522.261050760004,55547.05817248692,31000.37832923,0.03054560392874239,310.00148638994,1.713165636620221e-15,0.0,407.07245410933405,605.2011131255294,0.0
0.0,0.00065,0.5,5e-15,12.452521609407116,19.34777971232237,1119.2180760640001,2e-12,1e-12,111055.191583109,58522.261050760004,55547.05817248692,31000.37832923,0.03054560392874239,310.00148638994,1.713165636620221e-15,0.0,407.07245410933405,605.2011131255294,0.0
0.0,0.00075,0.5,5e-15,12.452521609407116,19.34777971232237,1119.2180760640001,2e-12,1e-12,111055.191583109,58522.261050760004,55547.05817248692,31000.37832923,0.03054560392874239,310.00148638994,1.713165636620221e-15,0.0,407.07245410933405,605.2011131255294,0.0
0.0,0.0008500000000000001,0.5,5e-15,12.452521609407116,19.34777971232237,1119.2180760640001,2e-12,1e-12,111055.191583109,58522.261050760004,55547.05817248692,31000.37832923,0.03054560392874239,310.00148638994,1.713165636620221e-15,0.0,407.07245410933405,605.2011131255294,0.0
0.0,0.0009500000000000001,0.5,5e-15,12.452521609407116,19.34777971232237,1119.2180760640001,2e-12,1e-12,111055.191583109,58522.261050760004,55547.05817248692,31000.37832923,0.03054560392874239,310.00148638994,1.713165636620221e-15,0.0,407.07245410933405,605.2011131255294,0.0
0.0,0.0010500000000000002,0.5,5e-15,12.452521609407116,19.34777971232237,1119.2180760640001,2e-12,1e-12,111055.191583109,58522.261050760004,55547.05817248692,31000.37832923,0.03054560392874239,310.00148638994,1.713165636620221e-15,0.0,407.07245410933405,605.2011131255294,0.0
0.0,0.00115,0.5,5e-15,12.452521609407116,19.34777971232237,1119.2180760640001,2e-12,1e-12,111055.191583109,58522.261050760004,55547.05817248692,31000.37832923,0.03054560392874239,310.00148638994,1.713165636620221e-15,0.0,407.07245410933405,605.2011131255294,0.0
0.0,0.0012500000000000002,0.5,5e-15,12.452521609407116,19.34777971232237,1119.2180760640001,2e-12,1e-12,111055.191583109,58522.261050760004,55547.05817248692,31000.37832923,0.03054560392874239,310.00148638994,1.713165636620221e-15,0.0,407.07245410933405,605.2011131255294,0.0
0.0,0.00135,0.5,5e-15,12.452521609407116,19.34777971232237,1119.2180760640001,2e-12,1e-12,111055.191583109,58522.261050760004,55547.05817248692,31000.37832923,0.03054560392874239,310.00148638994,1.713165636620221e-15,0.0,407.07245410933405,605.2011131255294,0.0
0.0,0.00145,0.5,5e-15,12.452521609407116,19.34777971232237,1119.2180760640001,2e-12,1e-12,111055.191583109,58522.261050760004,55547.05817248692,31000.37832923,0.03054560392874239,310.00148638994,1.713165636620221e-15,0.0,407.07245410933405,605.2011131255294,0.0
0.0,0.0015500000000000002,0.5,5e-15,12.452521609407116,19.34777971232237,1119.2180760640001,2e-12,1e-12,111055.191583109,58522.261050760004,55547.05817248692,31000.37832923,0.03054560392874239,310.00148638994,1.713165636620221e-15,0.0,407.07245410933405,605.2011131255294,0.0
0.0,0.00165,0.5,5e-15,12.452521609407116,19.34777971232237,1119.2180760640001,2e-12,1e-12,111055.191583109,58522.261050760004,55547.05817248692,31000.37832923,0.03054560392874239,310.00148638994,1.713165636620221e-15,0.0,407.07245410933405,605.2011131255294,0.0
0.0,0.0017500000000000003,0.5,5e-15,12.452521609407116,19.34777971232237,1119.2180760640001,2e-12,1e-12,111055.191583109,58522.261050760004,55547.05817248692,31000.37832923,0.03054560392874239,310.00148638994,1.713165636620221e-15,0.0,407.07245410933405,605.2011131255294,0.0
0.0,0.00185,0.5,5e-15,12.452521609407116,19.34777971232237,1119.2180760640001,2e-12,1e-12,111055.191583109,58522.261050760004,55547.05817248692,31000.37832923,0.03054560392874239,310.00148638994,1.713165636620221e-15,0.0,407.07245410933405,605.2011131255294,0.0
0.0,0.00195,0.5,5e-15,12.452521609407116,19.34777971232237,1119.2180760640001,2e-12,1e-12,111055.191583109,58522.261050760004,55547.05817248692,31000.37832923,0.03054560392874239,310.00148638994,1.713165636620221e-15,0.0,407.07245410933405,605.2011131255294,0.0
0.0,0.00205,0.5,5e-15,12.452521609407116,19.34777971232237,1119.2180760640001,2e-12,1e-12,111055.191583109,58522.261050760004,55547.05817248692,31000.37832923,0.03054560392874239,310.00148638994,1.713165636620221e-15,0.0,407.07245410933405,605.2011131255294,0.0
0.0,0.00215,0.5,5e-15,12.452521609407116,19.34777971232237,1119.2180760640001,2e-12,1e-12,111055.191583109,58522.261050760004,55547.05817248692,31000.37832923,0.03054560392874239,310.00148638994,1.713165636620221e-15,0.0,407.07245410933405,605.2011131255294,0.0
0.0,0.0022500000000000003,0.5,5e-15,12.452521609407116,19.34777971232237,1119.2180760640001,2e-12,1e-12,111055.191583109,58522.261050760004,55547.05817248692,31000.37832923,0.03054560392874239,310.00148638994,1.713165636620221e-15,0.0,407.07245410933405,605.2011131255294,0.0
0.0,0.00235,0.5,5e-15,12.452521609407116,19.34777971232237,1119.2180760640001,2e-12,1e-12,111055.191583109,58522.261050760004,55547.05817248692,31000.37832923,0.03054560392874239,310.00148638994,1.713165636620221e-15,0.0,407.07245410933405,605.2011131255294,0.0
0.0,0.00245,0.5,5e-15,12.452521609407116,19.34777971232237,1119.2180760640001,2e-12,1e-12,111055.191583109,58522.261050760004,55547.05817248692,31000.37832923,0.03054560392874239,310.00148638994,1.713165636620221e-15,0.0,407.07245410933405,605.2011131255294,0.0
0.0,0.00255,0.5,5e-15,12.452521609407116,19.34777971232237,1119.2180760640001,2e-12,1e-12,111055.191583109,58522.261050760004,55547.05817248692,31000.37832923,0.03054560392874239,310.00148638994,1.713165636620221e-15,0.0,407.07245410933405,605.2011131255294,0.0
0.0,0.0026500000000000004,0.5,5e-15,12.452521609407116,19.34777971232237,1119.2180760640001,2e-12,1e-12,111055.191583109,58522.261050760004,55547.05817248692,31000.37832923,0.03054560392874239,310.00148638994,1.713165636620221e-15,0.0,407.07245410933405,605.2011131255294,0.0
0.0,0.00275,0.5,5e-15,12.452521609407116,19.34777971232237,1119.2180760640001,2e-12,1e-12,111055.191583109,58522.261050760004,55547.05817248692,31000.37832923,0.03054560392874239,310.00148638994,1.713165636620221e-15,0.0,407.07245410933405,605.2011131255294,0.0
0.0,0.00285,0.5,5e-15,12.452521609407116,19.34777971232237,1119.2180760640001,2e-12,1e-12,111055.191583109,58522.261050760004,55547.05817248692,31000.37832923,0.03054560392874239,310.00148638994,1.713165636620221e-15,0.0,407.07245410933405,605.2011131255294,0.0
0.0,0.0029500000000000004,0.5,5e-15,12.452521609407116,19.34777971232237,1119.2180760640001,2e-12,1e-12,111055.191583109,58522.261050760004,55547.05817248692,31000.37832923,0.03054560392874239,310.00148638994,1.713165636620221e-15,0.0,407.07245410933405,605.2011131255294,0.0
0.0,0.00305,0.5,5e-15,12.452521609407116,19.34777971232237,1119.2180760640001,2e-12,1e-12,111055.191583109,58522.261050760004,55547.05817248692,31000.37832923,0.03054560392874239,310.00148638994,1.713165636620221e-15,0.0,407.07245410933405,605.2011131255294,0.0
0.0,0.00315,0.5,5e-15,12.452521609407116,19.34777971232237,1119.2180760640001,2e-12,1e-12,111055.191583109,58522.261050760004,55547.05817248692,31000.37832923,0.03054560392874239,310.00148638994,1.713165636620221e-15,0.0,407.07245410933405,605.2011131255294,0.0
0.0,0.0032500000000000003,0.5,5e-15,12.452521609407116,19.34777971232237,1119.2180760640001,2e-12,1e-12,111055.191583109,58522.261050760004,55547.05817248692,31000.37832923,0.03054560392874239,310.00148638994,1.713165636620221e-15,0.0,407.07245410933405,605.2011131255294,0.0
0.0,0.00335,0.5,5e-15,12.452521609407116,19.34777971232237,1119.2180760640001,2e-12,1e-12,111055.191583109,58522.261050760004,55547.05817248692,31000.37832923,0.03054560392874239,310.00148638994,1.713165636620221e-15,0.0,407.07245410933405,605.2011131255294,0.0
0.0,0.00345,0.5,5e-15,12.452521609407116,19.34777971232237,1119.2180760640001,2e-12,1e-12,111055.191583109,58522.261050760004,55547.05817248692,31000.37832923,0.03054560392874239,310.00148638994,1.713165636620221e-15,0.0,407.07245410933405,605.2011131255294,0.0
0.0,0.00355,0.5,5e-15,12.452521609407116,19.34777971232237,1119.2180760640001,2e-12,1e-12,111055.191583109,58522.261050760004,55547.05817248692,31000.37832923,0.03054560392874239,310.00148638994,1.713165636620221e-15,0.0,407.07245410933405,605.2011131255294,0.0
0.0,0.0036500000000000005,0.5,5e-15,12.452521609407116,19.34777971232237,1119.2180760640001,2e-12,1e-12,111055.191583109,58522.261050760004,55547.05817248692,31000.37832923,0.03054560392874239,310.00148638994,1.713165636620221e-15,0.0,407.07245410933405,605.2011131255294,0.0
0.0,0.00375,0.5,5e-15,12.452521609407116,19.34777971232237,1119.2180760640001,2e-12,1e-12,111055.191583109,58522.261050760004,55547.05817248692,31000.37832923,0.03054560392874239,310.00148638994,1.713165636620221e-15,0.0,407.07245410933405,605.2011131255294,0.0
0.0,0.00385,0.5,5e-15,12.452521609407116,19.34777971232237,1119.2180760640001,2e-12,1e-12,111055.191583109,58522.261050760004,55547.05817248692,31000.37832923,0.03054560392874239,310.00148638994,1.713165636620221e-15,0.0,407.07245410933405,605.2011131255294,0.0
0.0,0.00395,0.5,5e-15,12.452521609407116,19.34777971232237,1119.2180760640001,2e-12,1e-12,111055.191583109,58522.261050760004,55547.05817248692,31000.37832923,0.03054560392874239,310.00148638994,1.713165636620221e-15,0.0,407.07245410933405,605.2011131255294,0.0
3155760000.0,5e-05,0.5,5e-15,11.149643886705974,15.701546962380394,298.2182941435498,29.09957340451313,14.549786702256565,110666.62107500664,56521.28138233748,55334.940956657214,29157.56142644721,0.23934229170829985,302.9886736716603,1.5660993816055627e-11,0.0,341.28460076167477,0.0,0.0
3155760000.0,0.00015000000000000001,0.5,5e-15,11.628768467211902,17.615376961038493,392.1559398150001,29.088237019387567,14.544118509693783,110670.47938206697,56802.398792411026,55338.60548659935,29430.76635267485,0.14727104730597726,322.3415392000557,9.249846726510375e-16,0.0,383.51094592238525,0.0,0.0
3155760000.0,0.00025,0.5,5e-15,11.8467993154651,19.551776513832085,427.7878326961344,29.076926860831854,14.538463430415927,110674.48033515151,56897.358698077,55342.46521357923,29515.241006828626,0.10585858814069285,323.02152446783487,-1.7990326106873675e-15,0.0,392.6336058788183,0.0,0.0
3155760000.0,0.00035000000000000005,0.5,5e-15,11.988383736661815,21.497142692020173,448.75977391266184,29.06566036829045,14.532830184145226,110678.52899234845,56949.87426512718,55346.39135231444,29557.457788737323,0.0812535983732789,320.5136395683794,-4.031430777237757e-15,0.0,395.63206963354287,0.0,0.0
3155760000.0,0.00045,0.5,5e-15,12.092680787442097,23.439762660413347,465.13260089400114,29.054454913878285,14.527227456939142,110682.57856441192,56990.84228216516,55350.33147107563,29589.055574339924,0.06479834217267781,317.8827088026051,8.194492916115668e-16,0.0,397.7012241735065,0.0,0.0
3155760000.0,0.00055,0.5,5e-15,12.174920100953504,25.374592651500336,479.79216019201124,29.043327775593863,14.521663887796931,110686.60949359457,57028.484488373026,55354.26372526744,29618.336566792193,0.05298613460783272,315.7814778196603,7.397171501768506e-15,0.0,400.00670239909164,0.0,0.0
3155760000.0,0.00065,0.5,5e-15,12.242702242769697,27.301991374243794,493.62874614034735,29.032296110677947,14.516148055338972,110690.62020585741,57064.97748655863,55358.184249403595,29647.36406510081,0.04410269564031936,314.2523004146911,1.1188288013121679e-15,0.0,402.71351380539585,0.0,0.0
3155760000.0,0.00075,0.5,5e-15,12.366593256460455,31.824330615123444,593.9935141810731,29.021376929160404,14.510688464579111,110699.78734764332,57288.979565985566,55367.267535671795,29857.128555631094,0.030051041645800636,312.9502718694925,-3.544401856946559e-08,0.0,410.93307833830175,68.9528237353956,0.0
3155760000.0,0.0008500000000000001,0.5,5e-15,12.366588122601758,31.818194844283035,820.8194643949868,29.01058706762118,14.505293533810589,110699.9494455123,57739.57291961984,55367.34786454829,30306.73924404024,0.030051325934839057,311.6929488438566,4.597636292715204e-13,0.0,409.2819863537463,297.82741834485086,0.0
3155760000.0,0.0009500000000000001,0.5,5e-15,12.366645054065323,31.814693923921027,950.8919068411773,28.999943163251235,14.499971581625617,110700.11343117742,57997.99878048635,55367.43169780358,30564.584768562334,0.030051199630677282,310.97168926499484,1.5092558791890632e-15,0.0,408.3348517676355,429.0750357097596,0.0
3155760000.0,0.0010500000000000002,0.5,5e-15,12.366670002757271,31.81033215197244,1025.5294184313643,28.98946162817744,14.49473081408872,110700.2723829588,58146.322492313535,55367.5120699231,30712.55926775751,0.03005017298143177,310.5579401000111,-1.0014972100962496e-12,0.0,407.79153342891306,504.3880800448294,0.0
3155760000.0,0.00115,0.5,5e-15,12.366664289742172,31.804188486443667,1068.2731936556909,28.979158624167145,14.489579312083572,110700.4240037563,58231.2982542889,55367.58691023377,30797.31883254145,0.030051821397350072,310.32060181568363,-5.463729501918759e-15,0.0,407.47988831354417,547.5208931405605,0.0
3155760000.0,0.0012500000000000002,0.5,5e-15,12.366687720816945,31.79938397203057,1092.8083268380249,28.969050037705763,14.484525018852883,110700.5746343953,58280.10800695982,55367.6624938435,30845.98907246714,0.030052035318403402,310.1844489238724,1.4857985471164508e-14,0.0,407.3010993889516,572.279942668987,0.0
3155760000.0,0.00135,0.5,5e-15,12.366741431446341,31.796624364542932,1106.8679530857912,28.95915145550094,14.47957572775047,110700.7253793472,58308.10997660523,55367.740070392516,30873.895945037846,0.030050715199456724,310.1063380963813,1.449286159124628e-14,0.0,407.1985309217664,586.4681817807323,0.0
3155760000.0,0.00145,0.5,5e-15,12.36675796186213,31.79198974138306,1114.9204474404287,28.949478140448942,14.474739070224471,110700.86840698488,58324.178844017275,55367.81157635906,30889.895712379173,0.03005222066494425,310.06154471464316,-6.097467696364364e-09,0.0,407.13967327393567,594.5958427713724,0.0
3155760000.0,0.0015500000000000002,0.5,5e-15,12.36677398693423,31.786922008509944,1119.5382241895995,28.940045008101613,14.470022504050807,110701.00582087737,58333.42398846175,55367.88021338915,30899.08702868155,0.03005228295712822,310.03583603447714,1.1596125935176004e-14,0.0,407.10592542621885,599.2579567146056,0.0
3155760000.0,0.00165,0.5,5e-15,12.36676166449286,31.780835467978093,1122.1608681338687,28.93086660366204,14.46543330183102,110701.13666403305,58338.70395214502,55367.94412053546,30904.32244012809,0.030052894267940153,310.0210861459343,3.192561544242052e-15,0.0,407.08658263469744,601.907559625017,0.0
3155760000.0,0.0017500000000000003,0.5,5e-15,12.366826315206533,31.77970561864264,1123.634327445004,28.92195707956787,14.460978539783937,110701.2729090778,58341.698927761994,55368.0155865572,30907.278724673688,0.030052701509388456,310.01263642471633,-1.3620470170133165e-14,0.0,407.07546613003103,603.3954402530771,0.0
3155760000.0,0.00185,0.5,5e-15,12.366849720822161,31.77568924273145,1124.5180170939798,28.913330173658313,14.456665086829156,110701.39807090153,58343.52085710228,55368.078482367004,30909.065817498536,0.030052987307894453,310.0077730044468,-1.0590932672771849e-14,0.0,407.06912479160167,604.2889818732825,0.0
3155760000.0,0.00195,0.5,5e-15,12.366849758535825,31.770736385555782,1124.9868333980532,28.904999187997003,14.452499593998501,110701.51708209739,58344.5158571461,55368.137216888455,30910.02868037167,0.030053132963609796,310.0050009020513,-2.6070937668257993e-15,0.0,407.0654262185275,604.764856264804,0.0
3155760000.0,0.00205,0.5,5e-15,12.366847121462465,31.766188311174457,1125.2427820342925,28.896976968359997,14.44848848418,110701.63094549139,58345.08539574687,55368.19362708236,30910.56821500752,0.030053341960322486,310.0034027142177,3.311542791375012e-15,0.0,407.0633875171006,605.0255126695979,0.0
3155760000.0,0.00215,0.5,5e-15,12.366861293545146,31.762517347115832,1125.3930172760647,28.889275884428525,14.444637942214262,110701.74129297619,58345.44243342869,55368.248994987494,30910.897067782415,0.0300534946182447,310.002485854245,3.4075712825397567e-15,0.0,407.06218964198615,605.1790624644289,0.0
3155760000.0,0.0022500000000000003,0.5,5e-15,12.366878979276173,31.75939338307658,1125.4653319554511,28.881907810715816,14.440953905357906,110701.8476670194,58345.64207370366,55368.30275586465,30911.069983973084,0.030053573015110586,310.0019521262204,1.7907450094511053e-14,0.0,407.06150197709195,605.2537699937228,0.0
3155760000.0,0.00235,0.5,5e-15,12.366932228397634,31.758165761408574,1125.5151985415869,28.874884108257493,14.437442054128747,110701.95233282716,58345.7944799808,55368.35738555617,30911.1972134151,0.03005333022495196,310.00165075930215,-4.4886617262639685e-16,0.0,407.061056237265,605.304900123874,0.0
3155760000.0,0.00245,0.5,5e-15,12.36690988973857,31.75260536309323,1125.5238222782004,28.86821560709367,14.434107803546835,110702.04206041653,58345.861810789844,55368.40003695842,30911.24083490222,0.030053920661009533,310.00148022863726,5.793856012618676e-15,0.0,407.06086436578994,605.3164962554563,0.0
3155760000.0,0.00255,0.5,5e-15,12.366970714587003,31.75269127882975,1125.5081253065325,28.86191258956979,14.430956294784895,110702.13792814958,58345.877881958644,55368.451218162314,30911.23456354433,0.030052795553309995,310.0013843257455,7.74829582116682e-15,0.0,407.0606850521133,605.3009363938606,0.0
3155760000.0,0.0026500000000000004,0.5,5e-15,12.36694016825938,31.74771301797833,1125.5020022201768,28.85598477448203,14.427992387241016,110702.21718082698,58345.91030689294,55368.48884433535,30911.246014626016,0.030053994510234366,310.0013212506455,-7.641254391719643e-15,0.0,407.0606861198063,605.2972899680697,0.0
3155760000.0,0.00275,0.5,5e-15,12.366953000860624,31.745126964377818,1125.5202991605067,28.850441302091596,14.425220651045798,110702.29536500461,58345.98848623812,55368.52813378299,30911.30472245797,0.030054103317307436,310.00128606080375,-1.8565216471948084e-14,0.0,407.06063815190083,605.3169487111263,0.0
3155760000.0,0.00285,0.5,5e-15,12.366964189452522,31.742219277131703,1125.4923632032371,28.845290720031105,14.422645360015554,110702.3670040206,58345.97124186971,55368.56363236238,30911.269421934438,0.030054305353614103,310.0012682813101,9.06123143910535e-15,0.0,407.060594075224,605.2905703702543,0.0
3155760000.0,0.0029500000000000004,0.5,5e-15,12.367021204721699,31.742992963093588,1125.4762275702146,28.840540970124785,14.420270485062392,110702.44017217975,58345.97470824864,55368.60337396283,30911.256197916762,0.03005355376719768,310.0012611615365,-5.807760622861298e-15,0.0,407.06056426375983,605.2741134487176,0.0
3155760000.0,0.00305,0.5,5e-15,12.366986772780722,31.73871456672793,1125.4808741351858,28.836199376142723,14.41809968807136,110702.49597333456,58346.01628254344,55368.62917794455,30911.28270143903,0.030054334022042297,310.0012510049685,1.2828822316925567e-14,0.0,407.0605986351109,605.2807790222818,0.0
3155760000.0,0.00315,0.5,5e-15,12.366995030226388,31.736372866182435,1125.4490346985285,28.832272632508126,14.416136316254063,110702.54987836452,58345.98184875181,55368.65576047403,30911.234635846406,0.030054513181426663,310.0012535358328,-4.815017932585739e-15,0.0,407.06058112321216,605.2501803179681,0.0
3155760000.0,0.0032500000000000003,0.5,5e-15,12.367004196986871,31.735407445008356,1125.4473644887617,28.828766793975106,14.414383396987551,110702.60040573479,58346.004794386405,55368.681817743935,30911.245304606986,0.030054444495193927,310.00124682539933,-5.947989381719611e-15,0.0,407.0605999775478,605.2489138656458,0.0
3155760000.0,0.00335,0.5,5e-15,12.367056271223195,31.736266169650445,1125.4411976098365,28.825687266292537,14.41284363314627,110702.64799046132,58346.01532528152,55368.70801190872,30911.245164560372,0.030053740328347404,310.0012413955714,2.9166768001011703e-16,0.0,407.0605721993773,605.2424861813947,0.0
3155760000.0,0.00345,0.5,5e-15,12.367056516726096,31.734934642122354,1125.4223838965543,28.823038797868914,14.411519398934457,110702.68489028489,58345.997396518396,55368.72645903325,30911.21805499593,0.03005416948882468,310.0012436931245,-6.575942516932644e-15,0.0,407.0605419378531,605.224373414114,0.0
3155760000.0,0.00355,0.5,5e-15,12.36702244355611,31.731578320093988,1125.4114045646836,28.820825472450586,14.410412736225293,110702.71088192957,58345.99189878127,55368.73720899793,30911.204871429214,0.030054626291238798,310.00123862249785,-1.2854587100043344e-14,0.0,407.0605807490226,605.214918529239,0.0
3155760000.0,0.0036500000000000005,0.5,5e-15,12.367026554270312,31.730755899185723,1125.417358640054,28.81905070282492,14.40952535141246,110702.73555232228,58346.01697363804,55368.749611540356,30911.223815040386,0.03005465955915145,310.0012422491911,2.175129662523389e-15,0.0,407.0605855122747,605.2212796717226,0.0
3155760000.0,0.00375,0.5,5e-15,12.367047038712794,31.73131925726729,1125.4175780399837,28.817717225558045,14.408858612779023,110702.75637845382,58346.027161858554,55368.761256250036,30911.22946193667,0.030054530524965182,310.00124180731575,1.0999795655479139e-14,0.0,407.06054775732133,605.2213556737601,0.0
3155760000.0,0.00385,0.5,5e-15,12.367048237148845,31.730733556997638,1125.4388133737168,28.816827096775235,14.408413548387617,110702.76855222063,58346.07640081069,55368.76720376041,30911.275536571848,0.030054537930428213,310.0012401423728,-8.20636781537047e-15,0.0,407.06058302340676,605.2427540854104,0.0
3155760000.0,0.00395,0.5,5e-15,12.367032934875331,31.729592539187085,1125.412725136358,28.816381688990575,14.408190844495287,110702.77257680663,58346.02738607752,55368.76829869232,30911.225053682174,0.030054694656803403,310.0012406640975,-7.313488875419494e-15,0.0,407.0605863514631,605.2172231902784,0.0
6311520000.0,5e-05,0.5,5e-15,10.960761563112959,15.374562261462138,240.84337008149035,29.105201747457627,14.552600873728814,110665.92039978034,56311.76652880031,55334.33059221322,28919.230965982726,0.27423348821774934,264.890324981345,1.0851651625837067e-15,0.0,291.46629351201193,0.0,0.0
6311520000.0,0.00015000000000000001,0.5,5e-15,11.466567937128476,16.71906900947138,362.6212545682675,29.105113369724233,14.552556684862116,110668.5260083741,56719.137313212465,55336.787809475005,29352.997248518473,0.1791644243654909,319.04181681496266,1.1533807508352574e-15,0.0,373.22814186634446,0.0,0.0
6311520000.0,0.00025,0.5,5e-15,11.690421955838888,18.07249184995343,408.91742189235754,29.105025196451493,14.552512598225746,110671.22839748194,56854.65169512447,55339.40465244221,29485.140738067057,0.13525508684248866,328.08687138583383,-5.6704891446537616e-15,0.0,392.72142999432504,0.0,0.0
6311520000.0,0.00035000000000000005,0.5,5e-15,11.834795657411465,19.430207690332566,431.1129589296033,29.104937363596193,14.552468681798096,110673.96730568763,56911.76058704426,55342.07737077944,29533.924282901095,0.10800723446518426,327.1036412805614,-7.163013627072625e-14,0.0,397.1213523990931,0.0,0.0
6311520000.0,0.00045,0.5,5e-15,11.941060916031569,20.787945886696562,444.9322744508708,29.104850006590244,14.55242500329512,110676.71790100011,56944.02406091799,55344.7728086112,29557.468654868295,0.08918632408355827,323.90029008595496,3.3387265793066358e-15,0.0,397.6509668962293,0.0,0.0
6311520000.0,0.00055,0.5,5e-15,12.024739463948146,22.140311157384378,455.80315491867077,29.104763260131808,14.552381630065904,110679.46018647855,56968.94168911504,55347.46861752453,29574.41543508133,0.07531499149357498,320.70882201344386,5.8381970468231165e-15,0.0,397.64065482918835,0.0,0.0
6311520000.0,0.00065,0.5,5e-15,12.093542298259418,23.484763937518633,465.66132392568784,29.104677257977645,14.552338628988823,110682.18414641262,56992.31464935768,55350.15374871737,29590.739730654754,0.06464263344417999,318.098634448528,-2.0034423811283295e-14,0.0,398.028640553321,0.0,0.0
6311520000.0,0.00075,0.5,5e-15,12.151819609211348,24.820934032281635,475.1682226429577,29.104592132736837,14.55229606636842,110684.8869276019,57015.848973519634,55352.824400407415,29608.048690753734,0.056166774611630915,316.1160734173855,8.960793687777124e-15,0.0,398.9764809073794,0.0,0.0
6311520000.0,0.0008500000000000001,0.5,5e-15,12.202299358282696,26.14869356102451,484.5183250597988,29.10450801566635,14.552254007833175,110687.56708967662,57039.83623384101,55355.4784989232,29626.481962064543,0.04927464014640316,314.66083223102646,2.0048102064641813e-15,0.0,400.4103413123911,0.0,0.0
6311520000.0,0.0009500000000000001,0.5,5e-15,12.246796684397156,27.469019029856735,493.7357334732252,29.104425036468594,14.552212518234299,110690.22665691063,57064.10961953647,55358.117231866956,29645.73603584425,0.04356574955219745,313.6108080812666,6.815401946786066e-15,0.0,402.20384429696594,0.0,0.0
6311520000.0,0.0010500000000000002,0.5,5e-15,12.28658713703836,28.783566574761473,502.7993444286207,29.104343323091495,14.552171661545746,110692.86982117109,57088.42666459076,55360.74380122146,29665.462139649127,0.03876508388756716,312.86278299142833,2.5966703113550086e-15,0.0,404.2430622359474,0.0,0.0
6311520000.0,0.00115,0.5,5e-15,12.366363504934595,31.860218198755696,632.1325229343526,29.104263001531134,14.552131500765565,110699.01609132734,57362.51389160273,55366.87619796082,29930.1577195993,0.030049951179558172,312.02216688087265,-9.604802966962585e-15,0.0,409.71426207508966,108.58387994723638,0.0
6311520000.0,0.0012500000000000002,0.5,5e-15,12.366348337679211,31.85893556976027,842.7035754542059,29.104184195637547,14.552092097818774,110699.03901643067,57781.51300338774,55366.88641791644,30348.50510202533,0.030050186625989555,311.1605439999176,-7.221464589905018e-15,0.0,408.5827896365261,320.55747472327306,0.0
6311520000.0,0.00135,0.5,5e-15,12.366367521312917,31.860071736456185,963.3827284941283,29.104107026923717,14.552053513461857,110699.06517167516,58021.64667547546,55366.90067005999,30588.262575588924,0.030049996458512387,310.666276557634,1.554922795462031e-14,0.0,407.93374544518167,442.0401943651538,0.0
6311520000.0,0.00145,0.5,5e-15,12.3664005844214,31.86208475576525,1032.6238210849638,29.104031614378204,14.5520158071891,110699.09238562534,58159.4309872707,55366.91632656053,30725.828802602835,0.030049331230652825,310.38275635732384,1.3100452140526807e-16,0.0,407.5613877826196,511.7415841718587,0.0
6311520000.0,0.0015500000000000002,0.5,5e-15,12.36635117569879,31.859188874105918,1072.3599098541888,29.10395807428167,14.551979037140837,110699.10813778044,58238.50713971381,55366.92134528039,30804.77766136354,0.03005013547447187,310.22009401588866,-4.42945947975023e-15,0.0,407.3478475517012,551.7436935712167,0.0
6311520000.0,0.00165,0.5,5e-15,12.366351094645777,31.859201939627845,1095.100952413144,29.103886520027633,14.551943260013816,110699.12892152031,58283.766133447425,55366.931786136905,30849.96158832726,0.030050139232544078,310.1267788071141,-1.494488268545697e-15,0.0,407.22530715299297,574.636557896707,0.0
6311520000.0,0.0017500000000000003,0.5,5e-15,12.366352381514872,31.859354380973816,1108.140002256879,29.103817061947566,14.551908530973785,110699.14856163235,58309.72006976897,55366.94179335897,30875.870592369993,0.030050090905014645,310.07326312139014,-3.7084913984607535e-16,0.0,407.1550545300712,587.7625266674324,0.0
6311520000.0,0.00185,0.5,5e-15,12.3663524756774,31.859447898102577,1115.6333426479648,29.1037498071408,14.551874903570399,110699.16778322001,58324.63943041007,55366.951531440536,30890.762213702652,0.03005008263983726,310.04255498230185,8.730078066312231e-15,0.0,407.1147263077004,595.3057925799064,0.0
6311520000.0,0.00195,0.5,5e-15,12.366352430428634,31.85904631701966,1119.9132006404898,29.103684859309347,14.551842429654673,110699.18468009,58333.16392257752,55366.95961103778,30899.26912549322,0.030050159793443883,310.02495069359446,5.593537801917492e-15,0.0,407.0915977738995,599.6145307606939,0.0
6311520000.0,0.00205,0.5,5e-15,12.366352691768231,31.859094456210407,1122.3559626774768,29.103622318598084,14.55181115929904,110699.20133588315,58338.03239923441,55366.96801849697,30904.125948506877,0.030050180833668436,310.01485417196454,-8.770110840358063e-15,0.0,407.07831432735503,602.0737796522088,0.0
6311520000.0,0.00215,0.5,5e-15,12.366401318088318,31.8615197084414,1123.7598470443365,29.103562281440226,14.551781140720113,110699.2217644654,58340.833530304546,55366.98068654335,30906.918808108643,0.030049376692654575,310.00905148916837,8.971903992750327e-16,0.0,407.0707287248064,603.4856990433293,0.0
6311520000.0,0.0022500000000000003,0.5,5e-15,12.366352930248814,31.859264905751047,1124.5805832687292,29.103504840408753,14.551752420204377,110699.23177671432,58342.47389852975,55366.98346818632,30908.553059992948,0.030050121510320306,310.0057100580684,1.2515663331879903e-14,0.0,407.06633876048903,604.3130842099707,0.0
6311520000.0,0.00235,0.5,5e-15,12.366353150038988,31.85936101628254,1125.0132919198438,29.103450084073547,14.551725042036773,110699.24570709954,58343.34143373272,55366.990556949975,30909.415746839837,0.030050104790906793,310.00380848426056,-9.666669345134836e-15,0.0,407.06384406290783,604.7488305778234,0.0
6311520000.0,0.00245,0.5,5e-15,12.36635358289197,31.859405189436618,1125.2477967403743,29.103398096864918,14.55169904843246,110699.25862091275,58343.81416056705,55366.99708410424,30909.884457243283,0.030050089686280618,310.0027230406559,-3.644210838437882e-15,0.0,407.0624262458183,604.9850543532642,0.0
6311520000.0,0.00255,0.5,5e-15,12.366353521010428,31.8593019965495,1125.3619339304958,29.10334895894338,14.55167447947169,110699.2702772013,58344.046792545465,55367.00283370652,30910.113674650347,0.030050112059755,310.0020990022575,-9.792248015095896e-15,0.0,407.0616021026475,605.1002740619322,0.0
6311520000.0,0.0026500000000000004,0.5,5e-15,12.366402426369481,31.861242070816807,1125.438384738719,29.103302746076043,14.551651373038021,110699.28481263827,58344.20415910351,55367.01206681001,30910.26807886346,0.03005116122118224,310.0017282593063,3.201047388430082e-14,0.0,407.06113939133155,605.1762923145312,0.0
6311520000.0,0.00275,0.5,5e-15,12.366353729436364,31.859243687280248,1125.5291498596382,29.103259529519782,14.551629764759893,110699.29122213394,58344.39028814447,55367.013292796975,30910.451490673473,0.030050123729134577,310.00151392237507,2.838164731591692e-14,0.0,407.06083258136516,605.2684751862679,0.0
6311520000.0,0.00285,0.5,5e-15,12.366353457806056,31.858959014869473,1125.5060011258556,29.103219375911358,14.551609687955677,110699.29996475682,58344.3483373248,55367.01739969673,30910.40715622207,0.03005018341071858,310.0014037309858,3.4290839801703894e-15,0.0,407.0606752540264,605.2456901602272,0.0
6311520000.0,0.0029500000000000004,0.5,5e-15,12.36635370285993,31.858961458290466,1125.5336900220018,29.103182347164886,14.551591173582443,110699.30821003974,58344.4076561854,55367.02154336717,30910.464373195646,0.030050184462308446,310.0013334117433,1.5929798199784982e-13,0.0,407.0605817099148,605.2734964183936,0.0
6311520000.0,0.00305,0.5,5e-15,12.36635408181388,31.859260570889365,1125.5361748245562,29.103148500375838,14.551574250187919,110699.31652908813,58344.41640492765,55367.026018899815,30910.47114870285,0.03005012329661438,310.00128732609346,-5.277301457329883e-12,0.0,407.0605339634435,605.2758640410243,0.0
6311520000.0,0.00315,0.5,5e-15,12.36635317268305,31.858672770014586,1125.482858213783,29.103117887733568,14.551558943866786,110699.32210762019,58344.313069870805,55367.02823593193,30910.3661523981,0.030050239390945845,310.0012774055791,-4.639879591374029e-15,0.0,407.0605006354395,605.2229250374347,0.0
6311520000.0,0.0032500000000000003,0.5,5e-15,12.366403148169981,31.861363451476596,1125.52568294053,29.10309055644057,14.551545278220285,110699.33321240144,58344.40162886655,55367.03649218967,30910.4532309108,0.030049972070996415,310.001261122863,-1.0775230912197648e-12,0.0,407.0605125147899,605.2643981786945,0.0
6311520000.0,0.00335,0.5,5e-15,12.366381650040065,31.860136325041637,1125.5057447143733,29.103066548639696,14.551533274319848,110699.33630370998,58344.3643197603,55367.03682293058,30910.414607419414,0.030050035690309358,310.00124274270695,-5.528371595809021e-15,0.0,407.0604285726883,605.2452209679559,0.0
6311520000.0,0.00345,0.5,5e-15,12.366403064793777,31.861246151292253,1125.4739152726372,29.10304590134924,14.551522950674618,110699.34279167614,58344.30293332862,55367.041188608215,30910.35210168702,0.030050803295663515,310.0012486183264,-1.8660265030352353e-14,0.0,407.06048249986515,605.2126350420069,0.0
6311520000.0,0.00355,0.5,5e-15,12.366354216257482,31.859112182150284,1125.4727667568031,29.10302864640582,14.551514323202912,110699.34215701837,58344.30244229584,55367.03874468768,30910.3507036695,0.03005014825100213,310.001244457612,-3.0506870887543804e-15,0.0,407.0604770705282,605.2126019939252,0.0
6311520000.0,0.0036500000000000005,0.5,5e-15,12.366354272550149,31.859320717435544,1125.4964664971087,29.103014810415345,14.551507405207673,110699.34558563899,58344.351318603134,55367.04067443287,30910.398823628908,0.030050117080389942,310.0012337521203,-1.2164143643473828e-14,0.0,407.0604622041335,605.2362171057872,0.0
6311520000.0,0.00375,0.5,5e-15,12.366354468727014,31.859175682610598,1125.4684422344576,29.10300441471187,14.551502207355933,110699.3472907945,58344.296313450875,55367.04138720726,30910.343326323477,0.030050133995833415,310.00124721551856,-1.4326636638223687e-14,0.0,407.0604844123624,605.2082288649648,0.0
6311520000.0,0.00385,0.5,5e-15,12.366403192219076,31.861729609447643,1125.500495595284,29.102997475324816,14.551498737662408,110699.35411586158,58344.36117009072,55367.047353469214,30910.407790247416,0.0300482819762386,310.00123746507523,3.333768328256332e-15,0.0,407.0604403360803,605.2392205905304,0.0
6311520000.0,0.00395,0.5,5e-15,12.366353789072432,31.858909948270565,1125.4801902692823,29.102994002954222,14.551497001477111,110699.34920718816,58344.32096993511,55367.042085029636,30910.367386547074,0.03005019357657747,310.00123787965606,-1.4939158145172215e-14,0.0,407.0604570787576,605.2201750159907,0.0
9467280000.0,5e-05,0.5,5e-15,10.852357137297505,15.241237637986,190.10761174849927,29.105245625659283,14.552622812829641,110665.67227193514,56108.97260323623,55334.115671847474,28670.6567466917,0.29547860406588494,216.6695814030137,1.4344078837817187e-15,0.0,235.3815107011421,0.0,0.0
9467280000.0,0.00015000000000000001,0.5,5e-15,11.371183807808858,16.330686111979535,338.06570776291494,29.105244936672143,14.552622468336072,110667.76671109184,56640.91496743802,55336.056880288255,29271.66469972044,0.19774863517211472,310.20891878065123,1.0428471307424866e-15,0.0,358.99417612375066,0.0,0.0
9467280000.0,0.00025,0.5,5e-15,11.599305928408356,17.432344312595674,396.38849449262364,29.105244249279018,14.552622124639509,110669.96309139662,56824.16703190718,55338.167314938,29461.02322285617,0.15304162918618372,329.91377078749673,-1.4428518856463278e-16,0.0,391.36637924622835,0.0,0.0
9467280000.0,0.00035000000000000005,0.5,5e-15,11.74597117859014,18.53903053162821,422.65523668921594,29.10524356453972,14.55262178226986,110672.19634245326,56896.30577981698,55340.33370615075,29527.394139349723,0.12458123260700348,331.9311708963952,3.574588408219247e-15,0.0,399.4746813724061,0.0,0.0
9467280000.0,0.00045,0.5,5e-15,11.853756069456379,19.647164069352367,436.74775842727405,29.105242883510112,14.552621441755056,110674.44530471893,56929.38976413314,55342.5262380182,29552.215845920182,0.10453963585632035,329.02476713231874,2.0220236744422436e-14,0.0,400.2187876241903,0.0,0.0
9467280000.0,0.00055,0.5,5e-15,11.938631582898667,20.752931362999515,446.29851083840157,29.105242207240295,14.552621103620147,110676.6962896237,56949.533929441015,55344.72761677141,29564.26317033683,0.08959895430025869,325.2370117172634,-2.276640178289194e-15,0.0,399.184549205222,0.0,0.0
9467280000.0,0.00065,0.5,5e-15,12.008432401986308,21.854253609648403,454.2886048373654,29.105241536773015,14.552620768386507,110678.93855436113,56966.37335596817,55346.926761035706,29573.85622634101,0.07794359311371309,321.8286359913945,-5.661726416281625e-12,0.0,398.22337691382165,0.0,0.0
9467280000.0,0.00075,0.5,5e-15,12.067552266231157,22.949667729510953,461.8410696452237,29.105240873142094,14.552620436571047,110681.1673344529,56983.229564427784,55349.11786376166,29584.3717637566,0.0685926912488883,319.0961200931096,-3.722034047715137e-15,0.0,397.8501600998342,0.0,0.0
9467280000.0,0.0008500000000000001,0.5,5e-15,12.118711645743517,24.038188543477233,469.3304810597444,29.105240217370795,14.5526201086854,110683.37848497467,57000.99071616693,55351.29660631677,29596.57136420555,0.060915756346760844,317.01092658925114,-2.4821497580559662e-14,0.0,398.10679661893533,0.0,0.0
9467280000.0,0.0009500000000000001,0.5,5e-15,12.163733050514331,25.11954281952997,476.8429209454444,29.105239570470015,14.552619785235146,110685.57058851622,57019.667386506684,55353.46118394726,29610.310203970515,0.054501381956712065,315.45495885997923,2.2324744069905297e-11,0.0,398.8886179954163,0.0,0.0
9467280000.0,0.0010500000000000002,0.5,5e-15,12.203895197426277,26.193914493437404,484.36144139550476,29.105238933437466,14.552619466719017,110687.74359480116,57039.00189786338,55355.61118356572,29625.19540195757,0.04906361470485227,314.3046697054614,-1.2941443860034781e-11,0.0,400.0654939508924,0.0,0.0
9467280000.0,0.00115,0.5,5e-15,12.24012812271247,27.2619153476803,491.8395673131758,29.105238307256283,14.552619153628141,110689.8988151514,57058.694677562926,55357.74746452839,29640.822213591568,0.04439842900021795,313.4558175619068,1.2672878478271281e-15,0.0,401.5208646508039,0.0,0.0
9467280000.0,0.0012500000000000002,0.5,5e-15,12.27313122873985,28.32453797851061,499.2339807754214,29.105237692890565,14.552618846445284,110692.03874800073,57078.49781029139,55359.87196817588,29656.866113339995,0.040355571627680935,312.8297774441954,2.0339501776907555e-14,0.0,403.16469332609097,0.0,0.0
9467280000.0,0.00135,0.5,5e-15,12.30345108542402,29.382913976814166,506.5217385574396,29.105237091288213,14.552618545644107,110694.16635385646,57098.25476473978,55361.987071433505,29673.110933571974,0.03681757405967533,312.36906997912274,1.9722201946141006e-14,0.0,404.9338220802448,0.0,0.0
9467280000.0,0.00145,0.5,5e-15,12.366341839699,31.85973319855965,646.0548475027438,29.105236503376815,14.552618251688408,110699.11493077422,57389.59051053548,55366.924644541694,29956.964326290134,0.030050149652725313,311.69527534576355,6.48252360601612e-16,0.0,409.28496656485015,123.03840384366384,0.0
9467280000.0,0.0015500000000000002,0.5,5e-15,12.36634658120872,31.85969459942855,850.6464083754736,29.10523593006292,14.552617965031462,110699.13384584791,57796.976199132856,55366.93406374235,30363.804209282407,0.030050136355453432,310.97301418545237,-9.618329875753472e-15,0.0,408.33655209347353,328.80496842747726,0.0
9467280000.0,0.00165,0.5,5e-15,12.366347602616367,31.85973910321634,967.9229308947057,29.105235372230506,14.552617686115253,110699.15196892043,58030.50167390919,55366.943170100334,30597.014824959693,0.030050137262782925,310.55869198977643,7.43243324596833e-15,0.0,407.79247935797827,446.75555865119543,0.0
9467280000.0,0.0017500000000000003,0.5,5e-15,12.366398295926704,31.86242641877014,1035.1608228228063,29.10523483073974,14.55261741536987,110699.17435803506,58164.39130326159,55366.957051924626,30730.722199093096,0.03004999132563201,310.3210256970614,6.726093123638766e-12,0.0,407.4803668666326,514.3788502459793,0.0
9467280000.0,0.00185,0.5,5e-15,12.366348137072695,31.859751422026612,1073.825760819616,29.105234306425544,14.552617153212772,110699.18535716078,58241.38826327858,55366.95987706754,30807.61291006152,0.030050146725351834,310.18467210847064,8.384536385475305e-14,0.0,407.30133133522025,553.2668971684022,0.0
9467280000.0,0.00195,0.5,5e-15,12.3663978611941,31.862734993896524,1095.884683828909,29.10523380009638,14.55261690004819,110699.2067927648,58285.31822964894,55366.97357503316,30851.48045145804,0.030048324871513172,310.1064896443217,-3.705214050510733e-15,0.0,407.19866150349446,575.4516811630237,0.0
9467280000.0,0.00205,0.5,5e-15,12.36639429470857,31.86238314007754,1108.5809056132973,29.105233312532985,14.55261665626649,110699.22040613832,58310.605545104605,55366.98003277843,30876.730598187172,0.03004972653214639,310.06162323345575,1.519380802278824e-14,0.0,407.1397308236846,588.2210125357747,0.0
9467280000.0,0.00215,0.5,5e-15,12.366349172160035,31.860238100822556,1115.8499705935192,29.105232844487098,14.552616422243549,110699.22954723515,58325.086100679386,55366.98245932875,30891.188461415924,0.03005005731099872,310.03588336699954,1.4126502309661603e-13,0.0,407.1059707168061,595.5328607021776,0.0
9467280000.0,0.0022500000000000003,0.5,5e-15,12.36638356184189,31.861859676317003,1120.0446086054346,29.10523239668047,14.552616198340235,110699.24601966316,58333.44484423345,55366.99231695789,30899.532905076085,0.030049856460071935,310.0211002443554,4.755012245805561e-15,0.0,407.08649756223633,599.7509644604279,0.0
9467280000.0,0.00235,0.5,5e-15,12.36637664828177,31.86131145507545,1122.3987784447806,29.105231969803558,14.552615984901779,110699.2566156236,58338.13789104394,55366.997067100994,30904.216671995793,0.030049948057105147,310.0126370324828,-2.142555651367503e-14,0.0,407.0753970662916,602.1191044624138,0.0
9467280000.0,0.00245,0.5,5e-15,12.36634892551769,31.85997345927702,1123.7628971301615,29.105231564514582,14.552615782257291,110699.2649995169,58340.859614860135,55366.999921591814,30906.931954895546,0.03005012651213654,310.0077881368571,-3.968713032221957e-13,0.0,407.0690626051256,603.491677851798,0.0
9467280000.0,0.00255,0.5,5e-15,12.36634865525159,31.859841533272885,1124.5140690582084,29.10523118143846,14.552615590719228,110699.27521391574,58342.36022589372,55367.00489712248,30908.42787073022,0.03005015673819116,310.00500728434224,1.3997316514924066e-14,0.0,407.06540542133365,604.247458286489,0.0
9467280000.0,0.0026500000000000004,0.5,5e-15,12.366348282768124,31.859625696408234,1124.9555163041773,29.10523082116587,14.552615410582934,110699.28457054922,58343.24395560932,55367.009359892705,30909.307952262767,0.030050201088516134,310.0033919483789,-7.957494203282723e-15,0.0,407.0632776336888,604.6916635472388,0.0
9467280000.0,0.00275,0.5,5e-15,12.36637614894204,31.86129440098285,1125.2395983743543,29.105230484252328,14.552615242126164,110699.2967798813,58343.81418793692,55367.01713292617,30909.875313808967,0.03004996881345666,310.00247357015496,-1.7426260146616753e-14,0.0,407.06204540880844,604.976489099899,0.0
9467280000.0,0.00285,0.5,5e-15,12.366397847618629,31.862516993047528,1125.3435949959098,29.10523017121752,14.552615085608759,110699.3072878263,58344.02490532185,55367.02360892258,30910.083613847335,0.03004956959283624,310.0019458903489,1.8796255014589843e-11,0.0,407.06135737482396,605.0806538455932,0.0
9467280000.0,0.0029500000000000004,0.5,5e-15,12.36634808757925,31.859565258590663,1125.456450440097,29.105229882543586,14.552614941271793,110699.30874359116,58344.25359438429,55367.02138646343,30910.31021452414,0.03005022176357944,310.00164620410186,-2.264974408912887e-16,0.0,407.0609818829493,605.195479069997,0.0
9467280000.0,0.00305,0.5,5e-15,12.366348989411263,31.859985904141816,1125.5137315339784,29.105229618676184,14.552614809338092,110699.3161679231,58344.3710174541,55367.02551923342,30910.425829919317,0.030050139701171534,310.001457554569,-3.2434009538380375e-14,0.0,407.0607496770822,605.2528051489536,0.0
9467280000.0,0.00315,0.5,5e-15,12.366376219775653,31.86122490395576,1125.4299718351988,29.105229380021967,14.552614690010984,110699.3248157781,58344.20633470111,55367.031081983056,30910.25960956237,0.030049991239971444,310.0013978856814,6.025745989931885e-16,0.0,407.0606342204641,605.168631887795,0.0
9467280000.0,0.0032500000000000003,0.5,5e-15,12.366348652799946,31.859827632099545,1125.5298196388155,29.10522916694894,14.55261458347447,110699.32718324878,58344.408491842,55367.030868921174,30910.460375107396,0.030050175456333404,310.0013174437231,2.1367145417656402e-14,0.0,407.06055922419904,605.2692218400011,0.0
9467280000.0,0.00335,0.5,5e-15,12.366397952367745,31.862188574963827,1125.484961353329,29.105228979785647,14.552614489892823,110699.33631893471,58344.32097719703,55367.037798104924,30910.371672393445,0.03005033173541795,310.00127386711046,9.448443110077483e-15,0.0,407.0605409911596,605.2231720118401,0.0
9467280000.0,0.00345,0.5,5e-15,12.366348272289565,31.859745766830656,1125.4888701566417,29.105228818820674,14.552614409410337,110699.33558091168,58344.33073958145,55367.034986111335,30910.380447837382,0.030050193953377533,310.00126656999294,4.933816354930892e-15,0.0,407.06048989613225,605.228404478689,0.0
9467280000.0,0.00355,0.5,5e-15,12.36634889737972,31.85994420322865,1125.4385647985061,29.10522868430222,14.552614342151111,110699.3392590518,58344.23177458566,55367.037023580684,30910.280649055414,0.03005015536618045,310.00126109283826,-5.2776639095579886e-12,0.0,407.0604898083931,605.1779851333913,0.0
9467280000.0,0.0036500000000000005,0.5,5e-15,12.366366041119736,31.860952059979034,1125.4887430135952,29.10522857643772,14.55261428821886,110699.34372872609,58344.333325920845,55367.04026603378,30910.38156499266,0.03004998939734901,310.0012420990958,-1.0690756786677508e-12,0.0,407.0604706419931,605.2276703017776,0.0
9467280000.0,0.00375,0.5,5e-15,12.366348210611006,31.85963498296742,1125.4740482623208,29.105228495393483,14.552614247696742,110699.34319486916,58344.30495353391,55367.038682520135,30910.35269420697,0.030050218549936048,310.00124717236264,2.6884167020489907e-15,0.0,407.060460110682,605.2136838546584,0.0
9467280000.0,0.00385,0.5,5e-15,12.366349062925176,31.86001463394915,1125.4958989814681,29.105228441294464,14.55261422064723,110699.34508339502,58344.349238359995,55367.04000630146,30910.39667176651,0.030050142571306535,310.00123938047176,-2.1646820392090028e-13,0.0,407.06046424645575,605.235309641793,0.0
9467280000.0,0.00395,0.5,5e-15,12.366349045118284,31.860006287540653,1125.4862221643632,29.105228414224083,14.552614207112041,110699.34583360355,58344.33026882064,55367.04037307455,30910.377511499944,0.030050144546046317,310.00124003592845,9.146657756890537e-13,0.0,407.0604647341416,605.2256371718239,0.0
12623040000.0,5e-05,0.5,5e-15,10.776358076222017,15.166008195494504,139.7975328170023,29.10524596773093,14.552622983865465,110665.52535047254,55899.68336110175,55333.99902636496,28405.333947647352,0.3115010178162728,161.48553191670467,3.18469132501429e-15,0.0,173.93345482828786,0.0,0.0
12623040000.0,0.00015000000000000001,0.5,5e-15,11.30215589981323,16.099541771905326,314.9042433965168,29.105245962359675,14.552622981179837,110667.27987751103,56561.54220754895,55335.60865639523,29184.342467514223,0.21091748534421578,297.9717249467228,-2.960989756915837e-15,0.0,342.01515792832197,0.0,0.0
12623040000.0,0.00025,0.5,5e-15,11.533651994803604,17.051135601817577,385.38288340221544,29.105245957000847,14.552622978500422,110669.15244908458,56794.54657494326,55337.406510137276,29434.675548552477,0.16590455131994467,329.64785362259056,-1.8021175316680352e-14,0.0,388.4207905167718,0.0,0.0
12623040000.0,0.00035000000000000005,0.5,5e-15,11.682454311484198,18.010860234270066,416.71759740769954,29.10524595166269,14.552622975831344,110671.07228788295,56885.790513733584,55339.26792855547,29523.4559546302,0.13679170540297217,335.5597149486952,-1.1983529920046586e-16,0.0,401.35631592160166,0.0,0.0
12623040000.0,0.00045,0.5,5e-15,11.791942867303401,18.976173843403174,432.1921374030877,29.10524594635345,14.552622973176724,110673.02242175235,56923.63680150772,55341.16659503747,29553.737735075993,0.11593470419819238,333.5017632361398,-4.7946610495176805e-15,0.0,403.1702890267491,0.0,0.0
12623040000.0,0.00055,0.5,5e-15,11.878356574393983,19.944159434572732,441.4472143507936,29.105245941081325,14.55262297054066,110674.99163010632,56942.40060739407,55343.08762151743,29564.250821736015,0.10015312386474874,329.43981662150736,-1.1202344521068578e-14,0.0,401.7385019487741,0.0,0.0
12623040000.0,0.00065,0.5,5e-15,11.949580953322808,20.91327570608454,448.473701382497,29.10524593585441,14.552622967927205,110676.97290667795,56955.57164752237,55345.02252396268,29569.814496299587,0.08772697163578845,325.41565034954493,1.7155653711745402e-09,0.0,399.89285916135566,0.0,0.0
12623040000.0,0.00075,0.5,5e-15,12.010059400837601,21.882322068684108,454.87502391565783,29.105245930680795,14.552622965340397,110678.96403021313,56968.214520007095,55346.967037269,29575.773499011968,0.0776795912177842,322.03377232273317,-2.353508476736776e-14,0.0,398.55671161698575,0.0,0.0
12623040000.0,0.0008500000000000001,0.5,5e-15,12.062545841921784,22.850479139112775,461.2442262471232,29.10524592556846,14.55262296278423,110680.96248447424,56981.96936326465,55348.9177926333,29583.70328228293,0.06936517895136515,319.375351974953,1.085651078040765e-14,0.0,397.9309822057561,0.0,0.0
12623040000.0,0.0009500000000000001,0.5,5e-15,12.108845163862975,23.817178646714137,467.7463765069404,29.105245920525274,14.552622960262637,110682.96688632449,56997.101968132854,55350.872692444005,29593.716327213835,0.06236486058045795,317.3476480927642,8.881188856163561e-15,0.0,397.95685439658143,0.0,0.0
12623040000.0,0.0010500000000000002,0.5,5e-15,12.150220023229847,24.781933581099324,474.38518884746156,29.10524591555902,14.55262295777951,110684.97638038167,57013.404894491614,55352.83024856984,29605.45351015192,0.05639194252389334,315.82110180099295,-1.0338733832789885e-14,0.0,398.5051819571576,0.0,0.0
12623040000.0,0.00115,0.5,5e-15,12.187576000664055,25.74419910235397,481.10636833387423,29.105245910677333,14.552622955338668,110686.98990818288,57030.53635579942,55354.78897459695,29618.449117399883,0.051240240018793876,314.6754503543253,6.110311807885743e-15,0.0,399.44344082136655,0.0,0.0
12623040000.0,0.0012500000000000002,0.5,5e-15,12.221591169684245,26.703174542361335,487.8479640021468,29.105245905887774,14.552622952943889,110689.00561477985,57048.17240944793,55356.746834892154,29632.285209852234,0.04675601528502364,313.813685330062,1.1636338799325497e-14,0.0,400.66030829563874,0.0,0.0
12623040000.0,0.00135,0.5,5e-15,12.25274325937806,27.657589627671225,494.5401095496045,29.10524590119772,14.552622950598858,110691.02018708631,57066.00156675519,55358.700683411786,29646.587144980444,0.04282965638747127,313.1612907959795,-2.7609072561557576e-13,0.0,402.0635938352463,0.0,0.0
12623040000.0,0.00145,0.5,5e-15,12.281406584475976,28.605272116959018,501.13276287122136,29.105245896614385,14.552622948307194,110693.027556744,57083.79967204799,55360.6451379659,29661.087434542464,0.03937327853771944,312.66558259268504,1.3521406361319134e-14,0.0,403.5873508759911,0.0,0.0
12623040000.0,0.0015500000000000002,0.5,5e-15,12.307811356831584,29.541921870728167,507.5758699841556,29.10524589214486,14.55262294607243,110695.01533315926,57101.36310393139,55362.56957138302,29675.556845458137,0.036321005019557345,312.2878765241814,8.91711683477202e-15,0.0,405.1789758527209,0.0,0.0
12623040000.0,0.00165,0.5,5e-15,12.343597757504304,30.917886875060148,516.9803540172593,29.10524588779601,14.552622943898006,110698.2679485914,57127.51770463887,55365.56403018686,29697.448999976394,0.032413061541861424,311.99306158177853,1.928794674018717e-09,0.0,407.73017401170324,0.0,0.0
12623040000.0,0.0017500000000000003,0.5,5e-15,12.366363825559292,31.861092989250864,774.6081127225049,29.10524588357456,14.55262294178728,110699.5314864379,57645.53660260297,55367.13427722361,30212.39751638206,0.03005003994714661,311.1487159467324,6.3903330971843015e-15,0.0,408.56727232780185,252.4801261752223,0.0
12623040000.0,0.00185,0.5,5e-15,12.366347754242737,31.859865365446154,924.3665532789485,29.105245879487022,14.552622939743511,110699.44134542866,57943.78562496743,55367.0879794173,30510.30197243759,0.030050198700696865,310.6594681043997,-2.622014671545597e-15,0.0,407.9248200438634,403.0351409771022,0.0
12623040000.0,0.00195,0.5,5e-15,12.366397923422358,31.862160013770875,1010.1205815413336,29.105245875539687,14.552622937769844,110699.36551746898,58114.55142387143,55367.05236239958,30680.87768728792,0.030051370120822977,310.37886167296074,-7.156385499586954e-15,0.0,407.55633646100273,489.2444374140279,0.0
12623040000.0,0.00205,0.5,5e-15,12.36634884440965,31.860132206046526,1059.4298022594298,29.105245871738653,14.552622935869326,110699.28874638389,58212.730749759154,55367.01194649966,30778.954576101765,0.03005009797295918,310.2178642428505,-1.1844085459264968e-11,0.0,407.3449356079322,538.8166875257557,0.0
12623040000.0,0.00215,0.5,5e-15,12.366397842556179,31.862594574371233,1087.6546779725165,29.10524586808977,14.552622934044887,110699.22942840387,58268.917186034705,55366.98474770029,30835.087956412073,0.030048996330125356,310.1255074777594,4.83411455861146e-13,0.0,407.22360842320677,567.1907101254981,0.0
12623040000.0,0.0022500000000000003,0.5,5e-15,12.366348122660755,31.859738357066423,1103.8448050585673,29.105245864598682,14.552622932299341,110699.16683012729,58301.13650091878,55366.95059465155,30867.28175893926,0.030050144742770325,310.0725164742285,-2.7604464490846176e-15,0.0,407.1540527879231,583.4684209938415,0.0
12623040000.0,0.00235,0.5,5e-15,12.366349084564366,31.860213336978195,1113.0919424180372,29.10524586127075,14.552622930635374,110699.11817151058,58319.53002172229,55366.926740086026,30885.6648938123,0.030050028597282768,310.04213502995503,5.6862348586071225e-15,0.0,407.1141800062258,592.7646742500657,0.0
12623040000.0,0.00245,0.5,5e-15,12.366348988929197,31.859892338412827,1118.434356173806,29.105245858111125,14.55262292905556,110699.07504935766,58330.149999934794,55366.90485810582,30896.282440542356,0.03005006839425203,310.024706964528,1.7694812882573103e-15,0.0,407.0912917835834,598.1356115603419,0.0
12623040000.0,0.00255,0.5,5e-15,12.366365586887751,31.86110463948351,1121.4366953066447,29.105245855124664,14.55262292756233,110699.04139419759,58336.11161712428,55366.889242422796,30902.245610429123,0.030049873057113496,310.0147180442942,6.927976225488973e-15,0.0,407.0781634691356,601.1536402147565,0.0
12623040000.0,0.0026500000000000004,0.5,5e-15,12.366348304325355,31.85974110413138,1123.1923673747651,29.10524585231598,14.55262292615799,110699.00900578711,58339.59370141413,55366.87168511948,30905.73080812279,0.030050095899114556,310.00895979022806,3.2550073363820532e-15,0.0,407.0705933926795,602.9193839269415,0.0
12623040000.0,0.00275,0.5,5e-15,12.366397560981843,31.862404969111267,1124.2778447110297,29.105245849689396,14.5526229248447,110698.98980474187,58341.7441190718,55366.86474715935,30907.884898903485,0.030049428274354837,310.00566209246244,9.908834232658836e-15,0.0,407.06625479233736,604.0088580867447,0.0
12623040000.0,0.00285,0.5,5e-15,12.366347956951227,31.859587626058747,1124.7862509412255,29.10524584724898,14.552622923624492,110698.96431834523,58342.74627459691,55366.8491879704,30908.890594002674,0.030050112555999976,310.00376764337983,2.544970912428995e-14,0.0,407.06377017528797,604.5218085967249,0.0
12623040000.0,0.0029500000000000004,0.5,5e-15,12.366376628357914,31.86167465018123,1125.0924967078531,29.105245844998493,14.552622922499246,110698.95257330577,58343.348127497375,55366.84540187202,30909.495641558035,0.030049792293988423,310.00270530263646,7.736811097312013e-16,0.0,407.0623672471765,604.8287488929064,0.0
12623040000.0,0.00305,0.5,5e-15,12.366349167678733,31.85997319005236,1125.3404312796122,29.105245842941372,14.552622921470688,110698.93642190658,58343.83610470476,55366.83562510618,30909.986267157306,0.030050006238812106,310.00205652684,-1.3819519229098286e-14,0.0,407.0615548081483,605.0784750897901,0.0
12623040000.0,0.00315,0.5,5e-15,12.36639793687273,31.862340952430642,1125.308522013715,29.10524584108082,14.55262292054041,110698.93142847333,58343.76663728475,55366.83549565002,30909.918999746824,0.030049749694686274,310.001744303731,6.772330292620344e-15,0.0,407.0611436293832,605.0460380272431,0.0
12623040000.0,0.0032500000000000003,0.5,5e-15,12.366348003610055,31.859696436569592,1125.4886946107204,29.1052458394197,14.552622919709847,110698.91912876595,58344.1228410384,55366.82670189884,30910.276820797822,0.030050076724520505,310.00151760009453,-3.727256220473789e-15,0.0,407.0608200304759,605.2278435775174,0.0
12623040000.0,0.00335,0.5,5e-15,12.36639774561365,31.86230469358812,1125.4564503446863,29.10524583796057,14.552622918980285,110698.91886614748,58344.05534660265,55366.82917891206,30910.210562743883,0.03005006171169472,310.00138430719755,-7.036961805390733e-12,0.0,407.0606701559126,605.1945205012664,0.0
12623040000.0,0.00345,0.5,5e-15,12.366397709018061,31.86232665462044,1125.4865187622256,29.10524583670568,14.55262291835284,110698.91511515266,58344.11342807878,55366.82732504255,30910.269555470735,0.030049924951623674,310.0013260932533,-5.2245588406960104e-15,0.0,407.06058916137425,605.2246708675217,0.0
12623040000.0,0.00355,0.5,5e-15,12.366349511014276,31.859967012422775,1125.3959476573016,29.10524583565697,14.552622917828485,110698.9073338528,58343.93078102733,55366.8210748676,30910.087629264624,0.030049976699854125,310.0013103051669,-3.819943375431824e-15,0.0,407.06059304718013,605.1351488502961,0.0
12623040000.0,0.0036500000000000005,0.5,5e-15,12.366348313624455,31.859745272470207,1125.4872105789354,29.10524583481606,14.552622917408032,110698.90530576868,58344.11227699056,55366.819839238924,30910.269543761868,0.030050063136543105,310.0012621045285,2.6162336894116553e-15,0.0,407.06048586378427,605.2267463255821,0.0
12623040000.0,0.00375,0.5,5e-15,12.366348125090711,31.85975515042635,1125.4702678119882,29.10524583418425,14.552622917092123,110698.90405042573,58344.07776236213,55366.81922142157,30910.235348440772,0.030050060280823465,310.00126448845793,2.4974114435176517e-15,0.0,407.0604899288864,605.2097916498146,0.0
12623040000.0,0.00385,0.5,5e-15,12.366349663801461,31.860204800255982,1125.4876704803803,29.105245833763576,14.552622916881242,110698.9042106239,58344.112132478476,55366.81975106243,30910.26989886263,0.030049997093312242,310.0012458308348,-7.714549820527228e-12,0.0,407.0604583189006,605.2270208900635,0.0
12623040000.0,0.00395,0.5,5e-15,12.36636496278602,31.86044361974074,1125.492165844694,29.105245833551447,14.552622916775723,110698.90447352221,58344.12102306102,55366.82012120717,30910.278830724797,0.03004994718061454,310.00124143846455,-9.533937182299346e-16,0.0,407.06045939369415,605.2313882347536,0.0
15778800000.0,5e-05,0.5,5e-15,10.719314347334494,15.11799454299312,88.42030077867015,29.105245970397693,14.552622985198848,110665.46836476965,55681.386307952984,55333.94866171126,28123.36352251594,0.32457193403639045,100.76319866074043,3.3546981898249723e-10,0.0,107.82439463923225,0.0,0.0
15778800000.0,0.00015000000000000001,0.5,5e-15,11.248754170558183,15.94491316610637,292.47280996244405,29.105245970355877,14.552622985177939,110667.04476674851,56480.86936603786,55335.35660929674,29092.261024200463,0.22098594043888212,283.3149303889922,4.76398977563117e-16,0.0,323.07553751865413,0.0,0.0
15778800000.0,0.00025,0.5,5e-15,11.48265606502248,16.794190858772303,375.03443867270266,29.105245970314137,14.552622985157068,110668.75347461762,56764.49484551192,55336.97034830296,29405.73005845275,0.17603961609362057,327.8622632884467,-1.5746109428088682e-14,0.0,384.22054899742625,0.0,0.0
15778800000.0,0.00035000000000000005,0.5,5e-15,11.632749090272977,17.650978529779433,411.79540756203005,29.105245970272556,14.552622985136276,110670.5028358096,56876.74686663579,55338.64271718615,29519.475632921116,0.14648991686682966,338.29156079302203,-5.470181340858075e-15,0.0,402.65153475076676,0.0,0.0
15778800000.0,0.00045,0.5,5e-15,11.74299999478247,18.512469364123454,429.07186714920556,29.105245970231188,14.552622985115594,110672.2770006354,56921.1532261241,55340.348605663894,29557.32916801359,0.12514750826977536,337.47850868268057,-2.544085753675157e-14,0.0,406.0348458602805,0.0,0.0
15778800000.0,0.00055,0.5,5e-15,11.82993786292592,19.37672906237677,438.37853803029105,29.105245970190108,14.552622985095054,110674.065850031,56939.91622194078,55342.07483789372,29567.824374718643,0.10892143278907351,333.38202763074315,-9.29446718138801e-11,0.0,404.54596528913754,0.0,0.0
15778800000.0,0.00065,0.5,5e-15,11.901497523987768,20.24058295171585,444.67900944692,29.105245970149376,14.552622985074688,110675.85837509908,56950.34292302855,55343.8092731855,29570.33436746138,0.09608088128977407,328.880113026409,-1.0677336884692925e-15,0.0,402.03245165604795,0.0,0.0
15778800000.0,0.00075,0.5,5e-15,11.962167625990013,21.103111542586124,450.0618463155469,29.105245970109046,14.552622985054523,110677.6499893464,56959.30537572667,55345.546644023125,29572.29234556261,0.08559845774143936,324.9270704703126,-4.3498098638593675e-15,0.0,399.86330213796316,0.0,0.0
15778800000.0,0.0008500000000000001,0.5,5e-15,12.014700174086459,21.963033588150928,455.33595038904514,29.105245970069202,14.552622985034601,110679.43728250587,56969.21827240694,55347.28287571697,29576.144140730103,0.07692997790013836,321.7376918456315,2.463597350971385e-11,0.0,398.4180752023305,0.0,0.0
15778800000.0,0.0009500000000000001,0.5,5e-15,12.06092069928284,22.818694242556468,460.76311788500533,29.105245970029888,14.552622985014944,110681.21474803146,56980.67012663851,55349.01264081519,29582.344558126468,0.06961583741832787,319.2613532384621,-6.165064704713547e-15,0.0,397.70258948636894,0.0,0.0
15778800000.0,0.0010500000000000002,0.5,5e-15,12.102074186314365,23.66868098499204,466.37586653253095,29.10524596999118,14.55262298499559,110682.97729643881,56993.53869362524,55350.73140678906,29590.61177924965,0.0633683422651397,317.37144772679704,3.145448564494125e-15,0.0,397.59959484317284,0.0,0.0
15778800000.0,0.00115,0.5,5e-15,12.139060691601449,24.511724906203415,472.12164611973014,29.105245969953113,14.552622984976557,110684.72172192566,57007.47322082995,55352.435878715434,29600.455830205537,0.057975974514893634,315.93695160996896,1.9040812719699203e-15,0.0,397.96799146274486,0.0,0.0
15778800000.0,0.0012500000000000002,0.5,5e-15,12.172552731588588,25.34625276306931,477.92946616185856,29.105245969916623,14.552622984957884,110686.44301884016,57022.1068010134,55354.12167127668,29611.40087828987,0.05328410211257496,314.8471705888577,-1.3310980430817586e-11,0.0,398.6822925977486,0.0,0.0
15778800000.0,0.00135,0.5,5e-15,12.203069526294135,26.17074887903473,483.73111383972025,29.105245969879192,14.552622984939596,110688.1366382945,57037.11572395066,55355.78475462497,29623.040811831987,0.04917285328325823,314.01408278489066,2.3512717215429635e-14,0.0,399.63956122268473,0.0,0.0
15778800000.0,0.00145,0.5,5e-15,12.231008132406327,26.98375968449482,489.46872906738537,29.10524596984346,14.552622984921728,110689.79821180752,57052.2389419357,55357.42130810184,29635.057642218337,0.04555081884663819,313.3728858680858,2.2775802683901425e-12,0.0,400.761286798959,0.0,0.0
15778800000.0,0.0015500000000000002,0.5,5e-15,12.256691126476303,27.784057842480173,495.0969238706227,29.1052459698086,14.5526229849043,110691.42402777952,57067.2742511673,55359.028102005585,29647.207764067105,0.04234467868586807,312.87502207879777,-4.713300163041998e-15,0.0,401.98772196490154,0.0,0.0
15778800000.0,0.00165,0.5,5e-15,12.280401282231612,28.570847974077104,500.5901219967847,29.105245969774675,14.55262298488734,110693.01161282962,57082.09523527206,55360.602979133946,29659.33289868314,0.039491930809572265,312.48574430276494,1.2374689348216087e-14,0.0,403.27778829827884,0.0,0.0
15778800000.0,0.0017500000000000003,0.5,5e-15,12.30239280164234,29.344672223621206,505.9346167908866,29.10524596974174,14.55262298487087,110694.56231956353,57096.62388581541,55362.147053949906,29671.331206628198,0.03694051523853285,312.1804882414231,-2.4840376320530173e-11,0.0,404.6032593134034,0.0,0.0
15778800000.0,0.00185,0.5,5e-15,12.322912116076868,30.107413608848738,511.1329168672354,29.105245969709863,14.552622984854931,110696.0814023214,57110.84016066828,55363.66474468242,29683.16260430016,0.03464395407104679,311.94296832794066,2.567341295118014e-10,0.0,405.94835913302137,0.0,0.0
15778800000.0,0.00195,0.5,5e-15,12.366345502730793,31.859935633212217,732.7427749464752,29.105245969679068,14.552622984839534,110699.54637424549,57561.992115388035,55367.140564023604,30128.901807597133,0.03005018394075052,311.21965225392813,-5.99965506612095e-13,0.0,408.66046543872164,210.49981643937687,0.0
15778800000.0,0.00205,0.5,5e-15,12.36639818208363,31.862433584879653,900.3205398724514,29.10524596964942,14.55262298482471,110699.54582428545,57895.845184512444,55367.14278709525,30462.367150893657,0.030050242101465265,310.7001741620693,1.1156800844306538e-14,0.0,407.9783011848702,378.92165904776033,0.0
15778800000.0,0.00215,0.5,5e-15,12.366397959056789,31.862743190225633,996.3737537533042,29.105245969620967,14.552622984810483,110699.54087218063,58087.20302357579,55367.140619306505,30653.503306431383,0.03004955681128919,310.40218522053163,-3.203856297412344e-11,0.0,407.5868925441376,475.45957382514695,0.0
15778800000.0,0.0022500000000000003,0.5,5e-15,12.366365639145265,31.86082475174734,1051.5023060347598,29.105245969593735,14.552622984796868,110699.53002976965,58197.02911451685,55367.133280677226,30763.20299693096,0.030050075003641503,310.23123159403895,-1.3621855610821383e-15,0.0,407.3624757865098,530.8671402045269,0.0
15778800000.0,0.00235,0.5,5e-15,12.366348296328654,31.859764910661294,1083.0702617570896,29.105245969567758,14.552622984783879,110699.5211172671,58259.916270917434,55367.12776491026,30826.018404877934,0.03005024888644863,310.1331686098084,2.295768019995117e-12,0.0,407.23369699773934,562.5951919296667,0.0
15778800000.0,0.00245,0.5,5e-15,12.36634879911317,31.860066915848105,1101.201256552558,29.105245969543088,14.552622984771544,110699.51449484678,58296.03400368344,55367.12475558444,30862.095806697693,0.03005018390761449,310.0769389308424,-7.767548467796424e-15,0.0,407.15987199877696,580.8174740323423,0.0
15778800000.0,0.00255,0.5,5e-15,12.366376900396734,31.861741681748622,1111.5392920910842,29.105245969519775,14.552622984759887,110699.51061223613,58316.625709661894,55367.12448858494,30882.665197540267,0.030049950846649284,310.04469008800464,-7.159800517472183e-15,0.0,407.11749926528836,591.2072051171851,0.0
15778800000.0,0.0026500000000000004,0.5,5e-15,12.366349198621482,31.859967567195017,1117.4884697681082,29.10524596949785,14.552622984748925,110699.49954298818,58328.47399583175,55367.11718034262,30894.50143001227,0.0300501857940134,310.02614593899426,-1.0449423485480253e-14,0.0,407.093180233376,597.1873502896894,0.0
15778800000.0,0.00275,0.5,5e-15,12.366348215108369,31.859651612808243,1121.0286255424146,29.10524596947736,14.55262298473868,110699.4920036645,58335.52420807699,55367.11309486616,30901.545444049774,0.030050262443694024,310.0155220098563,-2.7716927616346478e-14,0.0,407.0792046159043,600.745030345863,0.0
15778800000.0,0.00285,0.5,5e-15,12.36639800796921,31.86274566634517,1122.910237572355,29.105245969458313,14.552622984729158,110699.49124266858,58339.26868304055,55367.115806279086,30905.2871042294,0.03004917746865274,310.00942734430043,-2.5961373159508505e-11,0.0,407.0711916346879,602.6351153586506,0.0
15778800000.0,0.0029500000000000004,0.5,5e-15,12.366397864796474,31.86264222291451,1124.0499360191782,29.105245969440766,14.552622984720383,110699.48420648433,58341.5358899985,55367.112185255406,30907.55344780327,0.030049435054212432,310.00594817348104,2.3485630341948585e-12,0.0,407.0665963152327,603.7804341230609,0.0
15778800000.0,0.00305,0.5,5e-15,12.36634885170884,31.86002522994831,1124.734387114477,29.105245969424704,14.55262298471235,110699.47245753667,58342.89657790549,55367.10369525446,30908.91417116526,0.030050180727382622,310.0039123268725,-6.04822210579131e-16,0.0,407.0639740264044,604.469444404892,0.0
15778800000.0,0.00315,0.5,5e-15,12.366348803125886,31.860048922051693,1124.9588758128682,29.105245969410174,14.552622984705089,110699.46667838842,58343.33988606306,55367.10082934953,30909.35812077494,0.030050180872331137,310.00281574615735,9.609616322162276e-15,0.0,407.06252936901217,604.6957206091746,0.0
15778800000.0,0.0032500000000000003,0.5,5e-15,12.36634848182597,31.85975730997617,1125.2950989911571,29.10524596939721,14.552622984698607,110699.46063040318,58344.00785081353,55367.097513852495,30910.026941478078,0.03005023200460996,310.00212332019134,-1.2633914884745504e-15,0.0,407.0616137691705,605.0332374979798,0.0
15778800000.0,0.00335,0.5,5e-15,12.36634911749468,31.860174256203244,1125.3295782737925,29.105245969385816,14.552622984692908,110699.45626186045,58344.07328732127,55367.09574635082,30910.093364560034,0.030050144159648885,310.0017360916037,1.5033473574671853e-14,0.0,407.06112328023977,605.0680784579516,0.0
15778800000.0,0.00345,0.5,5e-15,12.366348676833594,31.859854826201442,1125.4453296317993,29.105245969376025,14.552622984688012,110699.451225646,58344.30201304521,55367.09290893497,30910.323047003796,0.03005020956128139,310.0015202082243,-3.7012002023881954e-13,0.0,407.06082544957246,605.1843884394467,0.0
15778800000.0,0.00355,0.5,5e-15,12.366348783180733,31.85990474738605,1125.3174833098692,29.105245969367825,14.552622984683913,110699.44777538374,58344.044335044215,55367.091233701816,30910.066189399553,0.030050198388472487,310.0014340690202,1.0964729116513278e-14,0.0,407.0607142870927,605.0566508101741,0.0
15778800000.0,0.0036500000000000005,0.5,5e-15,12.366348985021588,31.860080860943025,1125.4813394936548,29.10524596936127,14.552622984680633,110699.44510682275,58344.37027924429,55367.090075608816,30910.392803551927,0.03005016560786432,310.0013269686794,-8.109142397595406e-14,0.0,407.06057747113215,605.2205802764576,0.0
15778800000.0,0.00375,0.5,5e-15,12.366349333517567,31.860273453899204,1125.4603377577935,29.10524596935634,14.55262298467817,110699.44312214987,58344.32708582613,55367.08927563071,30910.350171037844,0.03005011815406381,310.0013099671562,4.5091128213061926e-14,0.0,407.0605692271047,605.1994631693583,0.0
15778800000.0,0.00385,0.5,5e-15,12.366349020155013,31.860397991716166,1125.4741162276598,29.10524596935304,14.552622984676521,110699.44190745686,58344.35378974018,55367.08879282378,30910.377231848815,0.030050113946426617,310.0012751574388,-1.4930461041994087e-14,0.0,407.06051074684325,605.2132777153474,0.0
15778800000.0,0.00395,0.5,5e-15,12.366396881840096,31.862401611367364,1125.4956728216625,29.105245969351405,14.5526229846757,110699.44501447954,58344.39642082588,55367.092349986604,30910.420067829727,0.030050136279563124,310.0012570778522,-7.596247829421067e-15,0.0,407.06049196509474,605.2339063756209,0.0
18934560000.0,5e-05,0.5,5e-15,10.673271628672763,15.083702210430955,35.41289171715125,29.105245970418476,14.552622985209238,110665.41119616508,55453.373754377295,55333.90812480909,27825.53021538045,0.3357418115521008,35.35338801409903,-4.135240213213496e-15,0.0,37.54207276055941,0.0,0.0
18934560000.0,0.00015000000000000001,0.5,5e-15,11.204382259349613,15.830284480659888,270.25698767381255,29.10524597041819,14.552622985209094,110666.81301559959,56398.25427372141,55335.142570877695,28995.69456380556,0.22921883666174145,266.7933844093842,-1.2296156108487351e-14,0.0,302.56110802857654,0.0,0.0
18934560000.0,0.00025,0.5,5e-15,11.440189152106214,16.602913245462787,364.8467944697609,29.105245970417904,14.552622985208952,110668.35956873666,56733.08201011413,55336.59873627313,29373.90936579188,0.18434890698588619,324.89894792001206,-1.977724965914602e-15,0.0,378.97159515435175,0.0,0.0
18934560000.0,0.00035000000000000005,0.5,5e-15,11.591271030082442,17.38208636161086,407.25658879476197,29.105245970417617,14.552622985208806,110669.9445474675,56867.56122738855,55338.110958507335,29514.371915782624,0.1546287579405307,340.3055214243763,-9.043046827584912e-15,0.0,403.3690788923402,0.0,0.0
18934560000.0,0.00045,0.5,5e-15,11.70221665817931,18.16642949562566,426.68199427054185,29.105245970417307,14.552622985208654,110671.55416593543,56919.9086171215,55339.65678435288,29561.445182280877,0.1329655369578027,341.0426045076254,-3.4343816917855544e-14,0.0,408.70163435011256,0.0,0.0
18934560000.0,0.00055,0.5,5e-15,11.789696687268615,18.95328058918331,436.3805561113301,29.105245970417002,14.552622985208501,110673.17845456566,56939.880820176295,55341.222519759365,29573.243968001603,0.11633550171681213,337.099665680627,1.2252546657070654e-15,0.0,407.43163384617174,0.0,0.0
18934560000.0,0.00065,0.5,5e-15,11.861775474225983,19.742032932116967,442.27114657191584,29.105245970416707,14.552622985208354,110674.81252446442,56948.60554089892,55342.80186527624,29573.761690955344,0.10311462719945935,332.23205174483087,2.4674530255223755e-14,0.0,404.451683991406,0.0,0.0
18934560000.0,0.00075,0.5,5e-15,11.922925986780326,20.53037679890975,446.93183287073833,29.1052459704164,14.5526229852082,110676.44852402784,56954.81296185875,55344.38657906371,29572.605552984656,0.09229967457439317,327.77178436697017,8.170505143842673e-15,0.0,401.60216350198766,0.0,0.0
18934560000.0,0.0008500000000000001,0.5,5e-15,11.975912287315643,21.31735681570213,451.4016513548674,29.105245970416036,14.552622985208052,110678.08327575833,56961.75912118664,55345.9729269708,29573.17874528663,0.08329568414808358,324.0869314449011,7.868485940096885e-14,0.0,399.4630892133765,0.0,0.0
18934560000.0,0.0009500000000000001,0.5,5e-15,12.022578484941787,22.101570371734763,456.0530658671308,29.105245970415805,14.552622985207902,110679.71317785213,56970.41071808073,55347.55681793618,29576.342576096355,0.07565887252343566,321.18024037215076,-2.586927598164342e-16,0.0,398.11884001128794,0.0,0.0
18934560000.0,0.0010500000000000002,0.5,5e-15,12.064248319836937,22.884091847312675,460.9620341083546,29.105245970415503,14.552622985207753,110681.33952684223,56980.781883957476,55349.139400775966,29581.94986785295,0.0691023089159495,318.9366106613232,-2.696541128459664e-15,0.0,397.47477422860914,0.0,0.0
18934560000.0,0.00115,0.5,5e-15,12.101758045344866,23.661807151243362,466.090742177666,29.105245970415197,14.552622985207599,110682.95383018744,56992.55634601489,55350.71289383414,29589.528455262047,0.06341535273062841,317.21793481748693,-5.701100491970612e-15,0.0,397.3893108175657,0.0,0.0
18934560000.0,0.0012500000000000002,0.5,5e-15,12.13580482132482,24.434303083753903,471.36830745936936,29.10524597041489,14.552622985207448,110684.55461437852,57005.35401426097,55352.27583493862,29598.573243939063,0.058441879934533404,315.90212945014997,9.935046297436005e-15,0.0,397.7274400808163,0.0,0.0
18934560000.0,0.00135,0.5,5e-15,12.166899028426762,25.200366358103093,476.71916904766294,29.10524597041461,14.552622985207304,110686.13825198484,57018.81689765159,55353.824959386824,29608.63052074116,0.05406307473274084,314.88961621165765,-1.1249628444475555e-14,0.0,398.37448718202137,0.0,0.0
18934560000.0,0.00145,0.5,5e-15,12.195443612956147,25.958658151012745,482.0813878659479,29.10524597041432,14.552622985207162,110687.7007710863,57032.66024440575,55355.35675492933,29619.345921188116,0.05018517198367856,314.10537033750995,1.168007380599533e-15,0.0,399.2422474078835,0.0,0.0
18934560000.0,0.0015500000000000002,0.5,5e-15,12.221746350468656,26.707765658077346,487.39885918997726,29.10524597041404,14.55262298520702,110689.23799692826,57046.64087200133,55356.86757728972,29630.42682736691,0.04673614175343671,313.49193086554703,4.734791844877903e-13,0.0,400.26032220456983,0.0,0.0
18934560000.0,0.00165,0.5,5e-15,12.246055679030139,27.44628729954572,492.627635297094,29.105245970413748,14.552622985206874,110690.74578500986,57060.57128020417,55358.35383648732,29641.651454695,0.043657894459015426,313.0072544265206,-5.243959549323113e-15,0.0,401.37585403955075,0.0,0.0
18934560000.0,0.0017500000000000003,0.5,5e-15,12.268588031226617,28.172941925952266,497.73955910824964,29.105245970413467,14.552622985206733,110692.22032724941,57074.325342788085,55359.81224725779,29652.86864026322,0.04090040906262552,312.6213696576771,-2.6188445042713684e-15,0.0,402.5516656231245,0.0,0.0
18934560000.0,0.00185,0.5,5e-15,12.289532124278344,28.886858045853966,502.7166354833771,29.1052459704132,14.5526229852066,110693.6589772767,57087.81702927178,55361.2405305801,29663.973088991166,0.03842150334515879,312.3121342111841,9.500729515574445e-15,0.0,403.7608646651744,0.0,0.0
18934560000.0,0.00195,0.5,5e-15,12.309060221895356,29.587950218955058,507.5541712337157,29.105245970412938,14.552622985206469,110695.06150724062,57101.007415525746,55362.6384100033,29674.909194115233,0.03618263507434391,312.0638223340139,3.727518300513778e-15,0.0,404.98649451015694,0.0,0.0
18934560000.0,0.00205,0.5,5e-15,12.327320650292478,30.275857325193602,512.2454999354685,29.105245970412696,14.552622985206346,110696.42617306122,57113.86032634505,55364.004596647035,29685.633284306186,0.03415595658658642,311.8669753767011,7.753262279833952e-14,0.0,406.216638187684,0.0,0.0
18934560000.0,0.00215,0.5,5e-15,12.366344716328864,31.85958442984421,739.4955420410847,29.105245970412433,14.552622985206218,110699.55498635782,57575.351424049906,55367.144519062014,30142.213716974227,0.030050289383028707,311.1593962337681,1.0322315337967847e-15,0.0,408.58129102799046,217.35095953546963,0.0
18934560000.0,0.0022500000000000003,0.5,5e-15,12.366346943926493,31.85953509120181,904.205840882113,29.105245970412206,14.552622985206103,110699.54676897006,57903.53252351122,55367.14036110409,30470.02696480966,0.030050303514459368,310.66559585681483,7.440800489026385e-14,0.0,407.9328481423473,382.86468449356795,0.0
18934560000.0,0.00235,0.5,5e-15,12.366347844610242,31.85972437271384,998.5339649341878,29.105245970411982,14.552622985205991,110699.53835698341,58091.47574792262,55367.13634427824,30657.76020487883,0.030050262047512363,310.3823477686832,-3.9624821890256235e-15,0.0,407.56090698937464,477.6535181187216,0.0
18934560000.0,0.00245,0.5,5e-15,12.366347667091672,31.85956877536173,1052.7572205258593,29.105245970411772,14.552622985205886,110699.52965878879,58199.51155550435,55367.131839632275,30765.6764118955,0.03005029079223308,310.21987158818837,1.0867980736029003e-13,0.0,407.34754431304145,532.1412116063112,0.0
18934560000.0,0.00255,0.5,5e-15,12.366348489992733,31.85987060021523,1083.7212413361913,29.10524597041156,14.55262298520578,110699.52140574231,58261.20205797105,55367.12801482676,30827.29930985264,0.030050227313107674,310.12668454080756,1.3317784578053677e-15,0.0,407.2251867519921,563.25665348025,0.0
18934560000.0,0.0026500000000000004,0.5,5e-15,12.36638321894876,31.861555214256494,1101.5270639912587,29.105245970411367,14.552622985205682,110699.51632496061,58296.675536771145,55367.12715856872,30862.73487557076,0.030049994653985078,310.0731863754677,2.1656470569427693e-15,0.0,407.15489928162265,581.1487915391315,0.0
18934560000.0,0.00275,0.5,5e-15,12.366348249381357,31.859788377283664,1111.8666285392728,29.105245970411158,14.552622985205579,110699.50425563019,58317.273724373634,55367.11935752879,30883.312170278783,0.03005023858693863,310.04250456119536,5.398795827214972e-13,0.0,407.1146422910912,591.5390479943145,0.0
18934560000.0,0.00285,0.5,5e-15,12.366348831955973,31.860040239556984,1117.635229864515,29.105245970411083,14.552622985205543,110699.49625689181,58328.76268573062,55367.115610014116,30894.790074953187,0.03005019021584253,310.02491587733124,7.627208046756896e-13,0.0,407.0915510470473,597.3361208707051,0.0
18934560000.0,0.0029500000000000004,0.5,5e-15,12.366348514131337,31.859784311691556,1121.0201500045048,29.10524597041087,14.552622985205435,110699.48811332516,58335.50346091896,55367.11128232395,30901.52521160285,0.030050235044571758,310.014830346407,1.2483036248000044e-14,0.0,407.0783009521915,600.7375984677602,0.0
18934560000.0,0.00305,0.5,5e-15,12.366348305457567,31.859678788512202,1123.0040253313668,29.105245970410728,14.552622985205366,110699.48051478552,58339.45292439968,55367.107377584194,30905.472160495898,0.030050253636361678,310.00900125741475,-1.7661800821242902e-14,0.0,407.0706427598772,602.7310224281332,0.0
18934560000.0,0.00315,0.5,5e-15,12.366376177367043,31.861160690880784,1123.9936487270816,29.1052459704106,14.552622985205298,110699.47668331066,58341.42054379778,55367.10694327481,30907.43906871135,0.030050046617553852,310.00573883397004,-1.1562676793387277e-13,0.0,407.06633337274724,603.7252886147891,0.0
18934560000.0,0.0032500000000000003,0.5,5e-15,12.366348852138968,31.859983508134405,1124.7750641594973,29.105245970410497,14.552622985205247,110699.46788761804,58342.975374466165,55367.10136860071,30908.99400429725,0.03005019082944448,310.00379122809824,3.3278233690770098e-15,0.0,407.0638107570734,604.5103533685815,0.0
18934560000.0,0.00335,0.5,5e-15,12.366348728238258,31.859969653367404,1124.9637823594903,29.10524597041038,14.55262298520519,110699.46223471775,58343.347281680144,55367.098528297705,30909.366500337954,0.03005018909580992,310.0027033426018,-3.128917137889801e-14,0.0,407.06238412843123,604.7008420923706,0.0
18934560000.0,0.00345,0.5,5e-15,12.366348621865669,31.859708130255253,1125.2710423029562,29.105245970410298,14.552622985205149,110699.45664165178,58343.957676519785,55367.09547030389,30909.977692234395,0.030050231188599303,310.0020706158734,-8.903216452520927e-16,0.0,407.0615506104981,605.0092714893057,0.0
18934560000.0,0.00355,0.5,5e-15,12.366348632058468,31.85992636098392,1125.2221251326985,29.10524597041022,14.55262298520511,110699.45297743662,58343.85699587874,55367.09385637291,30909.87779648404,0.03005019512301951,310.00175148192284,-3.1212131979392803e-15,0.0,407.0611324704518,604.9607608535556,0.0
18934560000.0,0.0036500000000000005,0.5,5e-15,12.366348297712777,31.859690285157345,1125.4206626082594,29.105245970410166,14.552622985205083,110699.44910856537,58344.251720612054,55367.09168594618,30910.27319469781,0.030050241611801864,310.00150066683153,-1.1025865649360773e-14,0.0,407.0607939711847,605.1598548299864,0.0
18934560000.0,0.00375,0.5,5e-15,12.36634887740223,31.85994380081463,1125.4086874904278,29.105245970410124,14.552622985205062,110699.44703784923,58344.22633293609,55367.0909039923,30910.248387159052,0.030050190224954455,310.00143137839933,-3.335937531561647e-15,0.0,407.060712289212,605.1478347358698,0.0
18934560000.0,0.00385,0.5,5e-15,12.366348600571797,31.859815081372144,1125.4595617496057,29.105245970410092,14.552622985205046,110699.44503176925,58344.32696252111,55367.089772299514,30910.349391239968,0.030050215669903953,310.00133889029223,-5.4384493209270646e-15,0.0,407.06058587501917,605.1989403309977,0.0
18934560000.0,0.00395,0.5,5e-15,12.366397828034305,31.862446487962657,1125.4770769171455,29.105245970410085,14.552622985205042,110699.44936634369,58344.361439810804,55367.094569756,30910.384096765483,0.03004960341591754,310.0013147481658,3.915351258691e-15,0.0,407.0605435941874,605.2151386832445,0.0
22090320000.0,5e-05,0.5,5e-15,10.599140303339505,14.932871812233957,7.46643590611698,29.105245970418647,14.552622985209323,110664.8021916009,55332.40109580577,55333.14983672917,27666.57491836706,0.1842641142347907,0.09213205711739535,1.1493133887335303e-14,0.0,0.0,0.0,0.0
22090320000.0,0.00015000000000000001,0.5,5e-15,11.168166401217027,15.745228094138422,245.8807232439091,29.105245970418682,14.552622985209343,110666.57472765284,56304.44631349101,55334.95178428062,28883.27433588047,0.23592572771159112,246.22339272336393,1.2790484819555827e-15,0.0,277.9639846593599,0.0,0.0
22090320000.0,0.00025,0.5,5e-15,11.405025564746186,16.458601307291957,353.3506947982385,29.105245970418707,14.552622985209354,110667.94943015695,56694.747022354444,55336.26305081414,29332.498356335775,0.1911967673532901,319.5252399521386,-6.657297245227189e-12,0.0,371.2251697155877,0.0,0.0
22090320000.0,0.00035000000000000005,0.5,5e-15,11.556541564433173,17.177236289110372,402.0987824833108,29.10524597041873,14.552622985209364,110669.35814733789,56854.599563028474,55337.62658755889,29503.900760885,0.16146832725806615,340.8892632234702,-4.253513930498641e-11,0.0,402.62805371676063,0.0,0.0
22090320000.0,0.00045,0.5,5e-15,11.667776205039138,17.900034165958967,424.23051340554446,29.105245970418736,14.552622985209368,110670.78947173433,56917.20809359326,55339.02140552584,29563.10838446694,0.13964730449718948,343.7750769122058,1.8035972915852097e-15,0.0,410.59474577486213,0.0,0.0
22090320000.0,0.00055,0.5,5e-15,11.755465113461971,18.625329196881392,434.7268748080037,29.10524597041875,14.552622985209375,110672.23385876852,56939.98496745847,55340.43519316908,29578.133623245973,0.1227968508525148,340.34529713654445,9.822293244690756e-13,0.0,409.9811424140844,0.0,0.0
22090320000.0,0.00065,0.5,5e-15,11.827741073674327,19.352048428410516,440.5032555323791,29.10524597041875,14.552622985209377,110673.68699009874,56948.102928889086,55341.86136919148,29577.923685531743,0.10924239093840732,335.32264755110447,-2.793503783306252e-15,0.0,406.8118209376363,0.0,0.0
22090320000.0,0.00075,0.5,5e-15,11.889114578617692,20.079787171560717,444.6508794792952,29.10524597041875,14.552622985209375,110675.14635609381,56952.294907981144,55343.29676633457,29574.47705946027,0.0982301111655289,330.4775277753487,5.639619307838353e-16,0.0,403.45736112584416,0.0,0.0
22090320000.0,0.0008500000000000001,0.5,5e-15,11.942370494764502,20.807190097454324,448.4752762150013,29.10524597041874,14.552622985209371,110676.60686884007,56956.80373739031,55344.73588206538,29572.336620651666,0.08895829993620072,326.3679026586186,1.184397967306756e-12,0.0,400.7394033726758,0.0,0.0
22090320000.0,0.0009500000000000001,0.5,5e-15,11.989368456043367,21.534144905439796,452.46859999532165,29.105245970418736,14.552622985209368,110678.06783372683,56963.02589009632,55346.177519718,29572.845515718815,0.08105854663612043,323.0701501151559,-5.886120985073185e-14,0.0,398.84125412198705,0.0,0.0
22090320000.0,0.0010500000000000002,0.5,5e-15,12.031381473431969,22.260414313826242,456.76697452857377,29.10524597041873,14.552622985209364,110679.52803889578,56971.17680173769,55347.62029394127,29576.067366304298,0.07425963847760333,320.49416023255617,2.124949080946829e-12,0.0,397.70797923845373,0.0,0.0
22090320000.0,0.00115,0.5,5e-15,12.069351718355813,22.98561532220177,461.36110773007573,29.105245970418704,14.552622985209352,110680.98657613409,56981.02186138112,55349.062875737385,29581.60229366749,0.06831573357864809,318.5032924012585,-1.3847110496882723e-15,0.0,397.2073868393344,0.0,0.0
22090320000.0,0.0012500000000000002,0.5,5e-15,12.10395876623271,23.709721168592278,466.1867906280397,29.105245970418682,14.552622985209341,110682.44254700716,56992.19234840674,55350.504511454936,29588.941968728086,0.0630879506299128,316.96766672875157,7.922592111498099e-15,0.0,397.2008352009665,0.0,0.0
22090320000.0,0.00135,0.5,5e-15,12.135736980266625,24.432644381522454,471.17455065116155,29.105245970417524,14.55262298520934,110683.89576837885,57004.337202545335,55351.944771821385,29597.624470406117,0.05845117906438886,315.77882401957453,-2.054217949442939e-12,0.0,397.56812942697763,0.0,0.0
22090320000.0,0.00145,0.5,5e-15,12.165103095746487,25.15440050579925,476.26291368098964,29.105245970418668,14.552622985209336,110685.34606518864,57017.16318126122,55353.38339642187,29607.273960595307,0.05431121762966055,314.852892920039,-8.389116652709632e-15,0.0,398.2140107741669,0.0,0.0
22090320000.0,0.0015500000000000002,0.5,5e-15,12.192397949636366,25.875028321617027,481.40309414516554,29.10524597041866,14.55262298520933,110686.79343847935,57030.43995794227,55354.82027219981,29617.5973776495,0.050591874008719236,314.12531704527123,-2.3512026306865523e-15,0.0,399.06451395749053,0.0,0.0
22090320000.0,0.00165,0.5,5e-15,12.217882997594552,26.59460258365692,486.5520698595277,29.105245970418643,14.55262298520932,110688.23799741436,57043.97549098066,55356.255412157494,29628.358349668863,0.047234989505607144,313.54743193590775,8.605659565324968e-15,0.0,400.0616577721839,0.0,0.0
22090320000.0,0.0017500000000000003,0.5,5e-15,12.241788474347777,27.313234854280864,491.68381623288883,29.10524597041861,14.552622985209306,110689.67997049363,57057.64405678341,55357.688941230896,29639.397739661163,0.04419012244043024,313.08411229666365,-6.713927482342283e-15,0.0,401.1646495846728,0.0,0.0
22090320000.0,0.00185,0.5,5e-15,12.264292024772594,28.031059966710906,496.77445279787673,29.10524597041858,14.55262298520929,110691.11967201869,57071.33851711535,55359.121073974544,29650.58583819662,0.0414185452741957,312.7092281955447,2.856240576242793e-14,0.0,402.34142199858786,0.0,0.0
22090320000.0,0.00195,0.5,5e-15,12.285555345168824,28.74822142904005,501.81220304219136,29.105245970418547,14.552622985209275,110692.5574521607,57084.995793492955,55360.552059241745,29661.841187034828,0.03888542300625369,312.40370840272874,6.009823369995156e-16,0.0,403.569995155755,0.0,0.0
22090320000.0,0.00205,0.5,5e-15,12.305704256272364,29.464893089941825,506.78941030749235,29.10524597041852,14.55262298520926,110693.99376067538,57098.57197152187,55361.98223752948,29673.10667348049,0.036561605780958434,312.1538034830519,-4.0408821726032015e-15,0.0,404.834473256387,0.0,0.0
22090320000.0,0.00215,0.5,5e-15,12.324850332634016,30.181125170601952,511.69315513001686,29.105245970418483,14.552622985209243,110695.42871082727,57112.012359945744,55363.41167268981,29684.31993651443,0.034425609447520426,311.94846549071514,2.674837987162421e-12,0.0,406.11989457349324,0.0,0.0
22090320000.0,0.0022500000000000003,0.5,5e-15,12.366397713314656,31.86232729178564,524.0796180877159,29.105245970418473,14.552622985209231,110698.78553658265,57145.646929228285,55366.762534288224,29713.156462127718,0.03004863574007644,311.7648544637074,3.7044828629876204e-11,0.0,409.3763690709919,0.9485413060708641,0.0
22090320000.0,0.00235,0.5,5e-15,12.366397574783576,31.862360908426478,780.6365801799454,29.105245970418434,14.552622985209217,110698.79393684759,57656.88373532301,55366.76676937644,30223.82794047239,0.030049576097919438,311.0129110994306,-1.0336302760076753e-14,0.0,408.3889417873739,258.72891683937235,0.0
22090320000.0,0.00245,0.5,5e-15,12.366397650212734,31.86242785591684,927.760795901485,29.105245970418416,14.552622985209206,110698.80091863357,57950.0564324105,55366.770327046455,30516.675862345735,0.030049507884247043,310.58158990114737,3.681715747291587e-12,0.0,407.8225310745045,406.55485980019427,0.0
22090320000.0,0.00255,0.5,5e-15,12.366348145897998,31.859640595770873,1012.0119792615457,29.105245970418387,14.552622985209194,110698.80165476461,58117.94305972971,55366.76790894934,30684.375556060175,0.0300500357149203,310.33418824413064,-4.026443687351268e-15,0.0,407.4976807716072,491.209879438842,0.0
22090320000.0,0.0026500000000000004,0.5,5e-15,12.366348183394047,31.859829059689275,1060.4080533492997,29.105245970418363,14.552622985209181,110698.80779468134,58214.38287167913,55366.77116732131,30780.707584900352,0.0300500144094801,310.19221263369843,-1.2751843807485796e-14,0.0,407.3112395555596,539.8368614441966,0.0
22090320000.0,0.00275,0.5,5e-15,12.366382816743405,31.861422688302692,1088.2639458460308,29.10524597041835,14.552622985209174,110698.81653034892,58269.893794965006,55366.77712822688,30836.156089781012,0.03004972506707658,310.11078800250806,-1.5184553688663452e-14,0.0,407.20434550858727,567.8243467268389,0.0
22090320000.0,0.00285,0.5,5e-15,12.366376282863452,31.86137064640889,1104.1184358241467,29.105245970418324,14.552622985209162,110698.82183395635,58301.48847435291,55366.77972810042,30867.71449947845,0.030049804205456228,310.0640780199473,-1.7608975162245112e-14,0.0,407.14295465840064,583.7550087432069,0.0
22090320000.0,0.0029500000000000004,0.5,5e-15,12.366397593124942,31.86211392793425,1113.228063193237,29.105245970418306,14.552622985209153,110698.82822360046,58319.64324314262,55366.783667049676,30885.847973160602,0.030050182333446415,310.03730897253376,2.049253205996905e-14,0.0,407.1078158194063,592.9076471837792,0.0
22090320000.0,0.00305,0.5,5e-15,12.366397422896956,31.862594059999797,1118.5401191134063,29.105245970418288,14.552622985209144,110698.83380200464,58330.23096058904,55366.786932360505,30896.42305202308,0.030048196695272332,310.0218910847527,1.3839319897382591e-12,0.0,407.08752136503983,598.2446784124689,0.0
22090320000.0,0.00315,0.5,5e-15,12.366348591320012,31.85968552893198,1121.3820252784476,29.10524597041827,14.552622985209135,110698.83134177483,58335.89474285528,55366.78279738894,30902.079354328107,0.03005003541556391,310.0131435866682,1.3004818301453033e-14,0.0,407.07610041940484,601.1022201091798,0.0
22090320000.0,0.0032500000000000003,0.5,5e-15,12.36634869589661,31.860050886959673,1123.3392612185899,29.105245970418263,14.552622985209132,110698.83555719098,58339.79816195459,55366.78527033004,30905.97806654689,0.030049977218449504,310.008026951791,5.845950450922188e-15,0.0,407.0693837444276,603.0675896012881,0.0
22090320000.0,0.00335,0.5,5e-15,12.366348590308233,31.860264323312737,1124.1346058030504,29.105245970418242,14.552622985209121,110698.83906941368,58341.38313631699,55366.78723984153,30907.560118408015,0.03004995764627229,310.0051370015442,-2.07750143792778e-13,0.0,407.06557858671187,603.8675618687071,0.0
22090320000.0,0.00345,0.5,5e-15,12.366397611364556,31.862679525141726,1124.8098617579847,29.105245970418228,14.552622985209114,110698.846785951,58342.7308353347,55366.79351216054,30908.905879034115,0.03004936846219877,310.0034645787795,3.397825496883337e-12,0.0,407.0633556227095,604.544489961102,0.0
22090320000.0,0.00355,0.5,5e-15,12.366349004542544,31.86018976429935,1124.970537453605,29.105245970418206,14.552622985209105,110698.84370072922,58343.05095816988,55366.7894809187,30909.22478282591,0.030049949540866164,310.0025479196816,9.037330888383136e-16,0.0,407.06219592710136,604.7076871028739,0.0
22090320000.0,0.0036500000000000005,0.5,5e-15,12.366383473335782,31.861707582979605,1125.2359277218036,29.1052459704182,14.5526229852091,110698.84877382286,58343.581184666815,55366.793534925164,30909.754146460233,0.03004976085968748,310.0019779773994,-2.0328184100521477e-14,0.0,407.06139246259255,604.9734423877352,0.0
22090320000.0,0.00375,0.5,5e-15,12.366348391110229,31.859793356927103,1125.2985043745052,29.105245970418196,14.552622985209098,110698.84597898276,58343.706299452824,55366.79022382393,30909.878760369542,0.03005003508442916,310.00171790722027,3.313590260089824e-13,0.0,407.0610866555263,605.0372670333702,0.0
22090320000.0,0.00385,0.5,5e-15,12.366348409922422,31.859894814584838,1125.433483451677,29.105245970418192,14.552622985209096,110698.84714132747,58343.9762295888,55366.79090639908,30910.14828861559,0.030050014147666004,310.0015099608502,-9.737265174982499e-15,0.0,407.0608182888826,605.1725180547796,0.0
22090320000.0,0.00395,0.5,5e-15,12.366397634523619,31.862217290164725,1125.4130645755713,29.105245970418192,14.552622985209094,110698.85208314193,58343.935451895,55366.79569920904,30910.107365894848,0.030049732790183616,310.0014524678849,1.0293169821743307e-14,0.0,407.06076364156075,605.151028469986,0.0
25246080000.0,5e-05,0.5,5e-15,10.562848168507657,14.909423344434884,7.454711672217442,29.10524597041865,14.552622985209325,110664.76520375394,55332.38260187667,55333.109946867036,27666.554973431754,0.18529037843767973,0.09264518921883987,-3.729918552974079e-16,0.0,0.0,0.0,0.0
25246080000.0,0.00015000000000000001,0.5,5e-15,11.136148153663843,15.675826563729046,218.78439683547757,29.105245970418697,14.552622985209348,110666.46982133087,56197.93847599606,55334.84179670525,28753.553474719163,0.24185929607504486,221.53808472141125,-2.1799553389983566e-15,0.0,249.0821363108698,0.0,0.0
25246080000.0,0.00025,0.5,5e-15,11.37436015768236,16.34219827861492,340.16969419337806,29.105245970418725,14.55262298520936,110667.76849612987,56648.62841884902,55336.06803269761,29280.652525910726,0.19712272762274138,311.72247592223675,-1.1473368327434579e-14,0.0,360.8803176931495,0.0,0.0
25246080000.0,0.00035000000000000005,0.5,5e-15,11.526584567065843,17.01355649263488,396.0611000213068,29.105245970418746,14.552622985209373,110669.09892424867,56837.36453876564,55337.34511256353,29487.522196133552,0.16737653282185166,340.02757814523164,7.099439250768074e-16,0.0,400.3566647268204,0.0,0.0
25246080000.0,0.00045,0.5,5e-15,11.638208351203355,17.688468259841404,421.50135553013763,29.105245970418764,14.552622985209384,110670.45026222283,56912.71563649363,55338.651778996544,29561.905037477118,0.1454193627618275,345.66109663249847,-8.73548030468305e-12,0.0,411.6476841117617,0.0,0.0
25246080000.0,0.00055,0.5,5e-15,11.726146914394116,18.36528238933341,433.2290633145922,29.105245970418782,14.552622985209391,110671.81360256145,56940.007316343464,55339.97614872531,29582.160510344922,0.1283620978478846,343.102059213883,2.94748425021161e-15,0.0,412.1270784200655,0.0,0.0
25246080000.0,0.00065,0.5,5e-15,11.79856058332134,19.04314148561593,439.1824959852078,29.10524597041879,14.552622985209396,110673.18453194671,56948.653931930785,55341.31216430994,29582.509185620365,0.11470797477715895,338.13802661508566,3.123590343585768e-14,0.0,409.0422240255881,0.0,0.0
25246080000.0,0.00075,0.5,5e-15,11.860016925653339,19.721112243535156,443.01377736627575,29.105245970418796,14.552622985209398,110674.55893985274,56951.58961777491,55342.65481449455,29577.597743739032,0.10344569273099936,333.0327435245266,-6.639722881797551e-11,0.0,405.35361190424805,0.0,0.0
25246080000.0,0.0008500000000000001,0.5,5e-15,11.913288153464016,20.398225372132803,446.31250615712383,29.105245970418792,14.552622985209398,110675.93288279984,56954.14045739748,55343.99997303485,29573.246726918806,0.09398269646237851,328.5701608159279,2.3266980565251806e-15,0.0,402.1606729879522,0.0,0.0
25246080000.0,0.0009500000000000001,0.5,5e-15,11.960266135779603,21.074034377948426,449.7154917401583,29.105245970418792,14.552622985209396,110677.30597665839,56958.22915169087,55345.3461981276,29571.400366512946,0.08591725706328995,324.923314241083,-2.6336940963835694e-12,0.0,399.7716196278463,0.0,0.0
25246080000.0,0.0010500000000000002,0.5,5e-15,12.002225489418226,21.748411187753124,453.4234269560552,29.105245970418792,14.552622985209396,110678.67588410694,56964.296709396,55346.69160297354,29572.371852238346,0.07895441485355696,322.038200069921,6.253485175462831e-12,0.0,398.18147313597933,0.0,0.0
25246080000.0,0.00115,0.5,5e-15,12.040098525067084,22.42108287797115,457.4511264476362,29.10524597041878,14.552622985209387,110680.04205038983,56972.18874041434,55348.0351843881,29575.844534335574,0.07286772592458521,319.7876836259074,-3.1348294069963283e-15,0.0,397.2735785069878,0.0,0.0
25246080000.0,0.0012500000000000002,0.5,5e-15,12.074598978829634,23.091422793640902,461.7501785861006,29.105245970418757,14.552622985209378,110681.40256597138,56981.57742447305,55349.375069902264,29581.342345882586,0.06751161734749096,318.03989230772777,1.0269446597824519e-14,0.0,396.9120012435439,0.0,0.0
25246080000.0,0.00135,0.5,5e-15,12.106237265456965,23.75967028636314,466.2439899678842,29.105245970418746,14.552622985209375,110682.75776128077,56992.083755755375,55350.711392548044,29588.36692864053,0.06275036640485043,316.67869517573394,4.568162993380519e-13,0.0,396.96855842755116,0.0,0.0
25246080000.0,0.00145,0.5,5e-15,12.135442171234299,24.425684713191508,470.87075177267866,29.105245970418746,14.552622985209373,110684.1070377081,57003.40501220928,55352.04353165532,29596.52384633578,0.05849360022709267,315.61345900592346,-6.203560464393079e-15,0.0,397.3421717673112,0.0,0.0
25246080000.0,0.0015500000000000002,0.5,5e-15,12.162547438870957,25.089454630626356,475.57456823935655,29.105245970418736,14.552622985209368,110685.45022848118,57015.28285454795,55353.37124175686,29605.485404261348,0.05466600234653819,314.7728691520888,4.451236191985471e-15,0.0,397.95118188773785,0.0,0.0
25246080000.0,0.00165,0.5,5e-15,12.187829630499255,25.751029286785204,480.3131676260197,29.105245970418714,14.552622985209357,110686.78736451322,57027.52123285786,55354.69446431893,29615.003715946783,0.051205942966450806,314.1031307236652,-1.1407893403970766e-13,0.0,398.73362350943563,0.0,0.0
25246080000.0,0.0017500000000000003,0.5,5e-15,12.211517869944444,26.410514576537086,485.05561474764306,29.105245970418686,14.552622985209346,110688.11863653785,57039.97481252065,55356.0132995544,29624.89515946056,0.04806290396641563,313.56423400230403,7.695673916565038e-14,0.0,399.64320614297344,0.0,0.0
25246080000.0,0.00185,0.5,5e-15,12.233796144277667,27.068070458948515,489.77662669856124,29.10524597041867,14.552622985209336,110689.4444057847,57052.527999697886,55357.32800773608,29635.016726982467,0.04519674744486875,313.126214995935,-1.1076193234217762e-16,0.0,400.644306558465,0.0,0.0
25246080000.0,0.00195,0.5,5e-15,12.25481987800854,27.72390566457191,494.4582127253409,29.105245970418643,14.552622985209322,110690.7651845745,57065.09666989371,55358.63898681245,29645.264408484774,0.04257398148807619,312.767095183976,9.299526929345968e-15,0.0,401.71061681432445,0.0,0.0
25246080000.0,0.00205,0.5,5e-15,12.274728042460556,28.37825795744526,499.09052393642526,29.105245970418615,14.552622985209307,110692.0815772164,57077.6278984844,55359.94671752848,29655.569773480005,0.04016503612259289,312.4708149269805,-1.3683141688270494e-14,0.0,402.823635186554,0.0,0.0
25246080000.0,0.00215,0.5,5e-15,12.293692908356519,29.033268068678854,503.68119497967484,29.105245970418572,14.552622985209288,110693.39960335541,57090.123288288494,55361.256288144155,29665.915597069696,0.03793876213408465,312.22454375241614,7.286039305128015e-15,0.0,403.97310509893055,0.0,0.0
25246080000.0,0.0022500000000000003,0.5,5e-15,12.311642526589658,29.683209624997843,508.19049482459116,29.10524597041855,14.552622985209274,110694.70294430209,57102.45541066019,55362.55380200729,29676.181078671474,0.035889665483421054,312.0196040314735,-6.367627480104313e-15,0.0,405.1386969426624,0.0,0.0
25246080000.0,0.00235,0.5,5e-15,12.328845508425925,30.335016218492136,512.6349226509384,29.10524597041852,14.552622985209258,110696.01129989575,57114.660333990556,55363.85599114918,29686.38877013347,0.03399203072532972,311.8500050166358,-2.1782419625704284e-13,0.0,406.3182265443002,0.0,0.0
25246080000.0,0.00245,0.5,5e-15,12.36639768993441,31.862431392642122,609.589142259237,29.105245970418494,14.552622985209245,110699.06328362084,57316.102833082456,55366.90151354383,29883.332898898923,0.030049721862425494,311.4843348272914,2.0766744537130672e-14,0.0,409.0079688315375,86.91448266892024,0.0
25246080000.0,0.00255,0.5,5e-15,12.366382789190515,31.861702865602435,829.64362816718,29.10524597041846,14.552622985209227,110699.06984834255,57754.63379249746,55366.90406758861,30321.388258633222,0.03004985242618715,310.8520318969334,-2.239640707649291e-14,0.0,408.17762443323187,307.9982190212458,0.0
25246080000.0,0.0026500000000000004,0.5,5e-15,12.366348386824537,31.860141163688667,955.7426144824553,29.105245970418423,14.552622985209211,110699.0741454667,58005.92813416822,55366.90465483129,30572.408901780345,0.03005001729037544,310.48927488150457,-4.342535297067588e-15,0.0,407.70135361571624,434.68788133560975,0.0
25246080000.0,0.00275,0.5,5e-15,12.366347981649467,31.85988150967744,1028.2382656539587,29.105245970418398,14.552622985209197,110699.08096644904,58150.402470805995,55366.90780581058,30716.725573052387,0.030050086412325986,310.2812007715621,-1.2278034821954402e-13,0.0,407.42809656585706,507.52226371863105,0.0
25246080000.0,0.00285,0.5,5e-15,12.366348268625604,31.859974771774013,1069.7088240844262,29.105245970418366,14.552622985209185,110699.08767638168,58233.04818703597,55366.91125402278,30799.280244373804,0.03005007724706617,310.1618281607184,1.2627759224125302e-15,0.0,407.2713387398864,549.1869974839215,0.0
25246080000.0,0.0029500000000000004,0.5,5e-15,12.366347669592122,31.85959570417389,1093.4726751390667,29.10524597041836,14.552622985209178,110699.09307046367,58280.40771140431,55366.91357212562,30846.586978846783,0.030050150231125148,310.09338877808915,1.2215771730333265e-14,0.0,407.1814567927375,573.0624197963094,0.0
25246080000.0,0.00305,0.5,5e-15,12.366396796056652,31.862245689550836,1107.1822479764842,29.10524597041834,14.552622985209169,110699.10366438008,58307.73123113094,55366.92151881089,30873.87965801276,0.03004999294305499,310.05406201162214,1.3999314785475544e-14,0.0,407.1298586711647,586.8346457607613,0.0
25246080000.0,0.00315,0.5,5e-15,12.366348161008695,31.85979244603248,1114.8738172485523,29.10524597041833,14.552622985209165,110699.10393213927,58323.0606417389,55366.919199622665,30889.190992822365,0.030050114184614105,310.03159212969473,1.0181577027774266e-14,0.0,407.1003152978821,594.5639795493533,0.0
25246080000.0,0.0032500000000000003,0.5,5e-15,12.366348999765446,31.85994622575814,1119.598502657286,29.10524597041833,14.552622985209164,110699.10857178587,58332.47977793026,55366.92167315872,30898.599308467008,0.030050070764082462,310.01862319655635,-1.5917521623462454e-14,0.0,407.08330228040967,599.309630958324,0.0
25246080000.0,0.00335,0.5,5e-15,12.366397948750896,31.86237551927152,1121.9845932265982,29.105245970418324,14.552622985209162,110699.11714192083,58337.23528440903,55366.92838748681,30903.348332380137,0.030050054955475296,310.0112132570395,1.2845714307116038e-14,0.0,407.07357495487145,601.7066401743056,0.0
25246080000.0,0.00345,0.5,5e-15,12.366348743381504,31.85961504117626,1123.5947102443527,29.105245970418313,14.552622985209156,110699.11544781567,58340.44673756794,55366.92478011413,30906.5556514066,0.03005013442840123,310.0069509664854,-5.4692474521289675e-15,0.0,407.06796641776265,603.3250224063944,0.0
25246080000.0,0.00355,0.5,5e-15,12.366348526163879,31.859828000513595,1124.2745805388195,29.105245970418302,14.552622985209151,110699.11856092227,58341.80180781541,55366.92654957329,30907.90826711169,0.030050112232605414,310.0045561091363,9.895020109634047e-15,0.0,407.0648132324823,604.0087096607615,0.0
25246080000.0,0.0036500000000000005,0.5,5e-15,12.366397782998117,31.862706812244422,1124.848983520709,29.10524597041829,14.552622985209148,110699.12655815207,58342.94818372135,55366.933424960065,30909.053032120657,0.030049056101802557,310.00314314740655,-5.219490322229137e-14,0.0,407.0629524290806,604.5841245854627,0.0
25246080000.0,0.00375,0.5,5e-15,12.366365277473138,31.860646820201254,1125.0563686184728,29.10524597041829,14.552622985209146,110699.12384721581,58343.36185856672,55366.930011274024,30909.46580293878,0.03004997835324911,310.00241729698774,4.2495467675270524e-13,0.0,407.06200514511346,604.7935716894626,0.0
25246080000.0,0.00385,0.5,5e-15,12.366397602131839,31.86238500672997,1125.2655682913783,29.105245970418284,14.552622985209142,110699.12863823219,58343.77975026392,55366.93414403941,30909.88304421515,0.030049515933355305,310.00196517275907,1.0764235720529999e-14,0.0,407.0613988456097,605.002593954239,0.0
25246080000.0,0.00395,0.5,5e-15,12.36634848507918,31.859799206353394,1125.290991106482,29.105245970418284,14.552622985209142,110699.12394720923,58343.83042602096,55366.929213935844,30909.93345357908,0.03005011977799014,310.0017895074231,1.3704524009937931e-14,0.0,407.06117905251637,605.0296397219482,0.0
28401840000.0,5e-05,0.5,5e-15,10.530640526423486,14.890047485722992,7.445023742861495,29.10524597041865,14.552622985209325,110664.73802048778,55332.36901023998,55333.07879315217,27666.539396576292,0.18619726840217218,0.09309863420108608,2.829583625085813e-15,0.0,0.0,0.0,0.0
28401840000.0,0.00015000000000000001,0.5,5e-15,11.107312085526816,15.617548432890848,191.4838927028232,29.105245970418693,14.552622985209346,110666.39077428568,56089.19757019688,55334.75457941335,28619.83394181892,0.2471514815652326,195.5137967889573,-1.3300349061740253e-15,0.0,219.01323672011372,0.0,0.0
28401840000.0,0.00025,0.5,5e-15,11.346801443121324,16.244689575580427,326.8501716297374,29.105245970418725,14.55262298520936,110667.63147464556,56601.011279123035,55335.912585016,29226.294918389343,0.20240860137158354,303.1077183740889,-2.2980380946255065e-13,0.0,349.771833822955,0.0,0.0
28401840000.0,0.00035000000000000005,0.5,5e-15,11.499785478736202,16.877000234013323,390.0019152074115,29.105245970418743,14.552622985209373,110668.90480419958,56819.33277390997,55337.1220252262,29469.703508511495,0.17264101575382926,338.6557679591539,-1.051482385812006e-15,0.0,397.6093954070573,0.0,0.0
28401840000.0,0.00045,0.5,5e-15,11.612098750734221,17.513875188236,418.9327851626281,29.105245970418768,14.552622985209384,110670.20148865308,56908.196297839975,55338.36302006945,29560.227894417105,0.15052984691100607,347.23664494920774,9.330383161907968e-15,0.0,412.4506991221254,0.0,0.0
28401840000.0,0.00055,0.5,5e-15,11.700569660363916,18.15320985817939,432.0830293574176,29.105245970418785,14.552622985209391,110671.51136356306,56940.71210110186,55339.62281631735,29586.523324143596,0.13329189167382471,345.6802868962986,-7.316898632044247e-15,0.0,414.19412185929986,0.0,0.0
28401840000.0,0.00065,0.5,5e-15,11.773436576643064,18.794433119934464,438.3814591464496,29.105245970418792,14.552622985209396,110672.83103482019,56950.45934084263,55340.89616485635,29588.03549549449,0.1194367395153972,340.850347746961,-1.513974824644509e-11,0.0,411.30937169965034,0.0,0.0
28401840000.0,0.00075,0.5,5e-15,11.835306574460414,19.436007466476546,442.0554614689073,29.105245970418807,14.552622985209403,110674.1551432565,56952.65393801833,55342.17668683908,29582.175047701752,0.10788342907785844,335.5344733979372,1.6300843575710585e-14,0.0,407.3776271641102,0.0,0.0
28401840000.0,0.0008500000000000001,0.5,5e-15,11.888942502813038,20.077442416451024,444.9777616958168,29.105245970418803,14.552622985209402,110675.48131223921,56953.70924927117,55343.461957675405,29576.051290662625,0.09825911857214263,330.7476169427401,-1.3473423365988206e-14,0.0,403.780159894235,0.0,0.0
28401840000.0,0.0009500000000000001,0.5,5e-15,11.936251105766083,20.71862570412471,447.93039289847326,29.10524597041881,14.552622985209405,110676.80849090812,56956.08644006075,55344.75021812092,29572.232832597292,0.09000301626758823,326.76777460353594,9.446194572356216e-16,0.0,400.95782180932747,0.0,0.0
28401840000.0,0.0010500000000000002,0.5,5e-15,11.978497900697457,21.358405629063398,451.18467243261307,29.10524597041881,14.552622985209405,110678.13353640586,56960.477038952835,55346.0382406388,29571.31248221672,0.08286294817519763,323.5828099255694,-5.729477539230735e-16,0.0,398.96206592149144,0.0,0.0
28401840000.0,0.00115,0.5,5e-15,12.016614813442278,21.996365008563696,454.7827461787212,29.105245970418796,14.552622985209398,110679.45457502051,56966.81793532194,55347.324250177706,29573.070559344167,0.07662840138311233,321.077587534623,8.432836311907539e-15,0.0,397.69465643480225,0.0,0.0
28401840000.0,0.0012500000000000002,0.5,5e-15,12.051297714069474,22.632333921676047,458.6805442600912,29.105245970418775,14.55262298520939,110680.77170194026,56974.79282371451,55348.607749466246,29577.039099854886,0.07111185811789074,319.11923665173714,2.481463454823953e-15,0.0,397.02014830592555,0.0,0.0
28401840000.0,0.00135,0.5,5e-15,12.0830794119739,23.26535419650953,462.808855094678,29.10524597041874,14.55262298520937,110682.08054567093,56984.03670747173,55349.88540923268,29582.725282465246,0.06622065488570941,317.5872015953761,1.3428002780809897e-14,0.0,396.8088403377941,0.0,0.0
28401840000.0,0.00145,0.5,5e-15,12.112355062555965,23.895193763890138,467.0916046089919,29.105245970418657,14.552622985209329,110683.3815908355,56994.19835653342,55351.157025642206,29589.68040645635,0.06184778778843505,316.38297656831793,5.386283765285712e-15,0.0,396.9489758603003,0.0,0.0
28401840000.0,0.0015500000000000002,0.5,5e-15,12.139462566384012,24.5213198136599,471.46982824734675,29.10524597041872,14.55262298520936,110684.67276298284,57005.00309287634,55352.42087929032,29597.55410206864,0.05791854124193175,315.42952846641913,-2.8894961718540835e-15,0.0,397.35308748696673,0.0,0.0
28401840000.0,0.00165,0.5,5e-15,12.164663375866569,25.143246565468377,475.89166861520204,29.10524597041873,14.552622985209364,110685.95257263158,57016.22106975755,55353.67561885647,29606.061079269468,0.05437254044644642,314.66760266502774,5.3804774852786855e-15,0.0,397.951761979194,0.0,0.0
28401840000.0,0.0017500000000000003,0.5,5e-15,12.188180149094167,25.760540482084703,480.3198290587011,29.105245970418704,14.552622985209352,110687.21968158864,57027.684019490465,55354.92004009111,29614.992208067666,0.05115896964804856,314.0533494090579,-1.6142116334450435e-12,0.0,398.6935242827408,0.0,0.0
28401840000.0,0.00185,0.5,5e-15,12.2101987770973,26.372771981887464,484.72459053368783,29.105245970418675,14.55262298520934,110688.47276954667,57039.25856822401,55356.152968785114,29624.182982691615,0.04823557308924435,313.5527187999556,1.1431910307864724e-14,0.0,399.537973085547,0.0,0.0
28401840000.0,0.00195,0.5,5e-15,12.230872589536546,26.979665505424762,489.08352795906376,29.10524597041865,14.552622985209325,110689.71095772226,57050.84457861265,55357.37362127847,29633.51166968792,0.045568014809796865,313.14109098956544,-1.0891104375627109e-14,0.0,400.45521014548353,0.0,0.0
28401840000.0,0.00205,0.5,5e-15,12.250333503798082,27.581033447202486,493.3800535312333,29.105245970418622,14.552622985209311,110690.93362370128,57062.36679132773,55358.581440502276,29642.886980887073,0.04312715292186895,312.7999306216286,-1.2677517353796557e-14,0.0,401.42255427996673,0.0,0.0
28401840000.0,0.00215,0.5,5e-15,12.268705934667262,28.176845644961794,497.6049745715059,29.105245970418586,14.552622985209293,110692.14059695932,57073.77673774332,55359.776257382844,29652.246607603007,0.040886186432718366,312.5147968545536,3.0301423479752295e-12,0.0,402.42333402439925,0.0,0.0
28401840000.0,0.0022500000000000003,0.5,5e-15,12.286102087312633,28.767270948654897,501.7554970996291,29.105245970418554,14.552622985209279,110693.33228098943,57085.04979705868,55360.95839580791,29661.55477176417,0.0388217358176604,312.27535284287774,6.110878707717503e-16,0.0,403.44652730548364,0.0,0.0
28401840000.0,0.00235,0.5,5e-15,12.302631480889364,29.353302888643082,505.8297616947262,29.10524597041853,14.552622985209265,110694.51143820485,57096.16698716131,55362.13018954359,29670.783192808067,0.03691333512668776,312.0731335443723,-6.731517417180783e-15,0.0,404.4830941014266,0.0,0.0
28401840000.0,0.00245,0.5,5e-15,12.318323676031344,29.932981670609873,509.8271087518875,29.10524597041851,14.552622985209254,110695.67243898872,57107.11714496924,55363.28683207794,29679.915287128973,0.03514502271617546,311.90296772751935,1.5170928399097944e-14,0.0,405.5277269790835,0.0,0.0
28401840000.0,0.00255,0.5,5e-15,12.333341023227392,30.5101871163401,513.7502310513635,29.105245970418476,14.552622985209238,110696.82630777657,57117.90255259321,55364.43768804167,29688.950475979505,0.03350307086391841,311.7626490894412,8.057376213477965e-15,0.0,406.57782471167417,0.0,0.0
28401840000.0,0.0026500000000000004,0.5,5e-15,12.366390326771905,31.862271122037143,718.4720589646863,29.10524597041845,14.552622985209224,110699.520088577,57533.27161422895,55367.12975577519,30100.140233180948,0.030049736125484998,311.15434832948654,-4.938134310460132e-13,0.0,408.5746328499431,196.33449213684074,0.0
28401840000.0,0.00275,0.5,5e-15,12.366364928961856,31.861137044305412,892.2163011383328,29.105245970418423,14.552622985209211,110699.52154959051,57879.532054362186,55367.12935275274,30446.031399363354,0.03005001273965797,310.6627003000471,9.21880625703644e-15,0.0,407.9290707388353,370.8789750814535,0.0
28401840000.0,0.00285,0.5,5e-15,12.366348282811181,31.85977264547795,991.6179463140892,29.10524597041839,14.552622985209196,110699.52213223962,58077.63137922083,55367.12828017776,30643.918705822554,0.030050266010293678,310.38069972760957,2.002871247074932e-14,0.0,407.55872498812425,470.7402194930425,0.0
28401840000.0,0.0029500000000000004,0.5,5e-15,12.366349559909649,31.860390844569903,1048.746238626227,29.105245970418355,14.552622985209178,110699.52597037396,58191.484626754675,55367.13081717877,30757.650071848646,0.03005012849578368,310.21892470023346,-6.50761918941605e-16,0.0,407.3463273022789,528.1312727530488,0.0
28401840000.0,0.00305,0.5,5e-15,12.366349186717839,31.860183287286674,1081.498591163273,29.105245970418334,14.552622985209167,110699.52798871112,58256.758248703154,55367.131618852625,30822.853533548467,0.03005016250585042,310.12607379395234,-5.49334779750371e-15,0.0,407.2243998700592,561.0347904847958,0.0
28401840000.0,0.00315,0.5,5e-15,12.366398315566313,31.86255040327554,1100.1452986800841,29.105245970418302,14.552622985209151,110699.53493771104,58293.91970391053,55367.13745983361,30859.974626368567,0.030049846064424686,310.0729026413995,-1.376062041913081e-14,0.0,407.15456288767916,579.766984697219,0.0
28401840000.0,0.0032500000000000003,0.5,5e-15,12.366348974262465,31.860089799854677,1111.146726258866,29.10524597041828,14.55262298520914,110699.53173964101,58315.846957832844,55367.13340084936,30881.878532288152,0.03005018248880977,310.0423283418326,-1.141139698194091e-14,0.0,407.11442526705525,590.8192340478279,0.0
28401840000.0,0.00335,0.5,5e-15,12.36634867358769,31.85995746044741,1117.102046192321,29.105245970418267,14.552622985209133,110699.5332387403,58327.71467600579,55367.134018160155,30893.732711875142,0.030050213343014505,310.0248286138942,-1.3405708935692866e-14,0.0,407.0914372938257,596.8031179927394,0.0
28401840000.0,0.00345,0.5,5e-15,12.36634884755958,31.8599848407951,1120.7928688017769,29.105245970418267,14.552622985209132,110699.53475511736,58335.07188096313,55367.13480371357,30901.082017499946,0.03005021070489976,310.01476888445745,-6.717782031107629e-15,0.0,407.07822618939883,600.5102971333984,0.0
28401840000.0,0.00355,0.5,5e-15,12.366383988907808,31.861973234332165,1122.6653400835555,29.10524597041827,14.552622985209135,110699.53998518885,58338.803038853905,55367.13940659913,30904.808631393524,0.03004993106346595,310.00905071846375,-1.5669850296483652e-14,0.0,407.0706779303974,602.391217468221,0.0
28401840000.0,0.0036500000000000005,0.5,5e-15,12.366397833639297,31.862561351336783,1123.931664150226,29.105245970418355,14.552622985209176,110699.5419601598,58341.32784679406,55367.14098078947,30907.330784760332,0.030049243465831356,310.00576338353665,2.9267050951538664e-12,0.0,407.0663556314045,603.6624598514433,0.0
28401840000.0,0.00375,0.5,5e-15,12.366348321555488,31.8596815920577,1124.5088384592043,29.105245970418576,14.552622985209288,110699.53689913015,58342.478168011716,55367.135572583575,30908.479545752358,0.03005027040408759,310.0039764197026,-2.1570196275753782e-17,0.0,407.06404416054903,604.2440099608768,0.0
28401840000.0,0.00385,0.5,5e-15,12.366396984548896,31.862342930432483,1124.9187246152255,29.105245970418324,14.552622985209164,110699.5420534417,58343.295504028545,55367.14081172722,30909.296088563566,0.03005059607833241,310.0029707462119,-9.550262221666088e-15,0.0,407.062784969561,604.6542126210726,0.0
28401840000.0,0.00395,0.5,5e-15,12.366348652026469,31.859733177571556,1125.0300499195148,29.105245970418245,14.552622985209123,110699.53747246145,58343.51725172973,55367.135910833844,30909.5174499926,0.030050265889258312,310.002551880816,-7.415973194711111e-15,0.0,407.06216966434016,604.7675267944026,0.0
31557600000.0,5e-05,0.5,5e-15,10.50103384764096,14.873333328847599,7.436666664423799,29.10524597041865,14.552622985209323,110664.69152175711,55332.34576088201,55333.04048705337,27666.520243526964,0.1870259736358379,0.09351298681791895,-5.4645514655985085e-15,0.0,0.0,0.0,0.0
31557600000.0,0.00015000000000000001,0.5,5e-15,11.08136277393714,15.567994788898677,163.99876088834438,29.105245970418693,14.552622985209348,110666.25605708796,55978.44647664062,55334.64681333238,28482.54181437397,0.2517245562028085,168.29807235922135,7.0664688437170495e-15,0.0,187.89594439029975,0.0,0.0
31557600000.0,0.00025,0.5,5e-15,11.32191141805865,16.161897381581117,313.4356917585576,29.105245970418725,14.552622985209362,110667.40196626239,56552.102628246794,55335.72457492076,29169.777231441047,0.20717676565087617,293.78327755969764,2.736586986034977e-15,0.0,338.0070306632164,0.0,0.0
31557600000.0,0.00035000000000000005,0.5,5e-15,11.475504830836577,16.760600834384675,383.87632421718143,29.10524597041876,14.552622985209378,110668.58001614586,56800.39089935483,55336.852829693715,29450.47235899312,0.17743993573650735,336.8384573204599,-4.7894274293144435e-15,0.0,394.4357088917868,0.0,0.0
31557600000.0,0.00045,0.5,5e-15,11.588080793278454,17.36277544708746,416.3554628245832,29.10524597041878,14.55262298520939,110669.77765722296,56903.13933684651,55338.00947245006,29557.729417134567,0.1552637567967734,348.5403077213029,4.949334048955143e-15,0.0,412.9984182307988,0.0,0.0
31557600000.0,0.00055,0.5,5e-15,11.676723401367449,17.967172731847473,430.9748642488489,29.10524597041879,14.552622985209393,110670.98794467059,56941.141840012184,55339.184391941475,29590.4595818321,0.1379530107706217,348.0950635688159,1.0327285290869243e-12,0.0,416.11962214799405,0.0,0.0
31557600000.0,0.00065,0.5,5e-15,11.749714284675088,18.572813275397703,437.6661250730256,29.105245970418792,14.552622985209396,110672.20621753014,56952.20996150996,55340.37101313594,29593.44327342479,0.12387511522749661,343.4742485796693,5.162582009779151e-15,0.0,413.5196379387625,0.0,0.0
31557600000.0,0.00075,0.5,5e-15,11.811672895782253,19.179407579513487,441.2061106734151,29.105245970418796,14.552622985209398,110673.4297361128,56953.770505241366,55341.56621310992,29586.795091472624,0.11229830026072439,337.9900288730667,-1.6529202736517105e-15,0.0,409.3932071276346,0.0,0.0
31557600000.0,0.0008500000000000001,0.5,5e-15,11.86542473286429,19.78589149075291,443.767834739518,29.105245970418803,14.552622985209402,110674.65614048419,56953.39038822499,55342.76622565254,29578.993991076277,0.10246150864754808,332.9036458923434,8.693091998463031e-12,0.0,405.42117138221624,0.0,0.0
31557600000.0,0.0009500000000000001,0.5,5e-15,11.912798855563407,20.391470258610408,446.27437711986113,29.1052459704188,14.552622985209398,110675.88210761469,56954.06942373866,55343.96798433083,29573.24419540913,0.09405959761849199,328.60571799700097,-1.1198654855975722e-13,0.0,402.1829392082477,0.0,0.0
31557600000.0,0.0010500000000000002,0.5,5e-15,11.955144833564445,20.996503857555048,449.07804606382297,29.10524597041879,14.552622985209394,110677.10764080565,56956.781375279264,55345.17124776598,29570.45072859563,0.08679133174532387,325.12916222469755,2.4092153774053732e-11,0.0,399.7919358214635,0.0,0.0
31557600000.0,0.00115,0.5,5e-15,11.99338640325264,21.600261035848884,452.2522802078469,29.10524597041876,14.55262298520938,110678.3307786495,56961.56944135495,55346.37379171193,29570.507139460307,0.0804002332010661,322.3732340634446,-3.811284495065786e-12,0.0,398.1716234803902,0.0,0.0
31557600000.0,0.0012500000000000002,0.5,5e-15,12.028213407543184,22.202876393938507,455.76699554401745,29.105245970418743,14.552622985209371,110679.55138944033,56968.15896063306,55347.57542905766,29572.983230540063,0.07475852170756453,320.206542116348,9.781372856305675e-15,0.0,397.1923838334392,0.0,0.0
31557600000.0,0.00135,0.5,5e-15,12.060182215554859,22.80409876909402,459.551898356025,29.105245970418743,14.55262298520937,110680.76895977394,56976.17655981756,55348.77538657884,29577.371655941977,0.06973351851865699,318.503903620393,-6.406259747909955e-15,0.0,396.71999962249686,0.0,0.0
31557600000.0,0.00145,0.5,5e-15,12.089708844570596,23.403929215957866,463.5431556447547,29.10524597041874,14.552622985209368,110681.98285930019,56985.2979820653,55349.97313704516,29583.237554774907,0.06521864328272041,317.1608688247047,5.72085724146885e-15,0.0,396.6417156857741,0.0,0.0
31557600000.0,0.0015500000000000002,0.5,5e-15,12.117108641879724,24.001901215735177,467.6708590100268,29.105245970418725,14.552622985209364,110683.1920560616,56995.211691845674,55351.16757027597,29590.1885873322,0.06115006659622466,316.0941059757536,1.4301041635643198e-13,0.0,396.8619163467143,0.0,0.0
31557600000.0,0.00165,0.5,5e-15,12.14267278812187,24.59832429552106,471.88799536317737,29.105245970418707,14.552622985209354,110684.39714781623,57005.69533345033,55352.359160636275,29597.938117712867,0.057460774530392694,315.23939259078986,-1.0830101219958443e-13,0.0,397.30840959112294,0.0,0.0
31557600000.0,0.0017500000000000003,0.5,5e-15,12.166618254662826,25.193130478918533,476.15376934234774,29.10524597041868,14.55262298520934,110685.59784502765,57016.566211322424,55353.54759704896,29606.257878343185,0.05410158231287561,314.5486664465279,8.795758178470116e-17,0.0,397.92529450540746,0.0,0.0
31557600000.0,0.00185,0.5,5e-15,12.189136201435879,25.78637976088122,480.4385754779236,29.105245970418647,14.552622985209325,110686.79422965068,57027.68801895642,55354.73289554873,29614.976101045657,0.051030038240250715,313.9849228209873,-4.417380661087388e-14,0.0,398.66979763769564,0.0,0.0
31557600000.0,0.00195,0.5,5e-15,12.210387696744704,26.378127890267805,484.7208362826974,29.105245970418625,14.552622985209311,110687.98638440702,57038.95945392757,55355.915082153755,29623.964919476217,0.048210589889304996,313.52034289293005,5.291845271667323e-15,0.0,399.50969273262615,0.0,0.0
31557600000.0,0.00205,0.5,5e-15,12.230503287341914,26.968488004848513,488.9830475289758,29.105245970418586,14.552622985209295,110689.17456754607,57050.30037970163,55357.094342125485,29633.12546971046,0.04561473365705466,313.1342809437387,-2.9802427025300355e-15,0.0,400.420313340752,0.0,0.0
31557600000.0,0.00215,0.5,5e-15,12.249593985100816,27.557579476495885,493.2109544792568,29.105245970418565,14.552622985209283,110690.35906335145,57061.64599758532,55358.27088889051,29642.378657867514,0.043218414605086346,312.8105170727954,-2.1002141194179764e-15,0.0,401.381963806195,0.0,0.0
31557600000.0,0.0022500000000000003,0.5,5e-15,12.267763724821215,28.14554281721986,497.39816250158873,29.10524597041854,14.552622985209268,110691.54022194256,57072.95996977484,55359.444993370904,29651.676750729046,0.04099933604942985,312.5374664466372,5.714748517195144e-12,0.0,402.381459796214,0.0,0.0
31557600000.0,0.00235,0.5,5e-15,12.285101910762679,28.73253595810453,501.5395657150689,29.105245970418505,14.552622985209252,110692.71845044396,57084.21239934117,55360.616979319515,29660.98003582379,0.03893862912479195,312.30529999802616,7.870233660609462e-15,0.0,403.4077195107303,0.0,0.0
31557600000.0,0.00245,0.5,5e-15,12.301672284025413,29.318478310452765,505.63264975401387,29.105245970418494,14.552622985209245,110693.89348376823,57095.38542402371,55361.786601564636,29670.26446909247,0.03702023885539734,312.107718438376,6.376048525788414e-17,0.0,404.4535901863327,0.0,0.0
31557600000.0,0.00255,0.5,5e-15,12.317583559741315,29.905271023561543,509.6762643467817,29.105245970418462,14.55262298520923,110695.07067665279,57106.466458895855,55362.95840890873,29679.511736074357,0.03522933724705518,311.93928591607107,-1.3145641498027752e-14,0.0,405.5128880927612,0.0,0.0
31557600000.0,0.0026500000000000004,0.5,5e-15,12.332804692032026,30.489305268106786,513.6416345912631,29.10524597041843,14.552622985209215,110696.23971219263,57117.36719932832,55364.123634239055,29688.64236033599,0.03356599255503507,311.79672781925444,-1.0362955013782874e-14,0.0,406.5734321245781,0.0,0.0
31557600000.0,0.00275,0.5,5e-15,12.36639767660714,31.86254408056042,587.6513973077007,29.105245970418405,14.552622985209204,110698.98274715795,57272.24726256016,55366.861362518175,29839.515694260444,0.030051977662156625,311.5084976117934,-2.2950649648508814e-15,0.0,409.03964099780154,64.93741982613305,0.0
31557600000.0,0.00285,0.5,5e-15,12.366397877380116,31.862328442995352,817.0841535956247,29.105245970418395,14.552622985209197,110698.98739028706,57729.50783468172,55366.86346480593,30296.29345915661,0.030050163231106108,310.8658588906847,1.4271049576892976e-13,0.0,408.19587611045995,295.41575518429755,0.0
31557600000.0,0.0029500000000000004,0.5,5e-15,12.366347267083606,31.86014570001121,948.6199378860168,29.105245970418377,14.552622985209188,110698.98789177561,57991.65948325595,55366.861532535826,30558.1678193095,0.030050026373752373,310.49723467626137,-9.604135826613464e-16,0.0,407.7117758023086,427.55235015545077,0.0
31557600000.0,0.00305,0.5,5e-15,12.36634855440513,31.86014725244572,1024.0226614180283,29.105245970418363,14.55262298520918,110698.99233926664,58141.93807378129,55366.86375775874,30708.286837599244,0.030049997125031674,310.2857344234341,1.2541758448242443e-14,0.0,407.43406804838145,503.29909086680937,0.0
31557600000.0,0.00315,0.5,5e-15,12.366397718610932,31.86221128359304,1067.231274979075,29.10524597041834,14.55262298520917,110699.00053815276,58228.05402580762,55366.869921264486,30794.31092658749,0.030049994880337043,310.16448413047425,4.701339252305927e-12,0.0,407.2748630985485,546.7039809247256,0.0
31557600000.0,0.0032500000000000003,0.5,5e-15,12.366348215947223,31.859871469140806,1092.2292281310806,29.105245970418327,14.552622985209164,110698.99954787617,58277.877535338586,55366.867086423525,30844.081420711158,0.030050065134323747,310.0948772337095,-1.9032141618487228e-14,0.0,407.18342304205214,571.8163745402665,0.0
31557600000.0,0.00335,0.5,5e-15,12.36637582967558,31.861252943504233,1106.2618920654525,29.105245970418313,14.552622985209156,110699.00569080519,58305.844651915366,55366.87153903332,30872.017865992773,0.030049889736572487,310.0549887548262,5.840586810487848e-15,0.0,407.13100367718124,585.9133756359032,0.0
31557600000.0,0.00345,0.5,5e-15,12.366348894296562,31.86014750566112,1114.5120579914287,29.105245970418324,14.55262298520916,110699.00601946049,58322.289127003765,55366.87059812626,30888.44449160445,0.030050009038267423,310.03209983440706,-1.1574147814054156e-14,0.0,407.1009988771924,594.2011606217907,0.0
31557600000.0,0.00355,0.5,5e-15,12.366348064933499,31.859634512554948,1119.0906754390787,29.105245970418313,14.552622985209156,110699.00738001282,58331.41479198621,55366.8707656376,30897.55979912132,0.030050116632133878,310.0190286228855,-6.026140593555241e-15,0.0,407.08381153333335,598.8013765024436,0.0
31557600000.0,0.0036500000000000005,0.5,5e-15,12.36639771366624,31.862601010595508,1121.8159877820126,29.105245970418295,14.552622985209148,110699.01520696715,58336.84771745622,55366.87764391822,30902.986678488738,0.030049262900348043,310.0115807681242,3.455944580094272e-15,0.0,407.0740267496868,601.5374075648135,0.0
31557600000.0,0.00375,0.5,5e-15,12.366397598389504,31.862516194982316,1123.2597268875782,29.10524597041828,14.55262298520914,110699.01651134262,58339.72552729646,55366.87821226586,30905.861048244682,0.030049743364348902,310.0074436290304,-3.619543572632643e-16,0.0,407.0685734029336,602.9878494203601,0.0
31557600000.0,0.00385,0.5,5e-15,12.366347783878954,31.85949925103627,1124.1201570584817,29.10524597041826,14.55262298520913,110699.01126085506,58341.44122663228,55366.87257084927,30907.57484488021,0.030050144302736677,310.0052020296052,-4.567943013026982e-15,0.0,407.06565056567484,603.8534358107646,0.0
31557600000.0,0.00395,0.5,5e-15,12.366348143156713,31.859661452257825,1124.4543887675554,29.105245970418252,14.552622985209128,110699.01191322599,58342.10741681526,55366.87305917792,30908.24021187667,0.030050112694772455,310.0042221291348,-9.755554091675968e-15,0.0,407.0643691941034,604.1891627338036,0.0
