time_s,x_m,phi,De_m2_s,pH,Cl_c_mol_m3_water,Cl_total_mol_m3_bulk,H_c_mol_m3_water,H_total_mol_m3_bulk,Na_c_mol_m3_water,Na_total_mol_m3_bulk,O_c_mol_m3_water,O_total_mol_m3_bulk,Zz_c_mol_m3_water,Zz_total_mol_m3_bulk
0.0,5e-05,1.0,1.6106286393345216e-09,7.007852786302843,981.277230443145,981.277230443145,108938.20569302792,108938.20569302313,981.277230443145,981.277230443145,54469.10284651397,54469.10284651167,-1.793322909333754e-12,0.0
0.0,0.00015000000000000001,1.0,1.6106286393345216e-09,7.007852786302843,981.277230443145,981.277230443145,108938.20569302792,108938.20569302313,981.277230443145,981.277230443145,54469.10284651397,54469.10284651167,-1.793322909333754e-12,0.0
0.0,0.00025,1.0,1.6106286393345216e-09,7.007852786302843,981.277230443145,981.277230443145,108938.20569302792,108938.20569302313,981.277230443145,981.277230443145,54469.10284651397,54469.10284651167,-1.793322909333754e-12,0.0
0.0,0.00035000000000000005,1.0,1.6106286393345216e-09,7.007852786302843,981.277230443145,981.277230443145,108938.20569302792,108938.20569302313,981.277230443145,981.277230443145,54469.10284651397,54469.10284651167,-1.793322909333754e-12,0.0
0.0,0.00045,1.0,1.6106286393345216e-09,7.007852786302843,981.277230443145,981.277230443145,108938.20569302792,108938.20569302313,981.277230443145,981.277230443145,54469.10284651397,54469.10284651167,-1.793322909333754e-12,0.0
0.0,0.00055,1.0,1.6106286393345216e-09,7.007852786302843,981.277230443145,981.277230443145,108938.20569302792,108938.20569302313,981.277230443145,981.277230443145,54469.10284651397,54469.10284651167,-1.793322909333754e-12,0.0
0.0,0.00065,1.0,1.6106286393345216e-09,7.007852786302843,981.277230443145,981.277230443145,108938.20569302792,108938.20569302313,981.277230443145,981.277230443145,54469.10284651397,54469.10284651167,-1.793322909333754e-12,0.0
0.0,0.00075,1.0,1.6106286393345216e-09,7.007852786302843,981.277230443145,981.277230443145,108938.20569302792,108938.20569302313,981.277230443145,981.277230443145,54469.10284651397,54469.10284651167,-1.793322909333754e-12,0.0
0.0,0.0008500000000000001,1.0,1.6106286393345216e-09,7.007852786302843,981.277230443145,981.277230443145,108938.20569302792,108938.20569302313,981.277230443145,981.277230443145,54469.10284651397,54469.10284651167,-1.793322909333754e-12,0.0
0.0,0.0009500000000000001,1.0,1.6106286393345216e-09,7.007852786302843,981.277230443145,981.277230443145,108938.20569302792,108938.20569302313,981.277230443145,981.277230443145,54469.10284651397,54469.10284651167,-1.793322909333754e-12,0.0
0.0,0.0010500000000000002,1.0,1.6106286393345216e-09,7.007852786302843,981.277230443145,981.277230443145,108938.20569302792,108938.20569302313,981.277230443145,981.277230443145,54469.10284651397,54469.10284651167,-1.793322909333754e-12,0.0
0.0,0.00115,1.0,1.6106286393345216e-09,7.007852786302843,981.277230443145,981.277230443145,108938.20569302792,108938.20569302313,981.277230443145,981.277230443145,54469.10284651397,54469.10284651167,-1.793322909333754e-12,0.0
0.0,0.0012500000000000002,1.0,1.6106286393345216e-09,7.007852786302843,981.277230443145,981.277230443145,108938.20569302792,108938.20569302313,981.277230443145,981.277230443145,54469.10284651397,54469.10284651167,-1.793322909333754e-12,0.0
0.0,0.00135,1.0,1.6106286393345216e-09,7.007852786302843,981.277230443145,981.277230443145,108938.20569302792,108938.20569302313,981.277230443145,981.277230443145,54469.10284651397,54469.10284651167,-1.793322909333754e-12,0.0
0.0,0.00145,1.0,1.6106286393345216e-09,7.007852786302843,981.277230443145,981.277230443145,108938.20569302792,108938.20569302313,981.277230443145,981.277230443145,54469.10284651397,54469.10284651167,-1.793322909333754e-12,0.0
0.0,0.0015500000000000002,1.0,1.6106286393345216e-09,7.007852786302843,981.277230443145,981.277230443145,108938.20569302792,108938.20569302313,981.277230443145,981.277230443145,54469.10284651397,54469.10284651167,-1.793322909333754e-12,0.0
0.0,0.00165,1.0,1.6106286393345216e-09,7.007852786302843,981.277230443145,981.277230443145,108938.20569302792,108938.20569302313,981.277230443145,981.277230443145,54469.10284651397,54469.10284651167,-1.793322909333754e-12,0.0
0.0,0.0017500000000000003,1.0,1.6106286393345216e-09,7.007852786302843,981.277230443145,981.277230443145,108938.20569302792,108938.20569302313,981.277230443145,981.277230443145,54469.10284651397,54469.10284651167,-1.793322909333754e-12,0.0
0.0,0.00185,1.0,1.6106286393345216e-09,7.007852786302843,981.277230443145,981.277230443145,108938.20569302792,108938.20569302313,981.277230443145,981.277230443145,54469.10284651397,54469.10284651167,-1.793322909333754e-12,0.0
0.0,0.00195,1.0,1.6106286393345216e-09,7.007852786302843,981.277230443145,981.277230443145,108938.20569302792,108938.20569302313,981.277230443145,981.277230443145,54469.10284651397,54469.10284651167,-1.793322909333754e-12,0.0
0.0,0.00205,1.0,1.6106286393345216e-09,7.007852786302843,981.277230443145,981.277230443145,108938.20569302792,108938.20569302313,981.277230443145,981.277230443145,54469.10284651397,54469.10284651167,-1.793322909333754e-12,0.0
0.0,0.00215,1.0,1.6106286393345216e-09,7.007852786302843,981.277230443145,981.277230443145,108938.20569302792,108938.20569302313,981.277230443145,981.277230443145,54469.10284651397,54469.10284651167,-1.793322909333754e-12,0.0
0.0,0.0022500000000000003,1.0,1.6106286393345216e-09,7.007852786302843,981.277230443145,981.277230443145,108938.20569302792,108938.20569302313,981.277230443145,981.277230443145,54469.10284651397,54469.10284651167,-1.793322909333754e-12,0.0
0.0,0.00235,1.0,1.6106286393345216e-09,7.007852786302843,981.277230443145,981.277230443145,108938.20569302792,108938.20569302313,981.277230443145,981.277230443145,54469.10284651397,54469.10284651167,-1.793322909333754e-12,0.0
0.0,0.00245,1.0,1.6106286393345216e-09,7.007852786302843,981.277230443145,981.277230443145,108938.20569302792,108938.20569302313,981.277230443145,981.277230443145,54469.10284651397,54469.10284651167,-1.793322909333754e-12,0.0
0.0,0.00255,1.0,1.6106286393345216e-09,7.007852786302843,981.277230443145,981.277230443145,108938.20569302792,108938.20569302313,981.277230443145,981.277230443145,54469.10284651397,54469.10284651167,-1.793322909333754e-12,0.0
0.0,0.0026500000000000004,1.0,1.6106286393345216e-09,7.007852786302843,981.277230443145,981.277230443145,108938.20569302792,108938.20569302313,981.277230443145,981.277230443145,54469.10284651397,54469.10284651167,-1.793322909333754e-12,0.0
0.0,0.00275,1.0,1.6106286393345216e-09,7.007852786302843,981.277230443145,981.277230443145,108938.20569302792,108938.20569302313,981.277230443145,981.277230443145,54469.10284651397,54469.10284651167,-1.793322909333754e-12,0.0
0.0,0.00285,1.0,1.6106286393345216e-09,7.007852786302843,981.277230443145,981.277230443145,108938.20569302792,108938.20569302313,981.277230443145,981.277230443145,54469.10284651397,54469.10284651167,-1.793322909333754e-12,0.0
0.0,0.0029500000000000004,1.0,1.6106286393345216e-09,7.007852786302843,981.277230443145,981.277230443145,108938.20569302792,108938.20569302313,981.277230443145,981.277230443145,54469.10284651397,54469.10284651167,-1.793322909333754e-12,0.0
0.0,0.00305,1.0,1.6106286393345216e-09,7.007852786302843,981.277230443145,981.277230443145,108938.20569302792,108938.20569302313,981.277230443145,981.277230443145,54469.10284651397,54469.10284651167,-1.793322909333754e-12,0.0
0.0,0.00315,1.0,1.6106286393345216e-09,7.007852786302843,981.277230443145,981.277230443145,108938.20569302792,108938.20569302313,981.277230443145,981.277230443145,54469.10284651397,54469.10284651167,-1.793322909333754e-12,0.0
0.0,0.0032500000000000003,1.0,1.6106286393345216e-09,7.007852786302843,981.277230443145,981.277230443145,108938.20569302792,108938.20569302313,981.277230443145,981.277230443145,54469.10284651397,54469.10284651167,-1.793322909333754e-12,0.0
0.0,0.00335,1.0,1.6106286393345216e-09,7.007852786302843,981.277230443145,981.277230443145,108938.20569302792,108938.20569302313,981.277230443145,981.277230443145,54469.10284651397,54469.10284651167,-1.793322909333754e-12,0.0
0.0,0.00345,1.0,1.6106286393345216e-09,7.007852786302843,981.277230443145,981.277230443145,108938.20569302792,108938.20569302313,981.277230443145,981.277230443145,54469.10284651397,54469.10284651167,-1.793322909333754e-12,0.0
0.0,0.00355,1.0,1.6106286393345216e-09,7.007852786302843,981.277230443145,981.277230443145,108938.20569302792,108938.20569302313,981.277230443145,981.277230443145,54469.10284651397,54469.10284651167,-1.793322909333754e-12,0.0
0.0,0.0036500000000000005,1.0,1.6106286393345216e-09,7.007852786302843,981.277230443145,981.277230443145,108938.20569302792,108938.20569302313,981.277230443145,981.277230443145,54469.10284651397,54469.10284651167,-1.793322909333754e-12,0.0
0.0,0.00375,1.0,1.6106286393345216e-09,7.007852786302843,981.277230443145,981.277230443145,108938.20569302792,108938.20569302313,981.277230443145,981.277230443145,54469.10284651397,54469.10284651167,-1.793322909333754e-12,0.0
0.0,0.00385,1.0,1.6106286393345216e-09,7.007852786302843,981.277230443145,981.277230443145,108938.20569302792,108938.20569302313,981.277230443145,981.277230443145,54469.10284651397,54469.10284651167,-1.793322909333754e-12,0.0
0.0,0.00395,1.0,1.6106286393345216e-09,7.007852786302843,981.277230443145,981.277230443145,108938.20569302792,108938.20569302313,981.277230443145,981.277230443145,54469.10284651397,54469.10284651167,-1.793322909333754e-12,0.0
0.0,0.00405,1.0,1.6106286393345216e-09,7.007852786302843,981.277230443145,981.277230443145,108938.20569302792,108938.20569302313,981.277230443145,981.277230443145,54469.10284651397,54469.10284651167,-1.793322909333754e-12,0.0
0.0,0.004150000000000001,1.0,1.6106286393345216e-09,7.007852786302843,981.277230443145,981.277230443145,108938.20569302792,108938.20569302313,981.277230443145,981.277230443145,54469.10284651397,54469.10284651167,-1.793322909333754e-12,0.0
0.0,0.00425,1.0,1.6106286393345216e-09,7.007852786302843,981.277230443145,981.277230443145,108938.20569302792,108938.20569302313,981.277230443145,981.277230443145,54469.10284651397,54469.10284651167,-1.793322909333754e-12,0.0
0.0,0.00435,1.0,1.6106286393345216e-09,7.007852786302843,981.277230443145,981.277230443145,108938.20569302792,108938.20569302313,981.277230443145,981.277230443145,54469.10284651397,54469.10284651167,-1.793322909333754e-12,0.0
0.0,0.004450000000000001,1.0,1.6106286393345216e-09,7.007852786302843,981.277230443145,981.277230443145,108938.20569302792,108938.20569302313,981.277230443145,981.277230443145,54469.10284651397,54469.10284651167,-1.793322909333754e-12,0.0
0.0,0.00455,1.0,1.6106286393345216e-09,7.007852786302843,981.277230443145,981.277230443145,108938.20569302792,108938.20569302313,981.277230443145,981.277230443145,54469.10284651397,54469.10284651167,-1.793322909333754e-12,0.0
0.0,0.00465,1.0,1.6106286393345216e-09,7.007852786302843,981.277230443145,981.277230443145,108938.20569302792,108938.20569302313,981.277230443145,981.277230443145,54469.10284651397,54469.10284651167,-1.793322909333754e-12,0.0
0.0,0.004750000000000001,1.0,1.6106286393345216e-09,7.007852786302843,981.277230443145,981.277230443145,108938.20569302792,108938.20569302313,981.277230443145,981.277230443145,54469.10284651397,54469.10284651167,-1.793322909333754e-12,0.0
0.0,0.00485,1.0,1.6106286393345216e-09,7.007852786302843,981.277230443145,981.277230443145,108938.20569302792,108938.20569302313,981.277230443145,981.277230443145,54469.10284651397,54469.10284651167,-1.793322909333754e-12,0.0
0.0,0.0049499999999999995,1.0,1.6106286393345216e-09,7.007852786302843,981.277230443145,981.277230443145,108938.20569302792,108938.20569302313,981.277230443145,981.277230443145,54469.10284651397,54469.10284651167,-1.793322909333754e-12,0.0
0.0,0.005050000000000001,1.0,1.6106286393345216e-09,7.007852786302843,981.277230443145,981.277230443145,108938.20569302792,108938.20569302313,981.277230443145,981.277230443145,54469.10284651397,54469.10284651167,-1.793322909333754e-12,0.0
0.0,0.00515,1.0,1.6106286393345216e-09,7.007852786302843,981.277230443145,981.277230443145,108938.20569302792,108938.20569302313,981.277230443145,981.277230443145,54469.10284651397,54469.10284651167,-1.793322909333754e-12,0.0
0.0,0.00525,1.0,1.6106286393345216e-09,7.007852786302843,981.277230443145,981.277230443145,108938.20569302792,108938.20569302313,981.277230443145,981.277230443145,54469.10284651397,54469.10284651167,-1.793322909333754e-12,0.0
0.0,0.005350000000000001,1.0,1.6106286393345216e-09,7.007852786302843,981.277230443145,981.277230443145,108938.20569302792,108938.20569302313,981.277230443145,981.277230443145,54469.10284651397,54469.10284651167,-1.793322909333754e-12,0.0
0.0,0.00545,1.0,1.6106286393345216e-09,7.007852786302843,981.277230443145,981.277230443145,108938.20569302792,108938.20569302313,981.277230443145,981.277230443145,54469.10284651397,54469.10284651167,-1.793322909333754e-12,0.0
0.0,0.00555,1.0,1.6106286393345216e-09,7.007852786302843,981.277230443145,981.277230443145,108938.20569302792,108938.20569302313,981.277230443145,981.277230443145,54469.10284651397,54469.10284651167,-1.793322909333754e-12,0.0
0.0,0.0056500000000000005,1.0,1.6106286393345216e-09,7.007852786302843,981.277230443145,981.277230443145,108938.20569302792,108938.20569302313,981.277230443145,981.277230443145,54469.10284651397,54469.10284651167,-1.793322909333754e-12,0.0
0.0,0.00575,1.0,1.6106286393345216e-09,7.007852786302843,981.277230443145,981.277230443145,108938.20569302792,108938.20569302313,981.277230443145,981.277230443145,54469.10284651397,54469.10284651167,-1.793322909333754e-12,0.0
0.0,0.00585,1.0,1.6106286393345216e-09,7.007852786302843,981.277230443145,981.277230443145,108938.20569302792,108938.20569302313,981.277230443145,981.277230443145,54469.10284651397,54469.10284651167,-1.793322909333754e-12,0.0
0.0,0.00595,1.0,1.6106286393345216e-09,7.007852786302843,981.277230443145,981.277230443145,108938.20569302792,108938.20569302313,981.277230443145,981.277230443145,54469.10284651397,54469.10284651167,-1.793322909333754e-12,0.0
0.0,0.00605,1.0,1.6106286393345216e-09,7.007852786302843,981.277230443145,981.277230443145,108938.20569302792,108938.20569302313,981.277230443145,981.277230443145,54469.10284651397,54469.10284651167,-1.793322909333754e-12,0.0
0.0,0.006150000000000001,1.0,1.6106286393345216e-09,7.007852786302843,981.277230443145,981.277230443145,108938.20569302792,108938.20569302313,981.277230443145,981.277230443145,54469.10284651397,54469.10284651167,-1.793322909333754e-12,0.0
0.0,0.00625,1.0,1.6106286393345216e-09,7.007852786302843,981.277230443145,981.277230443145,108938.20569302792,108938.20569302313,981.277230443145,981.277230443145,54469.10284651397,54469.10284651167,-1.793322909333754e-12,0.0
0.0,0.00635,1.0,1.6106286393345216e-09,7.007852786302843,981.277230443145,981.277230443145,108938.20569302792,108938.20569302313,981.277230443145,981.277230443145,54469.10284651397,54469.10284651167,-1.793322909333754e-12,0.0
0.0,0.006450000000000001,1.0,1.6106286393345216e-09,7.007852786302843,981.277230443145,981.277230443145,108938.20569302792,108938.20569302313,981.277230443145,981.277230443145,54469.10284651397,54469.10284651167,-1.793322909333754e-12,0.0
0.0,0.00655,1.0,1.6106286393345216e-09,7.007852786302843,981.277230443145,981.277230443145,108938.20569302792,108938.20569302313,981.277230443145,981.277230443145,54469.10284651397,54469.10284651167,-1.793322909333754e-12,0.0
0.0,0.00665,1.0,1.6106286393345216e-09,7.007852786302843,981.277230443145,981.277230443145,108938.20569302792,108938.20569302313,981.277230443145,981.277230443145,54469.10284651397,54469.10284651167,-1.793322909333754e-12,0.0
0.0,0.006750000000000001,1.0,1.6106286393345216e-09,7.007852786302843,981.277230443145,981.277230443145,108938.20569302792,108938.20569302313,981.277230443145,981.277230443145,54469.10284651397,54469.10284651167,-1.793322909333754e-12,0.0
0.0,0.00685,1.0,1.6106286393345216e-09,7.007852786302843,981.277230443145,981.277230443145,108938.20569302792,108938.20569302313,981.277230443145,981.277230443145,54469.10284651397,54469.10284651167,-1.793322909333754e-12,0.0
0.0,0.0069500000000000004,1.0,1.6106286393345216e-09,7.007852786302843,981.277230443145,981.277230443145,108938.20569302792,108938.20569302313,981.277230443145,981.277230443145,54469.10284651397,54469.10284651167,-1.793322909333754e-12,0.0
0.0,0.007050000000000001,1.0,1.6106286393345216e-09,7.007852786302843,981.277230443145,981.277230443145,108938.20569302792,108938.20569302313,981.277230443145,981.277230443145,54469.10284651397,54469.10284651167,-1.793322909333754e-12,0.0
0.0,0.00715,1.0,1.6106286393345216e-09,7.007852786302843,981.277230443145,981.277230443145,108938.20569302792,108938.20569302313,981.277230443145,981.277230443145,54469.10284651397,54469.10284651167,-1.793322909333754e-12,0.0
0.0,0.00725,1.0,1.6106286393345216e-09,7.007852786302843,981.277230443145,981.277230443145,108938.20569302792,108938.20569302313,981.277230443145,981.277230443145,54469.10284651397,54469.10284651167,-1.793322909333754e-12,0.0
0.0,0.007350000000000001,1.0,1.6106286393345216e-09,7.007852786302843,981.277230443145,981.277230443145,108938.20569302792,108938.20569302313,981.277230443145,981.277230443145,54469.10284651397,54469.10284651167,-1.793322909333754e-12,0.0
0.0,0.00745,1.0,1.6106286393345216e-09,7.007852786302843,981.277230443145,981.277230443145,108938.20569302792,108938.20569302313,981.277230443145,981.277230443145,54469.10284651397,54469.10284651167,-1.793322909333754e-12,0.0
0.0,0.00755,1.0,1.6106286393345216e-09,7.007852786302843,981.277230443145,981.277230443145,108938.20569302792,108938.20569302313,981.277230443145,981.277230443145,54469.10284651397,54469.10284651167,-1.793322909333754e-12,0.0
0.0,0.0076500000000000005,1.0,1.6106286393345216e-09,7.007852786302843,981.277230443145,981.277230443145,108938.20569302792,108938.20569302313,981.277230443145,981.277230443145,54469.10284651397,54469.10284651167,-1.793322909333754e-12,0.0
0.0,0.00775,1.0,1.6106286393345216e-09,7.007852786302843,981.277230443145,981.277230443145,108938.20569302792,108938.20569302313,981.277230443145,981.277230443145,54469.10284651397,54469.10284651167,-1.793322909333754e-12,0.0
0.0,0.007850000000000001,1.0,1.6106286393345216e-09,7.007852786302843,981.277230443145,981.277230443145,108938.20569302792,108938.20569302313,981.277230443145,981.277230443145,54469.10284651397,54469.10284651167,-1.793322909333754e-12,0.0
0.0,0.00795,1.0,1.6106286393345216e-09,7.007852786302843,981.277230443145,981.277230443145,108938.20569302792,108938.20569302313,981.277230443145,981.277230443145,54469.10284651397,54469.10284651167,-1.793322909333754e-12,0.0
0.0,0.00805,1.0,1.6106286393345216e-09,7.007852786302843,981.277230443145,981.277230443145,108938.20569302792,108938.20569302313,981.277230443145,981.277230443145,54469.10284651397,54469.10284651167,-1.793322909333754e-12,0.0
0.0,0.008150000000000001,1.0,1.6106286393345216e-09,7.007852786302843,981.277230443145,981.277230443145,108938.20569302792,108938.20569302313,981.277230443145,981.277230443145,54469.10284651397,54469.10284651167,-1.793322909333754e-12,0.0
0.0,0.00825,1.0,1.6106286393345216e-09,7.007852786302843,981.277230443145,981.277230443145,108938.20569302792,108938.20569302313,981.277230443145,981.277230443145,54469.10284651397,54469.10284651167,-1.793322909333754e-12,0.0
0.0,0.00835,1.0,1.6106286393345216e-09,7.007852786302843,981.277230443145,981.277230443145,108938.20569302792,108938.20569302313,981.277230443145,981.277230443145,54469.10284651397,54469.10284651167,-1.793322909333754e-12,0.0
0.0,0.008450000000000001,1.0,1.6106286393345216e-09,7.007852786302843,981.277230443145,981.277230443145,108938.20569302792,108938.20569302313,981.277230443145,981.277230443145,54469.10284651397,54469.10284651167,-1.793322909333754e-12,0.0
0.0,0.00855,1.0,1.6106286393345216e-09,7.007852786302843,981.277230443145,981.277230443145,108938.20569302792,108938.20569302313,981.277230443145,981.277230443145,54469.10284651397,54469.10284651167,-1.793322909333754e-12,0.0
0.0,0.008650000000000001,1.0,1.6106286393345216e-09,7.007852786302843,981.277230443145,981.277230443145,108938.20569302792,108938.20569302313,981.277230443145,981.277230443145,54469.10284651397,54469.10284651167,-1.793322909333754e-12,0.0
0.0,0.00875,1.0,1.6106286393345216e-09,7.007852786302843,981.277230443145,981.277230443145,108938.20569302792,108938.20569302313,981.277230443145,981.277230443145,54469.10284651397,54469.10284651167,-1.793322909333754e-12,0.0
0.0,0.00885,1.0,1.6106286393345216e-09,7.007852786302843,981.277230443145,981.277230443145,108938.20569302792,108938.20569302313,981.277230443145,981.277230443145,54469.10284651397,54469.10284651167,-1.793322909333754e-12,0.0
0.0,0.00895,1.0,1.6106286393345216e-09,7.007852786302843,981.277230443145,981.277230443145,108938.20569302792,108938.20569302313,981.277230443145,981.277230443145,54469.10284651397,54469.10284651167,-1.793322909333754e-12,0.0
0.0,0.00905,1.0,1.6106286393345216e-09,7.007852786302843,981.277230443145,981.277230443145,108938.20569302792,108938.20569302313,981.277230443145,981.277230443145,54469.10284651397,54469.10284651167,-1.793322909333754e-12,0.0
0.0,0.00915,1.0,1.6106286393345216e-09,7.007852786302843,981.277230443145,981.277230443145,108938.20569302792,108938.20569302313,981.277230443145,981.277230443145,54469.10284651397,54469.10284651167,-1.793322909333754e-12,0.0
0.0,0.009250000000000001,1.0,1.6106286393345216e-09,7.007852786302843,981.277230443145,981.277230443145,108938.20569302792,108938.20569302313,981.277230443145,981.277230443145,54469.10284651397,54469.10284651167,-1.793322909333754e-12,0.0
0.0,0.00935,1.0,1.6106286393345216e-09,7.007852786302843,981.277230443145,981.277230443145,108938.20569302792,108938.20569302313,981.277230443145,981.277230443145,54469.10284651397,54469.10284651167,-1.793322909333754e-12,0.0
0.0,0.00945,1.0,1.6106286393345216e-09,7.007852786302843,981.277230443145,981.277230443145,108938.20569302792,108938.20569302313,981.277230443145,981.277230443145,54469.10284651397,54469.10284651167,-1.793322909333754e-12,0.0
0.0,0.00955,1.0,1.6106286393345216e-09,7.007852786302843,981.277230443145,981.277230443145,108938.20569302792,108938.20569302313,981.277230443145,981.277230443145,54469.10284651397,54469.10284651167,-1.793322909333754e-12,0.0
0.0,0.00965,1.0,1.6106286393345216e-09,7.007852786302843,981.277230443145,981.277230443145,108938.20569302792,108938.20569302313,981.277230443145,981.277230443145,54469.10284651397,54469.10284651167,-1.793322909333754e-12,0.0
0.0,0.00975,1.0,1.6106286393345216e-09,7.007852786302843,981.277230443145,981.277230443145,108938.20569302792,108938.20569302313,981.277230443145,981.277230443145,54469.10284651397,54469.10284651167,-1.793322909333754e-12,0.0
0.0,0.009850000000000001,1.0,1.6106286393345216e-09,7.007852786302843,981.277230443145,981.277230443145,108938.20569302792,108938.20569302313,981.277230443145,981.277230443145,54469.10284651397,54469.10284651167,-1.793322909333754e-12,0.0
0.0,0.00995,1.0,1.6106286393345216e-09,7.007852786302843,981.277230443145,981.277230443145,108938.20569302792,108938.20569302313,981.277230443145,981.277230443145,54469.10284651397,54469.10284651167,-1.793322909333754e-12,0.0
0.0,0.01005,1.0,1.6106286393345216e-09,7.003840850895423,494.55495000049456,494.5549500004946,109807.76318497733,109807.76318497938,494.55495000049456,494.5549500004946,54903.881592488666,54903.881592489786,3.457356880120539e-13,0.0
0.0,0.010150000000000001,1.0,1.6106286393345216e-09,7.003840850895423,494.55495000049456,494.5549500004946,109807.76318497733,109807.76318497938,494.55495000049456,494.5549500004946,54903.881592488666,54903.881592489786,3.457356880120539e-13,0.0
0.0,0.01025,1.0,1.6106286393345216e-09,7.003840850895423,494.55495000049456,494.5549500004946,109807.76318497733,109807.76318497938,494.55495000049456,494.5549500004946,54903.881592488666,54903.881592489786,3.457356880120539e-13,0.0
0.0,0.010350000000000002,1.0,1.6106286393345216e-09,7.003840850895423,494.55495000049456,494.5549500004946,109807.76318497733,109807.76318497938,494.55495000049456,494.5549500004946,54903.881592488666,54903.881592489786,3.457356880120539e-13,0.0
0.0,0.010450000000000001,1.0,1.6106286393345216e-09,7.003840850895423,494.55495000049456,494.5549500004946,109807.76318497733,109807.76318497938,494.55495000049456,494.5549500004946,54903.881592488666,54903.881592489786,3.457356880120539e-13,0.0
0.0,0.01055,1.0,1.6106286393345216e-09,7.003840850895423,494.55495000049456,494.5549500004946,109807.76318497733,109807.76318497938,494.55495000049456,494.5549500004946,54903.881592488666,54903.881592489786,3.457356880120539e-13,0.0
0.0,0.01065,1.0,1.6106286393345216e-09,7.003840850895423,494.55495000049456,494.5549500004946,109807.76318497733,109807.76318497938,494.55495000049456,494.5549500004946,54903.881592488666,54903.881592489786,3.457356880120539e-13,0.0
0.0,0.010750000000000001,1.0,1.6106286393345216e-09,7.003840850895423,494.55495000049456,494.5549500004946,109807.76318497733,109807.76318497938,494.55495000049456,494.5549500004946,54903.881592488666,54903.881592489786,3.457356880120539e-13,0.0
0.0,0.01085,1.0,1.6106286393345216e-09,7.003840850895423,494.55495000049456,494.5549500004946,109807.76318497733,109807.76318497938,494.55495000049456,494.5549500004946,54903.881592488666,54903.881592489786,3.457356880120539e-13,0.0
0.0,0.010950000000000001,1.0,1.6106286393345216e-09,7.003840850895423,494.55495000049456,494.5549500004946,109807.76318497733,109807.76318497938,494.55495000049456,494.5549500004946,54903.881592488666,54903.881592489786,3.457356880120539e-13,0.0
0.0,0.01105,1.0,1.6106286393345216e-09,7.003840850895423,494.55495000049456,494.5549500004946,109807.76318497733,109807.76318497938,494.55495000049456,494.5549500004946,54903.881592488666,54903.881592489786,3.457356880120539e-13,0.0
0.0,0.01115,1.0,1.6106286393345216e-09,7.003840850895423,494.55495000049456,494.5549500004946,109807.76318497733,109807.76318497938,494.55495000049456,494.5549500004946,54903.881592488666,54903.881592489786,3.457356880120539e-13,0.0
0.0,0.01125,1.0,1.6106286393345216e-09,7.003840850895423,494.55495000049456,494.5549500004946,109807.76318497733,109807.76318497938,494.55495000049456,494.5549500004946,54903.881592488666,54903.881592489786,3.457356880120539e-13,0.0
0.0,0.01135,1.0,1.6106286393345216e-09,7.003840850895423,494.55495000049456,494.5549500004946,109807.76318497733,109807.76318497938,494.55495000049456,494.5549500004946,54903.881592488666,54903.881592489786,3.457356880120539e-13,0.0
0.0,0.01145,1.0,1.6106286393345216e-09,7.003840850895423,494.55495000049456,494.5549500004946,109807.76318497733,109807.76318497938,494.55495000049456,494.5549500004946,54903.881592488666,54903.881592489786,3.457356880120539e-13,0.0
0.0,0.011550000000000001,1.0,1.6106286393345216e-09,7.003840850895423,494.55495000049456,494.5549500004946,109807.76318497733,109807.76318497938,494.55495000049456,494.5549500004946,54903.881592488666,54903.881592489786,3.457356880120539e-13,0.0
0.0,0.01165,1.0,1.6106286393345216e-09,7.003840850895423,494.55495000049456,494.5549500004946,109807.76318497733,109807.76318497938,494.55495000049456,494.5549500004946,54903.881592488666,54903.881592489786,3.457356880120539e-13,0.0
0.0,0.01175,1.0,1.6106286393345216e-09,7.003840850895423,494.55495000049456,494.5549500004946,109807.76318497733,109807.76318497938,494.55495000049456,494.5549500004946,54903.881592488666,54903.881592489786,3.457356880120539e-13,0.0
0.0,0.01185,1.0,1.6106286393345216e-09,7.003840850895423,494.55495000049456,494.5549500004946,109807.76318497733,109807.76318497938,494.55495000049456,494.5549500004946,54903.881592488666,54903.881592489786,3.457356880120539e-13,0.0
0.0,0.01195,1.0,1.6106286393345216e-09,7.003840850895423,494.55495000049456,494.5549500004946,109807.76318497733,109807.76318497938,494.55495000049456,494.5549500004946,54903.881592488666,54903.881592489786,3.457356880120539e-13,0.0
0.0,0.012050000000000002,1.0,1.6106286393345216e-09,7.003840850895423,494.55495000049456,494.5549500004946,109807.76318497733,109807.76318497938,494.55495000049456,494.5549500004946,54903.881592488666,54903.881592489786,3.457356880120539e-13,0.0
0.0,0.012150000000000001,1.0,1.6106286393345216e-09,7.003840850895423,494.55495000049456,494.5549500004946,109807.76318497733,109807.76318497938,494.55495000049456,494.5549500004946,54903.881592488666,54903.881592489786,3.457356880120539e-13,0.0
0.0,0.01225,1.0,1.6106286393345216e-09,7.003840850895423,494.55495000049456,494.5549500004946,109807.76318497733,109807.76318497938,494.55495000049456,494.5549500004946,54903.881592488666,54903.881592489786,3.457356880120539e-13,0.0
0.0,0.01235,1.0,1.6106286393345216e-09,7.003840850895423,494.55495000049456,494.5549500004946,109807.76318497733,109807.76318497938,494.55495000049456,494.5549500004946,54903.881592488666,54903.881592489786,3.457356880120539e-13,0.0
0.0,0.012450000000000001,1.0,1.6106286393345216e-09,7.003840850895423,494.55495000049456,494.5549500004946,109807.76318497733,109807.76318497938,494.55495000049456,494.5549500004946,54903.881592488666,54903.881592489786,3.457356880120539e-13,0.0
0.0,0.01255,1.0,1.6106286393345216e-09,7.003840850895423,494.55495000049456,494.5549500004946,109807.76318497733,109807.76318497938,494.55495000049456,494.5549500004946,54903.881592488666,54903.881592489786,3.457356880120539e-13,0.0
0.0,0.012650000000000002,1.0,1.6106286393345216e-09,7.003840850895423,494.55495000049456,494.5549500004946,109807.76318497733,109807.76318497938,494.55495000049456,494.5549500004946,54903.881592488666,54903.881592489786,3.457356880120539e-13,0.0
0.0,0.012750000000000001,1.0,1.6106286393345216e-09,7.003840850895423,494.55495000049456,494.5549500004946,109807.76318497733,109807.76318497938,494.55495000049456,494.5549500004946,54903.881592488666,54903.881592489786,3.457356880120539e-13,0.0
0.0,0.01285,1.0,1.6106286393345216e-09,7.003840850895423,494.55495000049456,494.5549500004946,109807.76318497733,109807.76318497938,494.55495000049456,494.5549500004946,54903.881592488666,54903.881592489786,3.457356880120539e-13,0.0
0.0,0.01295,1.0,1.6106286393345216e-09,7.003840850895423,494.55495000049456,494.5549500004946,109807.76318497733,109807.76318497938,494.55495000049456,494.5549500004946,54903.881592488666,54903.881592489786,3.457356880120539e-13,0.0
0.0,0.01305,1.0,1.6106286393345216e-09,7.003840850895423,494.55495000049456,494.5549500004946,109807.76318497733,109807.76318497938,494.55495000049456,494.5549500004946,54903.881592488666,54903.881592489786,3.457356880120539e-13,0.0
0.0,0.01315,1.0,1.6106286393345216e-09,7.003840850895423,494.55495000049456,494.5549500004946,109807.76318497733,109807.76318497938,494.55495000049456,494.5549500004946,54903.881592488666,54903.881592489786,3.457356880120539e-13,0.0
0.0,0.013250000000000001,1.0,1.6106286393345216e-09,7.003840850895423,494.55495000049456,494.5549500004946,109807.76318497733,109807.76318497938,494.55495000049456,494.5549500004946,54903.881592488666,54903.881592489786,3.457356880120539e-13,0.0
0.0,0.01335,1.0,1.6106286393345216e-09,7.003840850895423,494.55495000049456,494.5549500004946,109807.76318497733,109807.76318497938,494.55495000049456,494.5549500004946,54903.881592488666,54903.881592489786,3.457356880120539e-13,0.0
0.0,0.01345,1.0,1.6106286393345216e-09,7.003840850895423,494.55495000049456,494.5549500004946,109807.76318497733,109807.76318497938,494.55495000049456,494.5549500004946,54903.881592488666,54903.881592489786,3.457356880120539e-13,0.0
0.0,0.01355,1.0,1.6106286393345216e-09,7.003840850895423,494.55495000049456,494.5549500004946,109807.76318497733,109807.76318497938,494.55495000049456,494.5549500004946,54903.881592488666,54903.881592489786,3.457356880120539e-13,0.0
0.0,0.01365,1.0,1.6106286393345216e-09,7.003840850895423,494.55495000049456,494.5549500004946,109807.76318497733,109807.76318497938,494.55495000049456,494.5549500004946,54903.881592488666,54903.881592489786,3.457356880120539e-13,0.0
0.0,0.013750000000000002,1.0,1.6106286393345216e-09,7.003840850895423,494.55495000049456,494.5549500004946,109807.76318497733,109807.76318497938,494.55495000049456,494.5549500004946,54903.881592488666,54903.881592489786,3.457356880120539e-13,0.0
0.0,0.013850000000000001,1.0,1.6106286393345216e-09,7.003840850895423,494.55495000049456,494.5549500004946,109807.76318497733,109807.76318497938,494.55495000049456,494.5549500004946,54903.881592488666,54903.881592489786,3.457356880120539e-13,0.0
0.0,0.01395,1.0,1.6106286393345216e-09,7.003840850895423,494.55495000049456,494.5549500004946,109807.76318497733,109807.76318497938,494.55495000049456,494.5549500004946,54903.881592488666,54903.881592489786,3.457356880120539e-13,0.0
0.0,0.01405,1.0,1.6106286393345216e-09,7.003840850895423,494.55495000049456,494.5549500004946,109807.76318497733,109807.76318497938,494.55495000049456,494.5549500004946,54903.881592488666,54903.881592489786,3.457356880120539e-13,0.0
0.0,0.014150000000000001,1.0,1.6106286393345216e-09,7.003840850895423,494.55495000049456,494.5549500004946,109807.76318497733,109807.76318497938,494.55495000049456,494.5549500004946,54903.881592488666,54903.881592489786,3.457356880120539e-13,0.0
0.0,0.01425,1.0,1.6106286393345216e-09,7.003840850895423,494.55495000049456,494.5549500004946,109807.76318497733,109807.76318497938,494.55495000049456,494.5549500004946,54903.881592488666,54903.881592489786,3.457356880120539e-13,0.0
0.0,0.014350000000000002,1.0,1.6106286393345216e-09,7.003840850895423,494.55495000049456,494.5549500004946,109807.76318497733,109807.76318497938,494.55495000049456,494.5549500004946,54903.881592488666,54903.881592489786,3.457356880120539e-13,0.0
0.0,0.014450000000000001,1.0,1.6106286393345216e-09,7.003840850895423,494.55495000049456,494.5549500004946,109807.76318497733,109807.76318497938,494.55495000049456,494.5549500004946,54903.881592488666,54903.881592489786,3.457356880120539e-13,0.0
0.0,0.01455,1.0,1.6106286393345216e-09,7.003840850895423,494.55495000049456,494.5549500004946,109807.76318497733,109807.76318497938,494.55495000049456,494.5549500004946,54903.881592488666,54903.881592489786,3.457356880120539e-13,0.0
0.0,0.01465,1.0,1.6106286393345216e-09,7.003840850895423,494.55495000049456,494.5549500004946,109807.76318497733,109807.76318497938,494.55495000049456,494.5549500004946,54903.881592488666,54903.881592489786,3.457356880120539e-13,0.0
0.0,0.014750000000000001,1.0,1.6106286393345216e-09,7.003840850895423,494.55495000049456,494.5549500004946,109807.76318497733,109807.76318497938,494.55495000049456,494.5549500004946,54903.881592488666,54903.881592489786,3.457356880120539e-13,0.0
0.0,0.01485,1.0,1.6106286393345216e-09,7.003840850895423,494.55495000049456,494.5549500004946,109807.76318497733,109807.76318497938,494.55495000049456,494.5549500004946,54903.881592488666,54903.881592489786,3.457356880120539e-13,0.0
0.0,0.014950000000000001,1.0,1.6106286393345216e-09,7.003840850895423,494.55495000049456,494.5549500004946,109807.76318497733,109807.76318497938,494.55495000049456,494.5549500004946,54903.881592488666,54903.881592489786,3.457356880120539e-13,0.0
0.0,0.015050000000000001,1.0,1.6106286393345216e-09,7.003840850895423,494.55495000049456,494.5549500004946,109807.76318497733,109807.76318497938,494.55495000049456,494.5549500004946,54903.881592488666,54903.881592489786,3.457356880120539e-13,0.0
0.0,0.01515,1.0,1.6106286393345216e-09,7.003840850895423,494.55495000049456,494.5549500004946,109807.76318497733,109807.76318497938,494.55495000049456,494.5549500004946,54903.881592488666,54903.881592489786,3.457356880120539e-13,0.0
0.0,0.01525,1.0,1.6106286393345216e-09,7.003840850895423,494.55495000049456,494.5549500004946,109807.76318497733,109807.76318497938,494.55495000049456,494.5549500004946,54903.881592488666,54903.881592489786,3.457356880120539e-13,0.0
0.0,0.01535,1.0,1.6106286393345216e-09,7.003840850895423,494.55495000049456,494.5549500004946,109807.76318497733,109807.76318497938,494.55495000049456,494.5549500004946,54903.881592488666,54903.881592489786,3.457356880120539e-13,0.0
0.0,0.01545,1.0,1.6106286393345216e-09,7.003840850895423,494.55495000049456,494.5549500004946,109807.76318497733,109807.76318497938,494.55495000049456,494.5549500004946,54903.881592488666,54903.881592489786,3.457356880120539e-13,0.0
0.0,0.015550000000000001,1.0,1.6106286393345216e-09,7.003840850895423,494.55495000049456,494.5549500004946,109807.76318497733,109807.76318497938,494.55495000049456,494.5549500004946,54903.881592488666,54903.881592489786,3.457356880120539e-13,0.0
0.0,0.01565,1.0,1.6106286393345216e-09,7.003840850895423,494.55495000049456,494.5549500004946,109807.76318497733,109807.76318497938,494.55495000049456,494.5549500004946,54903.881592488666,54903.881592489786,3.457356880120539e-13,0.0
0.0,0.01575,1.0,1.6106286393345216e-09,7.003840850895423,494.55495000049456,494.5549500004946,109807.76318497733,109807.76318497938,494.55495000049456,494.5549500004946,54903.881592488666,54903.881592489786,3.457356880120539e-13,0.0
0.0,0.015850000000000003,1.0,1.6106286393345216e-09,7.003840850895423,494.55495000049456,494.5549500004946,109807.76318497733,109807.76318497938,494.55495000049456,494.5549500004946,54903.881592488666,54903.881592489786,3.457356880120539e-13,0.0
0.0,0.01595,1.0,1.6106286393345216e-09,7.003840850895423,494.55495000049456,494.5549500004946,109807.76318497733,109807.76318497938,494.55495000049456,494.5549500004946,54903.881592488666,54903.881592489786,3.457356880120539e-13,0.0
0.0,0.016050000000000002,1.0,1.6106286393345216e-09,7.003840850895423,494.55495000049456,494.5549500004946,109807.76318497733,109807.76318497938,494.55495000049456,494.5549500004946,54903.881592488666,54903.881592489786,3.457356880120539e-13,0.0
0.0,0.016149999999999998,1.0,1.6106286393345216e-09,7.003840850895423,494.55495000049456,494.5549500004946,109807.76318497733,109807.76318497938,494.55495000049456,494.5549500004946,54903.881592488666,54903.881592489786,3.457356880120539e-13,0.0
0.0,0.01625,1.0,1.6106286393345216e-09,7.003840850895423,494.55495000049456,494.5549500004946,109807.76318497733,109807.76318497938,494.55495000049456,494.5549500004946,54903.881592488666,54903.881592489786,3.457356880120539e-13,0.0
0.0,0.016350000000000003,1.0,1.6106286393345216e-09,7.003840850895423,494.55495000049456,494.5549500004946,109807.76318497733,109807.76318497938,494.55495000049456,494.5549500004946,54903.881592488666,54903.881592489786,3.457356880120539e-13,0.0
0.0,0.01645,1.0,1.6106286393345216e-09,7.003840850895423,494.55495000049456,494.5549500004946,109807.76318497733,109807.76318497938,494.55495000049456,494.5549500004946,54903.881592488666,54903.881592489786,3.457356880120539e-13,0.0
0.0,0.016550000000000002,1.0,1.6106286393345216e-09,7.003840850895423,494.55495000049456,494.5549500004946,109807.76318497733,109807.76318497938,494.55495000049456,494.5549500004946,54903.881592488666,54903.881592489786,3.457356880120539e-13,0.0
0.0,0.016649999999999998,1.0,1.6106286393345216e-09,7.003840850895423,494.55495000049456,494.5549500004946,109807.76318497733,109807.76318497938,494.55495000049456,494.5549500004946,54903.881592488666,54903.881592489786,3.457356880120539e-13,0.0
0.0,0.01675,1.0,1.6106286393345216e-09,7.003840850895423,494.55495000049456,494.5549500004946,109807.76318497733,109807.76318497938,494.55495000049456,494.5549500004946,54903.881592488666,54903.881592489786,3.457356880120539e-13,0.0
0.0,0.016850000000000004,1.0,1.6106286393345216e-09,7.003840850895423,494.55495000049456,494.5549500004946,109807.76318497733,109807.76318497938,494.55495000049456,494.5549500004946,54903.881592488666,54903.881592489786,3.457356880120539e-13,0.0
0.0,0.01695,1.0,1.6106286393345216e-09,7.003840850895423,494.55495000049456,494.5549500004946,109807.76318497733,109807.76318497938,494.55495000049456,494.5549500004946,54903.881592488666,54903.881592489786,3.457356880120539e-13,0.0
0.0,0.017050000000000003,1.0,1.6106286393345216e-09,7.003840850895423,494.55495000049456,494.5549500004946,109807.76318497733,109807.76318497938,494.55495000049456,494.5549500004946,54903.881592488666,54903.881592489786,3.457356880120539e-13,0.0
0.0,0.01715,1.0,1.6106286393345216e-09,7.003840850895423,494.55495000049456,494.5549500004946,109807.76318497733,109807.76318497938,494.55495000049456,494.5549500004946,54903.881592488666,54903.881592489786,3.457356880120539e-13,0.0
0.0,0.01725,1.0,1.6106286393345216e-09,7.003840850895423,494.55495000049456,494.5549500004946,109807.76318497733,109807.76318497938,494.55495000049456,494.5549500004946,54903.881592488666,54903.881592489786,3.457356880120539e-13,0.0
0.0,0.01735,1.0,1.6106286393345216e-09,7.003840850895423,494.55495000049456,494.5549500004946,109807.76318497733,109807.76318497938,494.55495000049456,494.5549500004946,54903.881592488666,54903.881592489786,3.457356880120539e-13,0.0
0.0,0.01745,1.0,1.6106286393345216e-09,7.003840850895423,494.55495000049456,494.5549500004946,109807.76318497733,109807.76318497938,494.55495000049456,494.5549500004946,54903.881592488666,54903.881592489786,3.457356880120539e-13,0.0
0.0,0.017550000000000003,1.0,1.6106286393345216e-09,7.003840850895423,494.55495000049456,494.5549500004946,109807.76318497733,109807.76318497938,494.55495000049456,494.5549500004946,54903.881592488666,54903.881592489786,3.457356880120539e-13,0.0
0.0,0.01765,1.0,1.6106286393345216e-09,7.003840850895423,494.55495000049456,494.5549500004946,109807.76318497733,109807.76318497938,494.55495000049456,494.5549500004946,54903.881592488666,54903.881592489786,3.457356880120539e-13,0.0
0.0,0.017750000000000002,1.0,1.6106286393345216e-09,7.003840850895423,494.55495000049456,494.5549500004946,109807.76318497733,109807.76318497938,494.55495000049456,494.5549500004946,54903.881592488666,54903.881592489786,3.457356880120539e-13,0.0
0.0,0.017849999999999998,1.0,1.6106286393345216e-09,7.003840850895423,494.55495000049456,494.5549500004946,109807.76318497733,109807.76318497938,494.55495000049456,494.5549500004946,54903.881592488666,54903.881592489786,3.457356880120539e-13,0.0
0.0,0.01795,1.0,1.6106286393345216e-09,7.003840850895423,494.55495000049456,494.5549500004946,109807.76318497733,109807.76318497938,494.55495000049456,494.5549500004946,54903.881592488666,54903.881592489786,3.457356880120539e-13,0.0
0.0,0.018050000000000004,1.0,1.6106286393345216e-09,7.003840850895423,494.55495000049456,494.5549500004946,109807.76318497733,109807.76318497938,494.55495000049456,494.5549500004946,54903.881592488666,54903.881592489786,3.457356880120539e-13,0.0
0.0,0.01815,1.0,1.6106286393345216e-09,7.003840850895423,494.55495000049456,494.5549500004946,109807.76318497733,109807.76318497938,494.55495000049456,494.5549500004946,54903.881592488666,54903.881592489786,3.457356880120539e-13,0.0
0.0,0.018250000000000002,1.0,1.6106286393345216e-09,7.003840850895423,494.55495000049456,494.5549500004946,109807.76318497733,109807.76318497938,494.55495000049456,494.5549500004946,54903.881592488666,54903.881592489786,3.457356880120539e-13,0.0
0.0,0.018349999999999998,1.0,1.6106286393345216e-09,7.003840850895423,494.55495000049456,494.5549500004946,109807.76318497733,109807.76318497938,494.55495000049456,494.5549500004946,54903.881592488666,54903.881592489786,3.457356880120539e-13,0.0
0.0,0.01845,1.0,1.6106286393345216e-09,7.003840850895423,494.55495000049456,494.5549500004946,109807.76318497733,109807.76318497938,494.55495000049456,494.5549500004946,54903.881592488666,54903.881592489786,3.457356880120539e-13,0.0
0.0,0.018550000000000004,1.0,1.6106286393345216e-09,7.003840850895423,494.55495000049456,494.5549500004946,109807.76318497733,109807.76318497938,494.55495000049456,494.5549500004946,54903.881592488666,54903.881592489786,3.457356880120539e-13,0.0
0.0,0.01865,1.0,1.6106286393345216e-09,7.003840850895423,494.55495000049456,494.5549500004946,109807.76318497733,109807.76318497938,494.55495000049456,494.5549500004946,54903.881592488666,54903.881592489786,3.457356880120539e-13,0.0
0.0,0.018750000000000003,1.0,1.6106286393345216e-09,7.003840850895423,494.55495000049456,494.5549500004946,109807.76318497733,109807.76318497938,494.55495000049456,494.5549500004946,54903.881592488666,54903.881592489786,3.457356880120539e-13,0.0
0.0,0.01885,1.0,1.6106286393345216e-09,7.003840850895423,494.55495000049456,494.5549500004946,109807.76318497733,109807.76318497938,494.55495000049456,494.5549500004946,54903.881592488666,54903.881592489786,3.457356880120539e-13,0.0
0.0,0.01895,1.0,1.6106286393345216e-09,7.003840850895423,494.55495000049456,494.5549500004946,109807.76318497733,109807.76318497938,494.55495000049456,494.5549500004946,54903.881592488666,54903.881592489786,3.457356880120539e-13,0.0
0.0,0.01905,1.0,1.6106286393345216e-09,7.003840850895423,494.55495000049456,494.5549500004946,109807.76318497733,109807.76318497938,494.55495000049456,494.5549500004946,54903.881592488666,54903.881592489786,3.457356880120539e-13,0.0
0.0,0.01915,1.0,1.6106286393345216e-09,7.003840850895423,494.55495000049456,494.5549500004946,109807.76318497733,109807.76318497938,494.55495000049456,494.5549500004946,54903.881592488666,54903.881592489786,3.457356880120539e-13,0.0
0.0,0.019250000000000003,1.0,1.6106286393345216e-09,7.003840850895423,494.55495000049456,494.5549500004946,109807.76318497733,109807.76318497938,494.55495000049456,494.5549500004946,54903.881592488666,54903.881592489786,3.457356880120539e-13,0.0
0.0,0.01935,1.0,1.6106286393345216e-09,7.003840850895423,494.55495000049456,494.5549500004946,109807.76318497733,109807.76318497938,494.55495000049456,494.5549500004946,54903.881592488666,54903.881592489786,3.457356880120539e-13,0.0
0.0,0.019450000000000002,1.0,1.6106286393345216e-09,7.003840850895423,494.55495000049456,494.5549500004946,109807.76318497733,109807.76318497938,494.55495000049456,494.5549500004946,54903.881592488666,54903.881592489786,3.457356880120539e-13,0.0
0.0,0.019549999999999998,1.0,1.6106286393345216e-09,7.003840850895423,494.55495000049456,494.5549500004946,109807.76318497733,109807.76318497938,494.55495000049456,494.5549500004946,54903.881592488666,54903.881592489786,3.457356880120539e-13,0.0
0.0,0.01965,1.0,1.6106286393345216e-09,7.003840850895423,494.55495000049456,494.5549500004946,109807.76318497733,109807.76318497938,494.55495000049456,494.5549500004946,54903.881592488666,54903.881592489786,3.457356880120539e-13,0.0
0.0,0.019750000000000004,1.0,1.6106286393345216e-09,7.003840850895423,494.55495000049456,494.5549500004946,109807.76318497733,109807.76318497938,494.55495000049456,494.5549500004946,54903.881592488666,54903.881592489786,3.457356880120539e-13,0.0
0.0,0.01985,1.0,1.6106286393345216e-09,7.003840850895423,494.55495000049456,494.5549500004946,109807.76318497733,109807.76318497938,494.55495000049456,494.5549500004946,54903.881592488666,54903.881592489786,3.457356880120539e-13,0.0
0.0,0.019950000000000002,1.0,1.6106286393345216e-09,7.003840850895423,494.55495000049456,494.5549500004946,109807.76318497733,109807.76318497938,494.55495000049456,494.5549500004946,54903.881592488666,54903.881592489786,3.457356880120539e-13,0.0
20.0,5e-05,1.0,1.6106286393345216e-09,7.007852884184216,981.2770180319689,981.2770180319689,108938.18211183064,108938.18211182627,981.2770180319685,981.2770180319685,54469.09105591532,54469.09105591323,-1.1921612597036137e-12,0.0
20.0,0.00015000000000000001,1.0,1.6106286393345216e-09,7.007852884198217,981.2770939617835,981.2770939617835,108938.19054131485,108938.19054131051,981.2770939617832,981.2770939617832,54469.095270657424,54469.095270655365,-1.3202558023856154e-12,0.0
20.0,0.00025,1.0,1.6106286393345216e-09,7.007852707037854,981.2771519328082,981.2771519328082,108938.19697705902,108938.1969770622,981.2771519328082,981.2771519328082,54469.09848852951,54469.09848853119,-2.049511703530182e-12,0.0
20.0,0.00035000000000000005,1.0,1.6106286393345216e-09,7.007852862597013,981.2771897437585,981.2771897437585,108938.20117471277,108938.20117470849,981.2771897437588,981.2771897437589,54469.100587356384,54469.10058735435,-1.480750625849515e-12,0.0
20.0,0.00045,1.0,1.6106286393345216e-09,7.007852842124227,981.2772112575057,981.2772112575057,108938.2035630929,108938.2035630955,981.2772112575057,981.2772112575057,54469.10178154645,54469.10178154785,-1.4090393871668674e-12,0.0
20.0,0.00055,1.0,1.6106286393345216e-09,7.0078528741865105,981.2772221406723,981.2772221406716,108938.20477131668,108938.20477131131,981.2772221406723,981.2772221406722,54469.10238565834,54469.10238565575,-1.8684566640491215e-12,0.0
20.0,0.00065,1.0,1.6106286393345216e-09,7.007852809846857,981.2772271152203,981.2772271152196,108938.20532357458,108938.20532356923,981.2772271152209,981.2772271152203,54469.1026617873,54469.10266178471,-1.5695341312214282e-12,0.0
20.0,0.00075,1.0,1.6106286393345216e-09,7.007852861308662,981.2772291975331,981.2772291975325,108938.20555473406,108938.20555473646,981.2772291975326,981.2772291975326,54469.102777367036,54469.10277736834,-2.128101061502771e-12,0.0
20.0,0.0008500000000000001,1.0,1.6106286393345216e-09,7.007852869044377,981.2772300046894,981.2772300046888,108938.20564434626,108938.2056443494,981.2772300046894,981.2772300046888,54469.10282217314,54469.10282217481,-1.5371339033790895e-12,0.0
20.0,0.0009500000000000001,1.0,1.6106286393345216e-09,7.007852849590408,981.2772302970957,981.2772302970964,108938.20567681374,108938.20567680919,981.2772302970964,981.2772302970963,54469.10283840688,54469.102838404666,-2.305276134220035e-13,0.0
20.0,0.0010500000000000002,1.0,1.6106286393345216e-09,7.00785287304326,981.2772303968608,981.2772303968608,108938.20568788951,108938.20568788415,981.2772303968626,981.2772303968612,54469.10284394476,54469.10284394219,-3.2950537207235904e-13,0.0
20.0,0.00115,1.0,1.6106286393345216e-09,7.007852863004728,981.2772304291242,981.2772304291249,108938.20569146144,108938.20569146518,981.2772304291246,981.2772304291253,54469.102845730726,54469.1028457327,-1.533678538349884e-12,0.0
20.0,0.0012500000000000002,1.0,1.6106286393345216e-09,7.007852870242464,981.2772304390699,981.2772304390704,108938.20569256828,108938.20569257115,981.2772304390706,981.2772304390706,54469.10284628415,54469.102846285656,-5.225722387179919e-13,0.0
20.0,0.00135,1.0,1.6106286393345216e-09,7.007852659478667,981.2772304420055,981.2772304420056,108938.2056929035,108938.20569289815,981.2772304420055,981.2772304420055,54469.10284645176,54469.102846449154,-1.9214173990761966e-12,0.0
20.0,0.00145,1.0,1.6106286393345216e-09,7.00785276164503,981.2772304428377,981.2772304428375,108938.20569298268,108938.20569298568,981.277230442839,981.2772304428375,54469.10284649135,54469.102846492926,-3.3296073710156456e-13,0.0
20.0,0.0015500000000000002,1.0,1.6106286393345216e-09,7.007852870242491,981.2772304430656,981.2772304430655,108938.20569302268,108938.20569301757,981.2772304430657,981.2772304430657,54469.10284651135,54469.10284650887,-1.1887060534930858e-12,0.0
20.0,0.00165,1.0,1.6106286393345216e-09,7.007852872452471,981.2772304431262,981.2772304431262,108938.20569302552,108938.20569302073,981.2772304431262,981.2772304431262,54469.10284651277,54469.10284651046,-1.280944897424425e-12,0.0
20.0,0.0017500000000000003,1.0,1.6106286393345216e-09,7.007852842280217,981.277230443141,981.2772304431415,108938.20569302826,108938.2056930229,981.2772304431415,981.2772304431415,54469.102846514135,54469.10284651155,-9.820223910665112e-13,0.0
20.0,0.00185,1.0,1.6106286393345216e-09,7.007852784161352,981.2772304431459,981.277230443146,108938.20569302651,108938.20569302166,981.277230443145,981.2772304431463,54469.10284651326,54469.102846510956,-3.5064185901425047e-12,0.0
20.0,0.00195,1.0,1.6106286393345216e-09,7.007852862405879,981.2772304431469,981.2772304431469,108938.20569302335,108938.20569302647,981.2772304431464,981.2772304431472,54469.10284651168,54469.10284651333,-2.0187900038217256e-12,0.0
20.0,0.00205,1.0,1.6106286393345216e-09,7.007852842280217,981.2772304431471,981.2772304431473,108938.20569302673,108938.20569302137,981.2772304431478,981.2772304431473,54469.10284651337,54469.102846510796,-7.599777596717003e-13,0.0
20.0,0.00215,1.0,1.6106286393345216e-09,7.007852878840929,981.2772304431478,981.2772304431479,108938.20569302849,108938.2056930237,981.277230443148,981.277230443148,54469.10284651425,54469.10284651197,-1.3338727569852347e-12,0.0
20.0,0.0022500000000000003,1.0,1.6106286393345216e-09,7.007852870260007,981.2772304431472,981.2772304431472,108938.20569302043,108938.20569302303,981.2772304431473,981.2772304431473,54469.10284651022,54469.10284651161,-1.3168005432355283e-12,0.0
20.0,0.00235,1.0,1.6106286393345216e-09,7.007852870089661,981.2772304431467,981.2772304431473,108938.20569303122,108938.20569302587,981.2772304431485,981.2772304431473,54469.10284651562,54469.10284651305,3.502452384836766e-13,0.0
20.0,0.00245,1.0,1.6106286393345216e-09,7.0078528844350405,981.2772304431479,981.2772304431479,108938.20569301886,108938.20569302223,981.2772304431477,981.2772304431477,54469.102846509435,54469.10284651124,-1.4654226382266624e-12,0.0
20.0,0.00255,1.0,1.6106286393345216e-09,7.007852861852444,981.277230443148,981.2772304431478,108938.20569302623,108938.2056930211,981.2772304431477,981.2772304431477,54469.102846513124,54469.102846510665,-1.7233228624930174e-12,0.0
20.0,0.0026500000000000004,1.0,1.6106286393345216e-09,7.007852869378053,981.2772304431472,981.2772304431471,108938.20569302207,108938.20569302469,981.277230443148,981.2772304431475,54469.10284651104,54469.102846512455,-9.427113802262024e-13,0.0
20.0,0.00275,1.0,1.6106286393345216e-09,7.007852830942302,981.2772304431458,981.2772304431456,108938.20569302577,108938.20569302097,981.2772304431462,981.2772304431462,54469.10284651289,54469.10284651059,-1.808650949896166e-12,0.0
20.0,0.00285,1.0,1.6106286393345216e-09,7.007852862565538,981.2772304431458,981.2772304431458,108938.20569303002,108938.20569302521,981.2772304431454,981.2772304431461,54469.102846515016,54469.1028465127,-1.90776770135921e-12,0.0
20.0,0.0029500000000000004,1.0,1.6106286393345216e-09,7.0078528737858194,981.2772304431456,981.2772304431456,108938.2056930228,108938.20569302596,981.2772304431465,981.2772304431465,54469.10284651141,54469.10284651309,-1.4021286571084564e-12,0.0
20.0,0.00305,1.0,1.6106286393345216e-09,7.007852876602979,981.2772304431462,981.2772304431461,108938.20569302025,108938.2056930223,981.2772304431467,981.2772304431468,54469.10284651013,54469.102846511225,-1.1681785011839535e-12,0.0
20.0,0.00315,1.0,1.6106286393345216e-09,7.00785286899238,981.2772304431478,981.2772304431473,108938.2056930278,108938.20569302245,981.2772304431472,981.2772304431473,54469.10284651391,54469.10284651131,-1.818984248926856e-12,0.0
20.0,0.0032500000000000003,1.0,1.6106286393345216e-09,7.007852819425739,981.2772304431475,981.2772304431476,108938.20569302143,108938.20569302478,981.2772304431471,981.2772304431472,54469.10284651072,54469.102846512505,-1.6857559454306644e-12,0.0
20.0,0.00335,1.0,1.6106286393345216e-09,7.007852407230105,981.2772304431481,981.2772304431481,108938.2056930264,108938.20569302214,981.2772304431487,981.2772304431487,54469.102846513204,54469.1028465112,-4.003329542206954e-12,0.0
20.0,0.00345,1.0,1.6106286393345216e-09,7.007852964443929,981.2772304431472,981.2772304431475,108938.20569302909,108938.20569302446,981.2772304431469,981.277230443147,54469.10284651454,54469.10284651232,-5.141220527477258e-13,0.0
20.0,0.00355,1.0,1.6106286393345216e-09,7.007852856844638,981.2772304431477,981.2772304431476,108938.20569301925,108938.20569302212,981.2772304431469,981.2772304431469,54469.10284650963,54469.102846511174,-1.819017071453562e-12,0.0
20.0,0.0036500000000000005,1.0,1.6106286393345216e-09,7.007852883251182,981.2772304431485,981.2772304431485,108938.20569302108,108938.20569302468,981.277230443148,981.2772304431479,54469.10284651055,54469.10284651242,-1.028211309438525e-12,0.0
20.0,0.00375,1.0,1.6106286393345216e-09,7.007852863691681,981.2772304431481,981.2772304431488,108938.20569302017,108938.2056930236,981.277230443149,981.2772304431485,54469.10284651009,54469.10284651191,-3.551995871317262e-13,0.0
20.0,0.00385,1.0,1.6106286393345216e-09,7.007852843404971,981.2772304431494,981.2772304431496,108938.20569302797,108938.20569302427,981.2772304431498,981.2772304431498,54469.10284651399,54469.102846512265,-1.7710840593035924e-12,0.0
20.0,0.00395,1.0,1.6106286393345216e-09,7.0078528662886255,981.2772304431478,981.277230443148,108938.20569301967,108938.2056930231,981.2772304431479,981.277230443148,54469.10284650984,54469.10284651163,-1.0418281316892464e-12,0.0
20.0,0.00405,1.0,1.6106286393345216e-09,7.007852873835937,981.2772304431473,981.2772304431473,108938.20569302671,108938.20569302137,981.2772304431477,981.2772304431477,54469.102846513364,54469.1028465108,-1.5336785118801044e-12,0.0
20.0,0.004150000000000001,1.0,1.6106286393345216e-09,7.007852872794006,981.2772304431472,981.2772304431467,108938.205693022,108938.20569302513,981.2772304431463,981.2772304431471,54469.10284651101,54469.10284651267,-2.8659461414302922e-12,0.0
20.0,0.00425,1.0,1.6106286393345216e-09,7.007852874746345,981.2772304431463,981.2772304431461,108938.20569302823,108938.20569302289,981.2772304431469,981.2772304431469,54469.10284651412,54469.10284651153,-1.4602231000101622e-12,0.0
20.0,0.00435,1.0,1.6106286393345216e-09,7.007852852037402,981.2772304431456,981.2772304431458,108938.20569302067,108938.2056930238,981.2772304431444,981.2772304431456,54469.102846510345,54469.10284651202,-2.7583792569365413e-12,0.0
20.0,0.004450000000000001,1.0,1.6106286393345216e-09,7.00785286138476,981.2772304431447,981.2772304431446,108938.20569302839,108938.2056930236,981.2772304431448,981.2772304431448,54469.1028465142,54469.10284651187,-1.0606115637506433e-12,0.0
20.0,0.00455,1.0,1.6106286393345216e-09,7.007852869027303,981.2772304431454,981.2772304431454,108938.20569303048,108938.2056930257,981.2772304431446,981.2772304431454,54469.10284651525,54469.10284651296,-2.186195504404477e-12,0.0
20.0,0.00465,1.0,1.6106286393345216e-09,7.0078529106951555,981.2772304431471,981.2772304431463,108938.20569302602,108938.20569302094,981.2772304431464,981.2772304431459,54469.102846513015,54469.1028465106,-1.7626338733333263e-12,0.0
20.0,0.004750000000000001,1.0,1.6106286393345216e-09,7.007852871008337,981.2772304431465,981.2772304431464,108938.20569302926,108938.20569302404,981.277230443146,981.277230443146,54469.10284651464,54469.10284651209,-1.1392336119010407e-12,0.0
20.0,0.00485,1.0,1.6106286393345216e-09,7.007852849182847,981.2772304431472,981.2772304431472,108938.2056930283,108938.20569302417,981.2772304431464,981.2772304431463,54469.10284651416,54469.10284651218,-1.304927867702322e-12,0.0
20.0,0.0049499999999999995,1.0,1.6106286393345216e-09,7.007852883176218,981.2772304431473,981.2772304431476,108938.20569302622,108938.20569302114,981.277230443147,981.277230443147,54469.10284651312,54469.1028465107,-1.5576614556882219e-12,0.0
20.0,0.005050000000000001,1.0,1.6106286393345216e-09,7.007852846879118,981.2772304431495,981.2772304431489,108938.20569302859,108938.20569302347,981.2772304431471,981.2772304431478,54469.102846514295,54469.102846511836,-2.804601024305041e-12,0.0
20.0,0.00515,1.0,1.6106286393345216e-09,7.007852858808502,981.2772304431473,981.2772304431473,108938.20569302891,108938.20569302388,981.2772304431469,981.2772304431469,54469.10284651446,54469.10284651204,-1.4124947786658525e-12,0.0
20.0,0.00525,1.0,1.6106286393345216e-09,7.00785288431501,981.2772304431467,981.2772304431465,108938.20569302836,108938.20569302372,981.2772304431463,981.2772304431463,54469.102846514186,54469.102846511945,-1.0640669552496284e-12,0.0
20.0,0.005350000000000001,1.0,1.6106286393345216e-09,7.007852835534701,981.277230443146,981.277230443146,108938.20569302818,108938.20569302315,981.2772304431458,981.2772304431459,54469.1028465141,54469.10284651166,-1.4842060702880593e-12,0.0
20.0,0.00545,1.0,1.6106286393345216e-09,7.007852884434936,981.2772304431447,981.2772304431454,108938.20569302593,108938.20569302133,981.2772304431445,981.2772304431451,54469.10284651297,54469.102846510796,-1.4654226117568828e-12,0.0
20.0,0.00555,1.0,1.6106286393345216e-09,7.0078528614161515,981.2772304431456,981.2772304431458,108938.20569303219,108938.20569302683,981.2772304431459,981.277230443146,54469.1028465161,54469.1028465135,-1.0776837775003498e-12,0.0
20.0,0.0056500000000000005,1.0,1.6106286393345216e-09,7.007852765072802,981.2772304431465,981.2772304431464,108938.20569302,108938.2056930225,981.2772304431462,981.2772304431462,54469.10284651001,54469.10284651134,-1.85141735223546e-12,0.0
20.0,0.00575,1.0,1.6106286393345216e-09,7.007852820967611,981.2772304431477,981.2772304431465,108938.20569302572,108938.20569302059,981.2772304431477,981.2772304431464,54469.10284651287,54469.10284651041,-1.518350444847913e-12,0.0
20.0,0.00585,1.0,1.6106286393345216e-09,7.007852861852472,981.2772304431477,981.2772304431472,108938.20569302955,108938.20569302441,981.2772304431476,981.2772304431471,54469.10284651478,54469.10284651232,-1.5012782575679861e-12,0.0
20.0,0.00595,1.0,1.6106286393345216e-09,7.00785288437503,981.2772304431485,981.2772304431485,108938.20569302798,108938.20569302342,981.2772304431481,981.2772304431481,54469.102846514,54469.10284651181,-1.3202559347345134e-12,0.0
20.0,0.00605,1.0,1.6106286393345216e-09,7.0078528686309225,981.2772304431497,981.2772304431497,108938.20569302961,108938.20569302443,981.2772304431495,981.2772304431495,54469.10284651481,54469.10284651231,-1.3561115805456168e-12,0.0
20.0,0.006150000000000001,1.0,1.6106286393345216e-09,7.00785283561049,981.2772304431508,981.2772304431508,108938.20569302216,108938.20569302508,981.2772304431506,981.2772304431506,54469.10284651109,54469.10284651264,-1.5012782840377657e-12,0.0
20.0,0.00625,1.0,1.6106286393345216e-09,7.0078528841843,981.2772304431517,981.2772304431517,108938.20569302743,108938.20569302238,981.2772304431506,981.2772304431514,54469.10284651372,54469.10284651128,-1.858295259767165e-12,0.0
20.0,0.00635,1.0,1.6106286393345216e-09,7.007852866930457,981.2772304431534,981.2772304431534,108938.20569302938,108938.20569302404,981.2772304431531,981.2772304431537,54469.102846514696,54469.10284651212,-2.052934404851359e-12,0.0
20.0,0.006450000000000001,1.0,1.6106286393345216e-09,7.007852876512163,981.2772304431517,981.2772304431517,108938.20569302885,108938.20569302351,981.2772304431523,981.2772304431523,54469.10284651443,54469.10284651187,-1.7334842932447537e-12,0.0
20.0,0.00655,1.0,1.6106286393345216e-09,7.007852840098541,981.2772304431504,981.2772304431504,108938.20569302201,108938.2056930252,981.2772304431506,981.2772304431506,54469.102846511014,54469.1028465127,-1.5900617629398993e-12,0.0
20.0,0.00665,1.0,1.6106286393345216e-09,7.007852885997479,981.2772304431498,981.2772304431498,108938.20569302863,108938.20569302353,981.27723044315,981.27723044315,54469.102846514324,54469.10284651192,-2.085367508159963e-12,0.0
20.0,0.006750000000000001,1.0,1.6106286393345216e-09,7.007852763860323,981.2772304431485,981.2772304431485,108938.20569302869,108938.20569302334,981.2772304431487,981.2772304431486,54469.10284651435,54469.10284651179,-1.9743452056974472e-12,0.0
20.0,0.00685,1.0,1.6106286393345216e-09,7.007852873765696,981.2772304431479,981.2772304431479,108938.20569302732,108938.20569302277,981.2772304431481,981.2772304431475,54469.10284651367,54469.102846511494,-8.744554536332011e-13,0.0
20.0,0.0069500000000000004,1.0,1.6106286393345216e-09,7.007852832621078,981.2772304431472,981.2772304431472,108938.20569302497,108938.20569301987,981.2772304431468,981.2772304431468,54469.10284651249,54469.10284651006,-1.924872764105402e-12,0.0
20.0,0.007050000000000001,1.0,1.6106286393345216e-09,7.007852846282657,981.277230443147,981.277230443147,108938.20569303192,108938.20569302655,981.277230443147,981.277230443147,54469.10284651597,54469.10284651338,-1.409039413636647e-12,0.0
20.0,0.00715,1.0,1.6106286393345216e-09,7.007852868693081,981.2772304431472,981.2772304431472,108938.20569302092,108938.20569302437,981.2772304431473,981.2772304431473,54469.10284651047,54469.10284651227,-1.1887060799628654e-12,0.0
20.0,0.00725,1.0,1.6106286393345216e-09,7.00785286262843,981.277230443147,981.277230443147,108938.20569303006,108938.20569302521,981.2772304431472,981.2772304431472,54469.10284651504,54469.10284651272,-1.6088451685315167e-12,0.0
20.0,0.007350000000000001,1.0,1.6106286393345216e-09,7.007852770724286,981.2772304431408,981.2772304431408,108938.20569302539,108938.20569302062,981.2772304431411,981.2772304431411,54469.1028465127,54469.10284651044,-2.1382953147812135e-12,0.0
20.0,0.00745,1.0,1.6106286393345216e-09,7.007852847842541,981.2772304431162,981.2772304431155,108938.20569302213,108938.2056930253,981.2772304431171,981.2772304431164,54469.10284651107,54469.10284651275,-1.5302231203811193e-12,0.0
20.0,0.00755,1.0,1.6106286393345216e-09,7.007852872811506,981.2772304429946,981.2772304429948,108938.20569302696,108938.20569302212,981.2772304429952,981.2772304429952,54469.10284651349,54469.10284651118,-1.4397284231672952e-12,0.0
20.0,0.0076500000000000005,1.0,1.6106286393345216e-09,7.007853000531131,981.2772304424335,981.2772304424337,108938.20569301894,108938.20569302156,981.277230442434,981.277230442434,54469.10284650948,54469.1028465109,-8.744226046367154e-13,0.0
20.0,0.00775,1.0,1.6106286393345216e-09,7.007852910244986,981.2772304398782,981.2772304398787,108938.20569303908,108938.20569303317,981.2772304398791,981.2772304398791,54469.10284651955,54469.10284651669,-5.584279109988749e-13,0.0
20.0,0.007850000000000001,1.0,1.6106286393345216e-09,7.007852896270051,981.2772304284516,981.2772304284518,108938.20569305448,108938.20569305068,981.2772304284516,981.2772304284517,54469.10284652725,54469.10284652542,-1.005972485878143e-12,0.0
20.0,0.00795,1.0,1.6106286393345216e-09,7.007852831956883,981.2772303783066,981.2772303783066,108938.2056931425,108938.20569313744,981.2772303783047,981.2772303783061,54469.10284657126,54469.10284656885,-3.2212847478444866e-12,0.0
20.0,0.00805,1.0,1.6106286393345216e-09,7.007852858908706,981.2772301627732,981.2772301627726,108938.20569352708,108938.20569352247,981.2772301627715,981.2772301627722,54469.10284676355,54469.10284676134,-2.7259789761546434e-12,0.0
20.0,0.008150000000000001,1.0,1.6106286393345216e-09,7.007852889976319,981.277229256738,981.2772292567386,108938.20569514867,108938.2056951433,981.2772292567386,981.2772292567386,54469.102847574344,54469.102847571754,-5.977389218391838e-13,0.0
20.0,0.00825,1.0,1.6106286393345216e-09,7.00785287593111,981.2772255380316,981.2772255380311,108938.20570179337,108938.2057017888,981.2772255380302,981.2772255380302,54469.10285089669,54469.10285089451,-2.0991563045687564e-12,0.0
20.0,0.00835,1.0,1.6106286393345216e-09,7.007852688013181,981.2772106630711,981.2772106630713,108938.20572835847,108938.20572836179,981.2772106630711,981.2772106630711,54469.10286417924,54469.10286418099,-1.9026346287592897e-12,0.0
20.0,0.008450000000000001,1.0,1.6106286393345216e-09,7.007852868586134,981.2771527958242,981.2771527958237,108938.20583174775,108938.20583174328,981.2771527958229,981.2771527958234,54469.102915873875,54469.10291587175,-2.686670056426923e-12,0.0
20.0,0.00855,1.0,1.6106286393345216e-09,7.007852859112233,981.2769343696933,981.2769343696926,108938.20622198141,108938.20622197635,981.2769343696925,981.2769343696925,54469.103110990705,54469.10311098827,-1.9112297103030955e-12,0.0
20.0,0.008650000000000001,1.0,1.6106286393345216e-09,7.007852907516935,981.2761365293742,981.2761365293741,108938.20764736325,108938.20764736603,981.2761365293738,981.2761365293738,54469.103823681624,54469.10382368311,-1.0640865958260929e-12,0.0
20.0,0.00875,1.0,1.6106286393345216e-09,7.007852854832008,981.2733249536147,981.2733249536146,108938.21267040262,108938.2126704058,981.273324953614,981.273324953614,54469.10633520131,54469.106335202996,-1.1956956634947099e-12,0.0
20.0,0.00885,1.0,1.6106286393345216e-09,7.007852756479176,981.2637992958392,981.2637992958391,108938.22968854968,108938.22968854466,981.263799295839,981.263799295839,54469.11484427484,54469.114844272444,-1.7407866436923718e-12,0.0
20.0,0.00895,1.0,1.6106286393345216e-09,7.007852500881703,981.2328958565093,981.2328958565093,108938.28489933247,108938.28489932613,981.2328958565093,981.2328958565093,54469.14244966624,54469.14244966317,-1.4101331184600095e-12,0.0
20.0,0.00905,1.0,1.6106286393345216e-09,7.007851695969199,981.1373401252704,981.1373401252704,108938.4556151623,108938.45561516256,981.1373401252699,981.1373401252699,54469.22780758115,54469.22780758137,-1.251681232585769e-12,0.0
20.0,0.00915,1.0,1.6106286393345216e-09,7.007849346100032,980.8572688273409,980.8572688273409,108938.95597873168,108938.95597872774,980.8572688273413,980.8572688273412,54469.47798936584,54469.477989363964,-1.3800844923072652e-12,0.0
20.0,0.009250000000000001,1.0,1.6106286393345216e-09,7.007842898441666,980.0841656315927,980.0841656315928,108940.33717228456,108940.33717228245,980.0841656315926,980.0841656315926,54470.16858614228,54470.168586141335,-1.124930057688333e-12,0.0
20.0,0.00935,1.0,1.6106286393345216e-09,7.007826173835466,978.0897023955006,978.0897023955006,108943.90039615496,108943.90039615765,978.0897023955009,978.0897023955009,54471.95019807748,54471.950198078936,-1.483931419854912e-12,0.0
20.0,0.00945,1.0,1.6106286393345216e-09,7.007786273903095,973.3250227507756,973.3250227507756,108952.4127717817,108952.41277178902,973.3250227507762,973.3250227507755,54476.20638589085,54476.206385894606,-1.048261929258794e-12,0.0
20.0,0.00955,1.0,1.6106286393345216e-09,7.0076991117565965,962.9009998008429,962.9009998008429,108971.03589141312,108971.03589141603,962.9009998008426,962.9009998008426,54485.51794570656,54485.51794570811,-1.554930092070682e-12,0.0
20.0,0.00965,1.0,1.6106286393345216e-09,7.007526963961802,942.2948826211646,942.2948826211644,109007.84991101624,109007.84991102155,942.2948826211641,942.2948826211644,54503.92495550812,54503.92495551088,7.809929647304347e-13,0.0
20.0,0.00975,1.0,1.6106286393345216e-09,7.007224512406708,906.0791137207173,906.0791137207184,109072.55147583548,109072.55147583353,906.079113720719,906.0791137207186,54536.27573791774,54536.275737916876,2.9957950216949556e-12,0.0
20.0,0.009850000000000001,1.0,1.6106286393345216e-09,7.006762832372541,850.5537914367616,850.5537914367619,109171.75067407184,109171.750674072,850.5537914367618,850.5537914367619,54585.87533703592,54585.87533703611,9.92893608958267e-14,0.0
20.0,0.00995,1.0,1.6106286393345216e-09,7.0061603817396865,777.8273295095487,777.8273295095491,109301.68070270357,109301.68070269919,777.827329509549,777.827329509549,54650.840351351784,54650.8403513497,1.4223094023652473e-12,0.0
20.0,0.01005,1.0,1.6106286393345216e-09,7.005502423770064,698.0048509340982,698.0048509340983,109444.2881753026,109444.28817530617,698.0048509340979,698.0048509340983,54722.1440876513,54722.14408765318,4.93335017189158e-14,0.0
20.0,0.010150000000000001,1.0,1.6106286393345216e-09,7.004905910630956,625.2783890068845,625.2783890068845,109574.21820393087,109574.21820392783,625.2783890068846,625.2783890068846,54787.109101965434,54787.10910196401,2.980618414741645e-13,0.0
20.0,0.01025,1.0,1.6106286393345216e-09,7.00445238794279,569.7530667229277,569.7530667229277,109673.4174021683,109673.41740217178,569.7530667229277,569.7530667229277,54836.70870108415,54836.70870108598,-1.1609211228918786e-13,0.0
20.0,0.010350000000000002,1.0,1.6106286393345216e-09,7.00415751131222,533.5372978224807,533.5372978224808,109738.11896698411,109738.11896698314,533.5372978224806,533.5372978224807,54869.059483492056,54869.05948349166,3.4148551491074825e-13,0.0
20.0,0.010450000000000001,1.0,1.6106286393345216e-09,7.003990016376264,512.9311806428025,512.9311806428025,109774.93298658985,109774.93298658683,512.9311806428026,512.9311806428025,54887.46649329492,54887.46649329351,1.7683665658505638e-14,0.0
20.0,0.01055,1.0,1.6106286393345216e-09,7.003905398399699,502.5071576928699,502.5071576928699,109793.55610621518,109793.55610621344,502.5071576928701,502.50715769287007,54896.77805310759,54896.77805310681,2.185051983455904e-13,0.0
20.0,0.01065,1.0,1.6106286393345216e-09,7.003866728386425,497.7424780481445,497.74247804814456,109802.06848184137,109802.06848184565,497.7424780481447,497.7424780481447,54901.034240920686,54901.03424092292,2.1079420744048128e-13,0.0
20.0,0.010750000000000001,1.0,1.6106286393345216e-09,7.003850529099488,495.7480148120532,495.7480148120532,109805.6317057173,109805.63170572293,495.74801481205327,495.7480148120532,54902.81585285865,54902.81585286156,3.4152164615990457e-13,0.0
20.0,0.01085,1.0,1.6106286393345216e-09,7.003844267714021,494.97491161630575,494.97491161630575,109807.01289927111,109807.01289927382,494.9749116163055,494.97491161630563,54903.506449635555,54903.506449637,2.2944237892811355e-13,0.0
20.0,0.010950000000000001,1.0,1.6106286393345216e-09,7.003841995628273,494.69484031837663,494.69484031837663,109807.51326283978,109807.51326283943,494.69484031837663,494.69484031837646,54903.75663141989,54903.75663141981,4.892428422022949e-13,0.0
20.0,0.01105,1.0,1.6106286393345216e-09,7.003841231675561,494.5992845871382,494.5992845871382,109807.68397867659,109807.68397867843,494.59928458713813,494.59928458713813,54903.841989338296,54903.84198933931,2.9999858230806147e-13,0.0
20.0,0.01115,1.0,1.6106286393345216e-09,7.0038409719635055,494.5683811478095,494.5683811478095,109807.73918945892,109807.73918946137,494.5683811478095,494.5683811478094,54903.86959472946,54903.86959473078,3.5617224565297017e-13,0.0
20.0,0.01125,1.0,1.6106286393345216e-09,7.00384089491554,494.5588554900337,494.5588554900337,109807.75620759388,109807.75620759644,494.5588554900337,494.5588554900337,54903.87810379694,54903.87810379831,2.8279089622635354e-13,0.0
20.0,0.01135,1.0,1.6106286393345216e-09,7.0038410061192495,494.5560439142741,494.5560439142741,109807.76123063812,109807.76123063994,494.5560439142741,494.5560439142741,54903.88061531906,54903.880615320064,1.5713938185269046e-13,0.0
20.0,0.01145,1.0,1.6106286393345216e-09,7.003840836449538,494.55524607395495,494.55524607395495,109807.76265602559,109807.76265602717,494.55524607395483,494.5552460739548,54903.881328012794,54903.88132801368,4.1330686787653887e-13,0.0
20.0,0.011550000000000001,1.0,1.6106286393345216e-09,7.003840860021377,494.55502764782284,494.5550276478228,109807.76304625698,109807.76304625918,494.55502764782244,494.5550276478226,54903.88152312849,54903.88152312968,1.464826485850473e-13,0.0
20.0,0.01165,1.0,1.6106286393345216e-09,7.003840872790853,494.5549697805751,494.5549697805751,109807.76314962943,109807.76314963975,494.5549697805748,494.5549697805749,54903.88157481472,54903.88157481997,2.5750667158323706e-13,0.0
20.0,0.01175,1.0,1.6106286393345216e-09,7.003840872056718,494.5549549056154,494.5549549056154,109807.76317622313,109807.76317621725,494.55495490561515,494.55495490561526,54903.881588111566,54903.88158810872,1.6584603351751741e-13,0.0
20.0,0.01185,1.0,1.6106286393345216e-09,7.00384085608415,494.5549511869067,494.5549511869067,109807.76318286109,109807.76318286337,494.55495118690664,494.5549511869066,54903.881591430545,54903.88159143178,4.3739595550085913e-13,0.0
20.0,0.01195,1.0,1.6106286393345216e-09,7.003840852673334,494.55495028087194,494.55495028087194,109807.76318447285,109807.76318447589,494.55495028087154,494.55495028087165,54903.88159223642,54903.88159223804,2.2007043582277755e-13,0.0
20.0,0.012050000000000002,1.0,1.6106286393345216e-09,7.003840877320942,494.5549500653368,494.5549500653368,109807.76318486227,109807.76318486448,494.5549500653366,494.55495006533675,54903.881592431135,54903.881592432335,1.0298517740293402e-13,0.0
20.0,0.012150000000000001,1.0,1.6106286393345216e-09,7.0038408501757505,494.5549500151915,494.5549500151915,109807.7631849523,109807.76318495377,494.5549500151915,494.5549500151915,54903.88159247615,54903.88159247698,3.143051805454234e-13,0.0
20.0,0.01225,1.0,1.6106286393345216e-09,7.00384084902061,494.5549500037647,494.5549500037647,109807.76318497206,109807.76318497403,494.55495000376465,494.5549500037647,54903.88159248603,54903.88159248711,2.902245103110165e-13,0.0
20.0,0.01235,1.0,1.6106286393345216e-09,7.003840869079964,494.5549500012109,494.5549500012109,109807.7631849756,109807.7631849784,494.5549500012108,494.5549500012108,54903.8815924878,54903.88159248929,3.5045434974253e-13,0.0
20.0,0.012450000000000001,1.0,1.6106286393345216e-09,7.003840837361079,494.55495000065065,494.55495000065065,109807.76318497921,109807.7631849811,494.5549500006504,494.55495000065054,54903.881592489604,54903.881592490645,1.6584613939663582e-13,0.0
20.0,0.01255,1.0,1.6106286393345216e-09,7.003840862487509,494.55495000053037,494.5549500005303,109807.76318497652,109807.76318497934,494.55495000053037,494.5549500005302,54903.88159248826,54903.881592489764,4.929071332018966e-13,0.0
20.0,0.012650000000000002,1.0,1.6106286393345216e-09,7.003840850165645,494.55495000050405,494.55495000050405,109807.763184978,109807.76318498112,494.55495000050394,494.55495000050405,54903.881592489,54903.88159249065,2.0328287808290776e-13,0.0
20.0,0.012750000000000001,1.0,1.6106286393345216e-09,7.003840859425354,494.5549500004983,494.5549500004983,109807.76318497621,109807.76318497818,494.5549500004984,494.5549500004985,54903.881592488106,54903.88159248918,2.7815529666426757e-13,0.0
20.0,0.01285,1.0,1.6106286393345216e-09,7.003840842749584,494.55495000049683,494.5549500004969,109807.76318497692,109807.76318497947,494.55495000049694,494.55495000049694,54903.88159248846,54903.88159248983,3.83171685544497e-13,0.0
20.0,0.01295,1.0,1.6106286393345216e-09,7.003840852037495,494.5549500004968,494.5549500004968,109807.76318497784,109807.7631849801,494.55495000049655,494.55495000049655,54903.88159248892,54903.88159249014,3.444484626300234e-13,0.0
20.0,0.01305,1.0,1.6106286393345216e-09,7.003840901495009,494.5549500004968,494.5549500004968,109807.76318497828,109807.76318498068,494.55495000049666,494.55495000049666,54903.88159248914,54903.881592490434,3.5045434974253e-13,0.0
20.0,0.01315,1.0,1.6106286393345216e-09,7.003840859422256,494.5549500004968,494.5549500004968,109807.7631849692,109807.76318497944,494.5549500004966,494.55495000049655,54903.8815924846,54903.881592489815,3.685291063946507e-13,0.0
20.0,0.013250000000000001,1.0,1.6106286393345216e-09,7.003840859422256,494.55495000049723,494.55495000049723,109807.76318497075,109807.76318498101,494.554950000497,494.554950000497,54903.88159248538,54903.8815924906,3.130179551633929e-13,0.0
20.0,0.01335,1.0,1.6106286393345216e-09,7.003840847762427,494.5549500004973,494.5549500004973,109807.76318497775,109807.76318497943,494.55495000049706,494.5549500004971,54903.88159248888,54903.88159248981,3.444488332069378e-13,0.0
20.0,0.01345,1.0,1.6106286393345216e-09,7.003840865762597,494.55495000049723,494.55495000049723,109807.76318497573,109807.76318497786,494.5549500004972,494.5549500004972,54903.881592487865,54903.88159248902,3.323799371975441e-13,0.0
20.0,0.01355,1.0,1.6106286393345216e-09,7.003840850310285,494.55495000049757,494.55495000049757,109807.76318498043,109807.76318498206,494.5549500004975,494.55495000049746,54903.881592490216,54903.881592491125,4.0596550097378784e-13,0.0
20.0,0.01365,1.0,1.6106286393345216e-09,7.003840865762597,494.5549500004971,494.5549500004971,109807.76318497662,109807.76318497877,494.5549500004971,494.55495000049706,54903.88159248831,54903.88159248948,3.8789106195902235e-13,0.0
20.0,0.013750000000000002,1.0,1.6106286393345216e-09,7.003840849877908,494.55495000049706,494.55495000049706,109807.7631849772,109807.76318497975,494.5549500004972,494.55495000049706,54903.8815924886,54903.88159248997,4.2532745653815947e-13,0.0
20.0,0.013850000000000001,1.0,1.6106286393345216e-09,7.003840887280004,494.55495000049757,494.55495000049757,109807.76318497953,109807.76318498177,494.55495000049757,494.55495000049746,54903.881592489764,54903.88159249098,4.614769963121805e-13,0.0
20.0,0.01395,1.0,1.6106286393345216e-09,7.003840817824478,494.5549500004974,494.5549500004974,109807.76318496905,109807.76318497938,494.5549500004974,494.55495000049723,54903.881592484526,54903.881592489786,5.243376141987475e-13,0.0
20.0,0.01405,1.0,1.6106286393345216e-09,7.003840857662814,494.55495000049734,494.55495000049734,109807.76318497902,109807.76318498129,494.55495000049706,494.5549500004971,54903.88159248951,54903.88159249074,2.8893731139876557e-13,0.0
20.0,0.014150000000000001,1.0,1.6106286393345216e-09,7.003840845066068,494.5549500004973,494.55495000049734,109807.76318497604,109807.763184978,494.5549500004974,494.5549500004973,54903.88159248802,54903.881592489095,4.2532713890080424e-13,0.0
20.0,0.01425,1.0,1.6106286393345216e-09,7.003840853655874,494.5549500004969,494.5549500004969,109807.76318497812,109807.76318498068,494.5549500004968,494.5549500004969,54903.88159248906,54903.881592490434,2.3471301497262384e-13,0.0
20.0,0.014350000000000002,1.0,1.6106286393345216e-09,7.00384086050047,494.55495000049666,494.5549500004966,109807.76318497788,109807.76318498074,494.55495000049655,494.5549500004966,54903.88159248894,54903.88159249046,1.7185205297892204e-13,0.0
20.0,0.014450000000000001,1.0,1.6106286393345216e-09,7.00384083770167,494.5549500004965,494.5549500004965,109807.76318497724,109807.76318497921,494.5549500004963,494.5549500004965,54903.88159248862,54903.8815924897,1.79201863741366e-13,0.0
20.0,0.01455,1.0,1.6106286393345216e-09,7.003840865762529,494.5549500004968,494.5549500004968,109807.7631849787,109807.76318498085,494.5549500004967,494.5549500004967,54903.88159248935,54903.88159249052,3.323799371975441e-13,0.0
20.0,0.01465,1.0,1.6106286393345216e-09,7.0038408504437655,494.554950000497,494.55495000049694,109807.76318497772,109807.76318497998,494.5549500004969,494.5549500004969,54903.88159248886,54903.881592490085,3.0829892285600237e-13,0.0
20.0,0.014750000000000001,1.0,1.6106286393345216e-09,7.003840865762597,494.5549500004974,494.55495000049746,109807.7631849766,109807.76318497876,494.55495000049734,494.55495000049734,54903.8815924883,54903.88159248947,3.323799371975441e-13,0.0
20.0,0.01485,1.0,1.6106286393345216e-09,7.003840858197711,494.554950000497,494.55495000049706,109807.76318497719,109807.76318497915,494.554950000497,494.55495000049706,54903.88159248859,54903.88159248967,3.14304809968509e-13,0.0
20.0,0.014950000000000001,1.0,1.6106286393345216e-09,7.003840874427691,494.5549500004973,494.5549500004973,109807.76318496963,109807.76318498017,494.5549500004973,494.55495000049723,54903.88159248482,54903.88159249018,3.2503004702576135e-13,0.0
20.0,0.015050000000000001,1.0,1.6106286393345216e-09,7.003840872961976,494.55495000049774,494.55495000049774,109807.76318498085,109807.76318498308,494.55495000049757,494.5549500004976,54903.88159249043,54903.881592491634,2.949431985112722e-13,0.0
20.0,0.01515,1.0,1.6106286393345216e-09,7.003840881503874,494.5549500004974,494.5549500004974,109807.76318497672,109807.76318497946,494.5549500004972,494.55495000049723,54903.88159248836,54903.88159248982,2.0800153981338386e-13,0.0
20.0,0.01525,1.0,1.6106286393345216e-09,7.0038408560104966,494.5549500004973,494.5549500004972,109807.76318498465,109807.76318497882,494.5549500004969,494.55495000049706,54903.881592492326,54903.8815924895,1.043294716297858e-13,0.0
20.0,0.01535,1.0,1.6106286393345216e-09,7.003840850895423,494.55495000049683,494.55495000049683,109807.76318497791,109807.76318497997,494.55495000049683,494.55495000049683,54903.88159248896,54903.88159249008,3.457356615422743e-13,0.0
20.0,0.01545,1.0,1.6106286393345216e-09,7.00384083770167,494.5549500004968,494.5549500004968,109807.76318497762,109807.76318497959,494.5549500004966,494.5549500004968,54903.88159248881,54903.88159248989,1.79201863741366e-13,0.0
20.0,0.015550000000000001,1.0,1.6106286393345216e-09,7.003840850013568,494.5549500004968,494.5549500004968,109807.76318497048,109807.7631849811,494.5549500004968,494.5549500004968,54903.88159248524,54903.881592490645,2.828743289716581e-13,0.0
20.0,0.01565,1.0,1.6106286393345216e-09,7.003840858197711,494.5549500004969,494.55495000049683,109807.76318496773,109807.76318497777,494.5549500004969,494.55495000049683,54903.881592483864,54903.88159248898,3.143048364382886e-13,0.0
20.0,0.01575,1.0,1.6106286393345216e-09,7.00384085648281,494.55495000049694,494.554950000497,109807.76318497832,109807.7631849803,494.55495000049683,494.554950000497,54903.88159248916,54903.881592490245,2.0328285161312816e-13,0.0
20.0,0.015850000000000003,1.0,1.6106286393345216e-09,7.003840849489622,494.5549500004971,494.5549500004971,109807.7631849785,109807.76318497997,494.55495000049723,494.5549500004972,54903.88159248925,54903.88159249008,3.831717120142766e-13,0.0
20.0,0.01595,1.0,1.6106286393345216e-09,7.003840849990868,494.55495000049706,494.55495000049706,109807.76318498098,109807.7631849832,494.5549500004969,494.554950000497,54903.88159249049,54903.88159249169,2.2135763473502847e-13,0.0
20.0,0.016050000000000002,1.0,1.6106286393345216e-09,7.003840850165616,494.55495000049746,494.55495000049746,109807.76318498235,109807.76318497739,494.55495000049734,494.55495000049746,54903.881592491176,54903.88159248879,1.477713562747355e-13,0.0
20.0,0.016149999999999998,1.0,1.6106286393345216e-09,7.003840854951776,494.55495000049694,494.55495000049694,109807.76318497688,109807.76318497884,494.55495000049694,494.55495000049706,54903.88159248844,54903.88159248952,2.7214938308198135e-13,0.0
20.0,0.01625,1.0,1.6106286393345216e-09,7.003840873196898,494.55495000049694,494.55495000049694,109807.7631849785,109807.76318498046,494.5549500004973,494.5549500004971,54903.88159248925,54903.881592490325,4.68769420592448e-13,0.0
20.0,0.016350000000000003,1.0,1.6106286393345216e-09,7.0038408434329815,494.5549500004973,494.5549500004973,109807.76318497755,109807.7631849795,494.55495000049723,494.5549500004973,54903.881592488775,54903.881592489844,2.9022413973410206e-13,0.0
20.0,0.01645,1.0,1.6106286393345216e-09,7.0038408417562525,494.5549500004972,494.5549500004972,109807.76318497902,109807.76318498098,494.5549500004973,494.5549500004973,54903.88159248951,54903.88159249059,2.7815532313404717e-13,0.0
20.0,0.016550000000000002,1.0,1.6106286393345216e-09,7.003840821388898,494.55495000049694,494.554950000497,109807.76318497559,109807.7631849787,494.5549500004973,494.5549500004971,54903.88159248779,54903.881592489444,5.316307531630642e-13,0.0
20.0,0.016649999999999998,1.0,1.6106286393345216e-09,7.0038408624605015,494.55495000049734,494.55495000049734,109807.76318498021,109807.76318498225,494.55495000049785,494.5549500004977,54903.88159249011,54903.88159249122,4.2790116614839166e-13,0.0
20.0,0.01675,1.0,1.6106286393345216e-09,7.0038408489606025,494.55495000049683,494.55495000049683,109807.76318497711,109807.76318497966,494.5549500004973,494.5549500004972,54903.88159248856,54903.881592489925,4.640507059224127e-13,0.0
20.0,0.016850000000000004,1.0,1.6106286393345216e-09,7.00384087157979,494.5549500004966,494.5549500004966,109807.76318498714,109807.76318498103,494.55495000049683,494.5549500004969,54903.88159249357,54903.88159249061,3.155916912434047e-13,0.0
20.0,0.01695,1.0,1.6106286393345216e-09,7.003840846311047,494.5549500004967,494.5549500004968,109807.76318497524,109807.76318497719,494.5549500004967,494.5549500004969,54903.88159248762,54903.88159248869,1.6713331183910714e-13,0.0
20.0,0.017050000000000003,1.0,1.6106286393345216e-09,7.003840848188943,494.5549500004969,494.5549500004969,109807.76318497004,109807.7631849801,494.55495000049706,494.55495000049723,54903.88159248502,54903.88159249014,2.1792548370253365e-13,0.0
20.0,0.01715,1.0,1.6106286393345216e-09,7.003840907138518,494.55495000049706,494.554950000497,109807.76318497845,109807.7631849804,494.55495000049734,494.5549500004972,54903.881592489226,54903.881592490296,3.5039751912572517e-13,0.0
20.0,0.01725,1.0,1.6106286393345216e-09,7.003840871885999,494.55495000049746,494.55495000049746,109807.76318498037,109807.76318498184,494.55495000049757,494.5549500004976,54903.88159249019,54903.881592491016,2.3599986977773993e-13,0.0
20.0,0.01735,1.0,1.6106286393345216e-09,7.003840844527701,494.55495000049723,494.55495000049723,109807.76318496827,109807.7631849783,494.55495000049746,494.55495000049746,54903.88159248413,54903.88159248925,3.4702254281717e-13,0.0
20.0,0.01745,1.0,1.6106286393345216e-09,7.003840870918132,494.5549500004975,494.5549500004975,109807.76318497922,109807.76318498177,494.55495000049757,494.55495000049757,54903.88159248961,54903.88159249098,3.276605607830188e-13,0.0
20.0,0.017550000000000003,1.0,1.6106286393345216e-09,7.003840874354045,494.55495000049797,494.55495000049797,109807.76318497678,109807.76318497874,494.554950000498,494.554950000498,54903.88159248839,54903.881592489466,2.962303974235231e-13,0.0
20.0,0.01765,1.0,1.6106286393345216e-09,7.0038408526407325,494.55495000049734,494.55495000049734,109807.76318496994,109807.76318498018,494.5549500004974,494.5549500004973,54903.88159248497,54903.88159249019,4.4340192202270456e-13,0.0
20.0,0.017750000000000002,1.0,1.6106286393345216e-09,7.003840850792279,494.554950000497,494.55495000049706,109807.76318497707,109807.76318497903,494.554950000497,494.55495000049706,54903.881592488535,54903.88159248961,3.14304809968509e-13,0.0
20.0,0.017849999999999998,1.0,1.6106286393345216e-09,7.00384086187408,494.5549500004967,494.5549500004967,109807.7631849767,109807.76318497899,494.5549500004967,494.5549500004969,54903.88159248835,54903.88159248959,1.3570283084225624e-13,0.0
20.0,0.01795,1.0,1.6106286393345216e-09,7.003840842749707,494.55495000049615,494.55495000049615,109807.76318497908,109807.76318498162,494.5549500004963,494.5549500004962,54903.88159248954,54903.88159249091,4.3868320735266926e-13,0.0
20.0,0.018050000000000004,1.0,1.6106286393345216e-09,7.003840862327391,494.5549500004946,494.5549500004946,109807.76318497652,109807.76318497848,494.5549500004947,494.5549500004947,54903.88159248826,54903.881592489335,3.5174154865478093e-13,0.0
20.0,0.01815,1.0,1.6106286393345216e-09,7.003840849480417,494.5549500004877,494.5549500004877,109807.76318497592,109807.76318497788,494.55495000048757,494.5549500004878,54903.88159248796,54903.88159248904,5.6110718209015863e-14,0.0
20.0,0.018250000000000002,1.0,1.6106286393345216e-09,7.003840850454295,494.5549500004594,494.5549500004595,109807.76318496934,109807.7631849713,494.5549500004596,494.55495000045954,54903.88159248467,54903.88159248575,4.0725235577890393e-13,0.0
20.0,0.018349999999999998,1.0,1.6106286393345216e-09,7.003840850792254,494.55495000034585,494.55495000034585,109807.76318493766,109807.7631849477,494.55495000034585,494.55495000034585,54903.88159246883,54903.88159247395,3.143048364382886e-13,0.0
20.0,0.01845,1.0,1.6106286393345216e-09,7.003840895564059,494.5549499999044,494.5549499999042,109807.76318484599,109807.76318484881,494.5549499999041,494.5549499999041,54903.88159242299,54903.8815924245,7.89045071685271e-14,0.0
20.0,0.018550000000000004,1.0,1.6106286393345216e-09,7.003840868642461,494.5549499982366,494.5549499982366,109807.76318447359,109807.76318447555,494.5549499982368,494.5549499982367,54903.881592236794,54903.88159223787,4.3868283677575483e-13,0.0
20.0,0.01865,1.0,1.6106286393345216e-09,7.0038408501657985,494.5549499921448,494.5549499921449,109807.76318312458,109807.76318312713,494.5549499921448,494.5549499921448,54903.88159156229,54903.88159156366,3.14304809968509e-13,0.0
20.0,0.018750000000000003,1.0,1.6106286393345216e-09,7.003840850792279,494.5549499706777,494.5549499706777,109807.76317835617,109807.76317835813,494.5549499706778,494.5549499706777,54903.88158917808,54903.88158917916,4.2532711243102464e-13,0.0
20.0,0.01885,1.0,1.6106286393345216e-09,7.0038408724749175,494.5549498979467,494.5549498979467,109807.76316220869,109807.76316221098,494.55494989794664,494.5549498979467,54903.881581104346,54903.88158110558,2.2736320421017987e-13,0.0
20.0,0.01895,1.0,1.6106286393345216e-09,7.003840881503874,494.55494966198944,494.55494966198944,109807.76310981721,109807.76310981995,494.55494966198916,494.55494966198927,54903.88155490861,54903.88155491007,1.5249041505190563e-13,0.0
20.0,0.01905,1.0,1.6106286393345216e-09,7.003840865762597,494.5549489323922,494.5549489323922,109807.7629478227,109807.76294782487,494.5549489323921,494.55494893239216,54903.88147391135,54903.88147391253,2.768687859662863e-13,0.0
20.0,0.01915,1.0,1.6106286393345216e-09,7.003840850165552,494.55494679396327,494.5549467939632,109807.76247301855,109807.76247302059,494.55494679396327,494.5549467939632,54903.881236509274,54903.88123651039,3.14304809968509e-13,0.0
20.0,0.019250000000000003,1.0,1.6106286393345216e-09,7.0038408663941585,494.5549408910865,494.5549408910865,109807.76116239297,109807.76116238712,494.55494089108623,494.5549408910863,54903.880581196485,54903.880581193655,2.575071480392699e-13,0.0
20.0,0.01935,1.0,1.6106286393345216e-09,7.003840873470693,494.55492566275626,494.5549256627563,109807.75778118447,109807.75778118732,494.55492566275626,494.5549256627563,54903.878890592234,54903.878890593754,2.514438479748072e-13,0.0
20.0,0.019450000000000002,1.0,1.6106286393345216e-09,7.0038408491851625,494.5548892829868,494.5548892829868,109807.7497036567,109807.74970365915,494.5548892829866,494.5548892829866,54903.87485182835,54903.87485182967,2.635126645748621e-13,0.0
20.0,0.019549999999999998,1.0,1.6106286393345216e-09,7.003840849850833,494.5548096924194,494.5548096924194,109807.7320318838,109807.7320318857,494.5548096924191,494.55480969241904,54903.866015941894,54903.866015942935,3.7324795341358403e-13,0.0
20.0,0.01965,1.0,1.6106286393345216e-09,7.003840870132679,494.55465235848385,494.5546523584838,109807.69709848282,109807.69709848506,494.5546523584836,494.55465235848374,54903.84854924141,54903.848549242626,1.6584624527575423e-13,0.0
20.0,0.019750000000000004,1.0,1.6106286393345216e-09,7.003840859329076,494.5543758401376,494.55437584013754,109807.63570214668,109807.63570214916,494.55437584013737,494.55437584013737,54903.81785107334,54903.817851074666,2.81587209468746e-13,0.0
20.0,0.01985,1.0,1.6106286393345216e-09,7.003840852401851,494.55395188751163,494.55395188751163,109807.54157046496,109807.541570467,494.55395188751163,494.55395188751163,54903.77078523248,54903.770785233595,3.4573499979778427e-13,0.0
20.0,0.019950000000000002,1.0,1.6106286393345216e-09,7.003840855402199,494.5533965989836,494.5533965989837,109807.41827781285,109807.4182778154,494.5533965989838,494.5533965989838,54903.70913890642,54903.7091389078,3.6509629361766585e-13,0.0
40.0,5e-05,1.0,1.6106286393345216e-09,7.007852884345066,981.2770051713812,981.2770051713813,108938.18068408515,108938.18068408851,981.2770051713811,981.2770051713811,54469.090342042575,54469.09034204435,-9.701166547785824e-13,0.0
40.0,0.00015000000000000001,1.0,1.6106286393345216e-09,7.007852870089615,981.2770604120783,981.2770604120782,108938.1868167336,108938.18681672825,981.2770604120783,981.2770604120783,54469.0934083668,54469.09340836423,-1.537133665151073e-12,0.0
40.0,0.00025,1.0,1.6106286393345216e-09,7.0078528692238375,981.2771091286874,981.2771091286872,108938.19222508698,108938.19222508959,981.2771091286866,981.2771091286874,54469.09611254349,54469.096112544896,-2.186195372055579e-12,0.0
40.0,0.00035000000000000005,1.0,1.6106286393345216e-09,7.007852869188554,981.2771487249877,981.2771487249877,108938.19662093719,108938.19662094087,981.2771487249877,981.2771487249877,54469.098310468595,54469.09831047054,-1.2809448180150861e-12,0.0
40.0,0.00045,1.0,1.6106286393345216e-09,7.007852871873504,981.2771784746677,981.2771784746677,108938.19992365592,108938.19992365128,981.2771784746675,981.2771784746675,54469.09996182797,54469.09996182574,-1.4483503715373967e-12,0.0
40.0,0.00055,1.0,1.6106286393345216e-09,7.007852861328161,981.2771992120826,981.2771992120827,108938.20222585961,108938.20222585475,981.277199212083,981.2771992120829,54469.101112929806,54469.10111292748,-1.1306115576518208e-12,0.0
40.0,0.00065,1.0,1.6106286393345216e-09,7.007852886057958,981.2772126780848,981.2772126780853,108938.20372080653,108938.20372080199,981.2772126780853,981.2772126780856,54469.101860403265,54469.10186040108,-6.165223274308011e-13,0.0
40.0,0.00075,1.0,1.6106286393345216e-09,7.007852912871487,981.2772208583551,981.2772208583551,108938.20462894904,108938.20462895221,981.2772208583546,981.2772208583552,54469.10231447452,54469.10231447621,-1.8548398682681797e-12,0.0
40.0,0.0008500000000000001,1.0,1.6106286393345216e-09,7.007852906818312,981.2772255267046,981.2772255267051,108938.20514721403,108938.20514721722,981.2772255267054,981.2772255267054,54469.102573607015,54469.102573608725,-7.787612711424361e-13,0.0
40.0,0.0009500000000000001,1.0,1.6106286393345216e-09,7.00785287165847,981.2772280396699,981.2772280396699,108938.20542619591,108938.20542619478,981.2772280396704,981.27722803967,54469.10271309796,54469.10271309745,-4.71355703347991e-13,0.0
40.0,0.0010500000000000002,1.0,1.6106286393345216e-09,7.0078529539268715,981.2772293205379,981.2772293205377,108938.20556840254,108938.2055683977,981.2772293205378,981.2772293205377,54469.10278420128,54469.102784198956,-1.3919672263567202e-12,0.0
40.0,0.00115,1.0,1.6106286393345216e-09,7.007852907370074,981.2772299409472,981.2772299409478,108938.20563727441,108938.20563726901,981.2772299409486,981.277229940948,54469.10281863721,54469.10281863463,-3.517442221025207e-13,0.0
40.0,0.0012500000000000002,1.0,1.6106286393345216e-09,7.007852843866601,981.2772302274703,981.2772302274705,108938.20566908323,108938.20566907868,981.2772302274705,981.2772302274705,54469.10283454162,54469.10283453943,-1.1699226214316889e-12,0.0
40.0,0.00135,1.0,1.6106286393345216e-09,7.007852878695749,981.2772303540257,981.2772303540255,108938.20568313137,108938.20568313095,981.277230354025,981.2772303540253,54469.10284156569,54469.10284156554,-1.2878228314259094e-12,0.0
40.0,0.00145,1.0,1.6106286393345216e-09,7.007852905153164,981.2772304076381,981.2772304076382,108938.20568908646,108938.20568908207,981.2772304076381,981.2772304076381,54469.10284454324,54469.10284454112,-8.778779961357005e-13,0.0
40.0,0.0015500000000000002,1.0,1.6106286393345216e-09,7.007852819319064,981.2772304294798,981.2772304294791,108938.20569150153,108938.20569150413,981.2772304294795,981.2772304294795,54469.10284575077,54469.10284575217,-2.1639567073138745e-12,0.0
40.0,0.00165,1.0,1.6106286393345216e-09,7.007852861781424,981.2772304380557,981.2772304380558,108938.2056924639,108938.20569245872,981.2772304380557,981.2772304380555,54469.10284623196,54469.10284622946,-1.1340669756205855e-12,0.0
40.0,0.0017500000000000003,1.0,1.6106286393345216e-09,7.007852830173568,981.2772304413087,981.2772304413089,108938.20569282318,108938.20569281948,981.277230441309,981.277230441309,54469.102846411595,54469.10284640988,-1.8633229032349316e-12,0.0
40.0,0.00185,1.0,1.6106286393345216e-09,7.007852870089615,981.2772304425034,981.2772304425035,108938.20569295569,108938.20569295035,981.2772304425034,981.2772304425035,54469.10284647785,54469.10284647529,-1.5371339033790895e-12,0.0
40.0,0.00195,1.0,1.6106286393345216e-09,7.007852870259886,981.2772304429287,981.2772304429288,108938.20569300672,108938.20569300187,981.2772304429291,981.2772304429291,54469.10284650337,54469.10284650103,-1.0947559647802766e-12,0.0
40.0,0.00205,1.0,1.6106286393345216e-09,7.007852872937603,981.2772304430762,981.277230443076,108938.20569302117,108938.20569301583,981.2772304430764,981.2772304430764,54469.10284651059,54469.10284650801,-1.4995341373202507e-12,0.0
40.0,0.00215,1.0,1.6106286393345216e-09,7.007852883846619,981.2772304431257,981.2772304431263,108938.20569302411,108938.20569302003,981.2772304431262,981.2772304431262,54469.10284651206,54469.102846510126,-6.899777657705229e-13,0.0
40.0,0.0022500000000000003,1.0,1.6106286393345216e-09,7.0078528671095475,981.2772304431429,981.2772304431429,108938.20569301741,108938.20569302086,981.277230443143,981.277230443143,54469.102846508715,54469.10284651052,-1.0776837775003498e-12,0.0
40.0,0.00235,1.0,1.6106286393345216e-09,7.007852786560252,981.2772304431481,981.2772304431481,108938.20569303165,108938.20569302629,981.2772304431481,981.2772304431481,54469.10284651583,54469.10284651324,-1.6652284195913116e-12,0.0
40.0,0.00245,1.0,1.6106286393345216e-09,7.0078528369672135,981.2772304431496,981.2772304431496,108938.20569302897,108938.2056930233,981.277230443148,981.2772304431494,54469.10284651449,54469.10284651176,-3.328851658808017e-12,0.0
40.0,0.00255,1.0,1.6106286393345216e-09,7.007852886897346,981.2772304431501,981.2772304431501,108938.20569302782,108938.20569302268,981.2772304431512,981.2772304431498,54469.10284651392,54469.10284651147,-3.893440146311391e-13,0.0
40.0,0.0026500000000000004,1.0,1.6106286393345216e-09,7.007852861657478,981.2772304431492,981.2772304431492,108938.20569302837,108938.20569302328,981.2772304431489,981.2772304431489,54469.102846514186,54469.10284651176,-1.8684895395153868e-12,0.0
40.0,0.00275,1.0,1.6106286393345216e-09,7.007852785999153,981.2772304431478,981.2772304431479,108938.20569302536,108938.20569302137,981.2772304431478,981.2772304431478,54469.10284651269,54469.10284651082,-2.0307284302874625e-12,0.0
40.0,0.00285,1.0,1.6106286393345216e-09,7.007852686186038,981.2772304431478,981.2772304431478,108938.20569302805,108938.20569302424,981.2772304431475,981.2772304431475,54469.10284651403,54469.1028465122,-1.924872764105402e-12,0.0
40.0,0.0029500000000000004,1.0,1.6106286393345216e-09,7.007852707287005,981.2772304431477,981.2772304431476,108938.20569303106,108938.20569302571,981.2772304431476,981.2772304431476,54469.10284651554,54469.10284651296,-2.1434619775314483e-12,0.0
40.0,0.00305,1.0,1.6106286393345216e-09,7.007852907818003,981.2772304431489,981.2772304431488,108938.20569302866,108938.20569302374,981.2772304431486,981.2772304431486,54469.10284651434,54469.10284651196,-9.35972465507186e-13,0.0
40.0,0.00315,1.0,1.6106286393345216e-09,7.007852861319256,981.2772304431502,981.2772304431495,108938.20569302264,108938.20569302527,981.2772304431497,981.2772304431497,54469.10284651133,54469.10284651274,-2.128101061502771e-12,0.0
40.0,0.0032500000000000003,1.0,1.6106286393345216e-09,7.007852785895067,981.2772304431496,981.2772304431497,108938.2056930281,108938.20569302276,981.2772304431496,981.2772304431496,54469.102846514055,54469.10284651147,-1.7933228828639745e-12,0.0
40.0,0.00335,1.0,1.6106286393345216e-09,7.007852874172899,981.2772304431497,981.2772304431497,108938.20569302172,108938.20569302516,981.27723044315,981.27723044315,54469.10284651087,54469.102846512666,-1.2245616993041892e-12,0.0
40.0,0.00345,1.0,1.6106286393345216e-09,7.007852839023456,981.277230443151,981.2772304431504,108938.2056930291,108938.20569302376,981.2772304431498,981.2772304431504,54469.10284651456,54469.102846511974,-2.6473569544740257e-12,0.0
40.0,0.00355,1.0,1.6106286393345216e-09,7.007852870194053,981.2772304431504,981.2772304431504,108938.20569302555,108938.2056930202,981.2772304431504,981.2772304431504,54469.10284651278,54469.10284651022,-1.665228393121532e-12,0.0
40.0,0.0036500000000000005,1.0,1.6106286393345216e-09,7.00785286138476,981.2772304431512,981.2772304431512,108938.20569302961,108938.20569302484,981.2772304431514,981.2772304431514,54469.10284651481,54469.10284651249,-9.495892612881277e-13,0.0
40.0,0.00375,1.0,1.6106286393345216e-09,7.007852873008013,981.2772304431514,981.2772304431521,108938.20569303053,108938.20569302623,981.2772304431525,981.2772304431525,54469.10284651527,54469.10284651323,-8.675446971050105e-13,0.0
40.0,0.00385,1.0,1.6106286393345216e-09,7.007852838206508,981.2772304431529,981.2772304431529,108938.20569302642,108938.20569302159,981.2772304431533,981.2772304431533,54469.10284651322,54469.10284651093,-1.754011845553886e-12,0.0
40.0,0.00395,1.0,1.6106286393345216e-09,7.00785283753896,981.2772304431518,981.2772304431512,108938.20569302379,108938.20569302641,981.2772304431511,981.2772304431511,54469.1028465119,54469.10284651329,-2.2032677181541834e-12,0.0
40.0,0.00405,1.0,1.6106286393345216e-09,7.007852884495221,981.2772304431501,981.2772304431501,108938.20569302558,108938.20569302051,981.2772304431497,981.2772304431497,54469.1028465128,54469.102846510395,-1.832633920174063e-12,0.0
40.0,0.004150000000000001,1.0,1.6106286393345216e-09,7.007852869880682,981.2772304431494,981.2772304431488,108938.2056930223,108938.20569302597,981.2772304431488,981.2772304431488,54469.10284651115,54469.10284651309,-1.836056436206783e-12,0.0
40.0,0.00425,1.0,1.6106286393345216e-09,7.007852918059858,981.2772304431477,981.2772304431478,108938.20569301976,108938.20569302262,981.2772304431477,981.2772304431477,54469.102846509886,54469.102846511385,-7.685669649244346e-13,0.0
40.0,0.00435,1.0,1.6106286393345216e-09,7.007852611812093,981.2772304431471,981.2772304431471,108938.20569302344,108938.20569302604,981.2772304431471,981.2772304431471,54469.10284651173,54469.10284651312,-2.4337953580459666e-12,0.0
40.0,0.004450000000000001,1.0,1.6106286393345216e-09,7.007852869153301,981.2772304431464,981.2772304431465,108938.20569302185,108938.20569302449,981.2772304431464,981.2772304431464,54469.102846510934,54469.10284651233,-1.152850434151762e-12,0.0
40.0,0.00455,1.0,1.6106286393345216e-09,7.0078528838715926,981.2772304431469,981.2772304431469,108938.20569302846,108938.20569302383,981.2772304431464,981.2772304431464,54469.10284651424,54469.10284651202,-1.1563057991809675e-12,0.0
40.0,0.00465,1.0,1.6106286393345216e-09,7.007852858039876,981.2772304431475,981.2772304431476,108938.20569302625,108938.20569302118,981.2772304431468,981.2772304431468,54469.10284651313,54469.10284651074,-1.706283550679356e-12,0.0
40.0,0.004750000000000001,1.0,1.6106286393345216e-09,7.007852876592556,981.277230443148,981.277230443148,108938.20569302975,108938.20569302456,981.2772304431478,981.2772304431479,54469.102846514885,54469.10284651236,-1.0999226275305114e-12,0.0
40.0,0.00485,1.0,1.6106286393345216e-09,7.007852743472003,981.2772304431483,981.2772304431483,108938.20569302076,108938.20569302324,981.277230443148,981.2772304431481,54469.10284651039,54469.102846511705,-1.7403950497729443e-12,0.0
40.0,0.0049499999999999995,1.0,1.6106286393345216e-09,7.007852909948473,981.2772304431485,981.2772304431486,108938.20569302492,108938.20569302066,981.2772304431487,981.2772304431487,54469.10284651247,54469.10284651046,-1.4619672731974568e-12,0.0
40.0,0.005050000000000001,1.0,1.6106286393345216e-09,7.007852872794006,981.2772304431496,981.2772304431496,108938.20569302223,108938.20569302535,981.2772304431495,981.2772304431502,54469.10284651112,54469.10284651279,-2.0887900241926827e-12,0.0
40.0,0.00515,1.0,1.6106286393345216e-09,7.00785287286698,981.2772304431487,981.2772304431488,108938.2056930219,108938.20569302452,981.2772304431492,981.2772304431492,54469.102846510956,54469.10284651234,-1.0213005529103344e-12,0.0
40.0,0.00525,1.0,1.6106286393345216e-09,7.007852818272129,981.277230443147,981.277230443147,108938.20569302834,108938.20569302297,981.2772304431477,981.2772304431477,54469.10284651418,54469.10284651156,-1.2381785215549105e-12,0.0
40.0,0.005350000000000001,1.0,1.6106286393345216e-09,7.007853040858719,981.2772304431464,981.2772304431461,108938.20569302155,108938.20569302415,981.2772304431475,981.2772304431475,54469.10284651078,54469.10284651218,-8.350787447999208e-13,0.0
40.0,0.00545,1.0,1.6106286393345216e-09,7.007852817181485,981.2772304431456,981.2772304431456,108938.20569302715,108938.20569302206,981.2772304431461,981.2772304431461,54469.10284651358,54469.10284651117,-2.1741509870620965e-12,0.0
40.0,0.00555,1.0,1.6106286393345216e-09,7.00785287300805,981.2772304431465,981.2772304431467,108938.20569302028,108938.2056930229,981.2772304431464,981.2772304431471,54469.10284651015,54469.10284651156,-2.0887900241926827e-12,0.0
40.0,0.0056500000000000005,1.0,1.6106286393345216e-09,7.007852847903582,981.2772304431477,981.2772304431477,108938.20569303066,108938.20569302612,981.2772304431477,981.2772304431477,54469.102846515336,54469.10284651313,-1.1528504606215416e-12,0.0
40.0,0.00575,1.0,1.6106286393345216e-09,7.007852927868497,981.2772304431489,981.2772304431489,108938.20569301624,108938.20569302009,981.2772304431488,981.2772304431488,54469.10284650812,54469.102846510155,-1.116994761870879e-12,0.0
40.0,0.00585,1.0,1.6106286393345216e-09,7.007852869009674,981.2772304431496,981.2772304431498,108938.20569302983,108938.20569302449,981.2772304431498,981.2772304431498,54469.10284651492,54469.10284651234,-1.0589003189691732e-12,0.0
40.0,0.00595,1.0,1.6106286393345216e-09,7.007852841491387,981.277230443152,981.2772304431513,108938.20569302888,108938.20569302434,981.2772304431513,981.2772304431513,54469.10284651445,54469.10284651223,-1.6908897591844135e-12,0.0
40.0,0.00605,1.0,1.6106286393345216e-09,7.007852884162878,981.2772304431534,981.2772304431534,108938.20569302389,108938.20569302689,981.277230443153,981.277230443153,54469.10284651195,54469.10284651352,-9.35972465507186e-13,0.0
40.0,0.006150000000000001,1.0,1.6106286393345216e-09,7.007852870242464,981.2772304431544,981.2772304431544,108938.20569302136,108938.20569302423,981.2772304431545,981.2772304431546,54469.10284651069,54469.10284651219,-1.1887060534930858e-12,0.0
40.0,0.00625,1.0,1.6106286393345216e-09,7.007852820646883,981.2772304431568,981.2772304431567,108938.20569302277,108938.20569302553,981.2772304431566,981.2772304431566,54469.10284651139,54469.10284651284,-1.228017117272954e-12,0.0
40.0,0.00635,1.0,1.6106286393345216e-09,7.007852811032112,981.2772304431585,981.2772304431585,108938.20569302216,108938.20569302529,981.277230443159,981.277230443159,54469.10284651109,54469.10284651275,-1.8257231371760928e-12,0.0
40.0,0.006450000000000001,1.0,1.6106286393345216e-09,7.00785287300789,981.2772304431575,981.277230443157,108938.20569301849,108938.2056930216,981.2772304431574,981.2772304431574,54469.10284650925,54469.10284651091,-2.0887900241926827e-12,0.0
40.0,0.00655,1.0,1.6106286393345216e-09,7.00785286773956,981.277230443154,981.277230443154,108938.20569302292,108938.20569302553,981.277230443154,981.277230443154,54469.102846511465,54469.10284651288,-1.409039413636647e-12,0.0
40.0,0.00665,1.0,1.6106286393345216e-09,7.007852903246665,981.2772304431487,981.2772304431486,108938.20569302817,108938.20569302331,981.2772304431487,981.2772304431487,54469.10284651409,54469.10284651186,-2.561889847788409e-12,0.0
40.0,0.006750000000000001,1.0,1.6106286393345216e-09,7.007852823904042,981.2772304431285,981.2772304431284,108938.2056930272,108938.20569302185,981.2772304431285,981.2772304431284,54469.102846513604,54469.10284651105,-1.7933228828639745e-12,0.0
40.0,0.00685,1.0,1.6106286393345216e-09,7.007852884399633,981.2772304430582,981.2772304430583,108938.20569302098,108938.20569302383,981.2772304430578,981.2772304430578,54469.1028465105,54469.102846512025,-1.4124948051356321e-12,0.0
40.0,0.0069500000000000004,1.0,1.6106286393345216e-09,7.007852861442921,981.2772304428014,981.2772304428013,108938.20569302939,108938.2056930248,981.2772304428014,981.2772304428007,54469.1028465147,54469.10284651252,-9.49622136754393e-13,0.0
40.0,0.007050000000000001,1.0,1.6106286393345216e-09,7.007852875816251,981.2772304418622,981.2772304418622,108938.20569303002,108938.20569302594,981.2772304418613,981.2772304418613,54469.102846515016,54469.102846513066,-1.4159501701648376e-12,0.0
40.0,0.00715,1.0,1.6106286393345216e-09,7.007852845440455,981.2772304384769,981.2772304384766,108938.20569304102,108938.20569303587,981.2772304384765,981.277230438476,54469.102846520516,54469.102846518035,-1.1358110693985413e-12,0.0
40.0,0.00725,1.0,1.6106286393345216e-09,7.007852899048949,981.2772304264869,981.2772304264868,108938.20569305765,108938.20569305257,981.2772304264861,981.2772304264862,54469.10284652883,54469.1028465264,-1.854872743734445e-12,0.0
40.0,0.007350000000000001,1.0,1.6106286393345216e-09,7.007852861384155,981.2772303847975,981.2772303847977,108938.20569313082,108938.20569312545,981.2772303847978,981.2772303847978,54469.102846565416,54469.102846562804,-8.385669852953916e-13,0.0
40.0,0.00745,1.0,1.6106286393345216e-09,7.007852861445732,981.2772302426213,981.2772302426212,108938.20569338024,108938.20569338286,981.2772302426213,981.2772302426213,54469.102846690126,54469.10284669152,-1.427822845698044e-12,0.0
40.0,0.00755,1.0,1.6106286393345216e-09,7.007852838203142,981.2772297674478,981.2772297674479,108938.20569423733,108938.20569423254,981.2772297674479,981.2772297674479,54469.10284711867,54469.10284711639,-1.810395096613681e-12,0.0
40.0,0.0076500000000000005,1.0,1.6106286393345216e-09,7.007852861315846,981.2772282126775,981.2772282126773,108938.20569701353,108938.20569700818,981.2772282126775,981.2772282126775,54469.10284850677,54469.10284850421,-1.8121064208044898e-12,0.0
40.0,0.00775,1.0,1.6106286393345216e-09,7.007852870173409,981.2772232375529,981.2772232375529,108938.20570590078,108938.20570589582,981.277223237553,981.277223237553,54469.1028529504,54469.10285294799,-1.1887062123117634e-12,0.0
40.0,0.007850000000000001,1.0,1.6106286393345216e-09,7.007852868372977,981.2772076861586,981.2772076861586,108938.20573368721,108938.20573368209,981.2772076861586,981.2772076861586,54469.102866843605,54469.102866841116,-1.0247563414560136e-12,0.0
40.0,0.00795,1.0,1.6106286393345216e-09,7.0078528336625725,981.2771602592029,981.2771602592029,108938.20581841387,108938.20581840909,981.2771602592028,981.2771602592028,54469.10290920694,54469.10290920469,-2.141753406197718e-12,0.0
40.0,0.00805,1.0,1.6106286393345216e-09,7.007852880721552,981.2770193330773,981.277019333078,108938.20607017938,108938.20607018222,981.2770193330782,981.2770193330775,54469.10303508969,54469.10303509124,-2.0832732986072154e-13,0.0
40.0,0.008150000000000001,1.0,1.6106286393345216e-09,7.007852878781307,981.2766119148522,981.2766119148521,108938.20679806625,108938.20679806164,981.2766119148523,981.2766119148516,54469.10339903313,54469.10339903092,-8.573985394161044e-13,0.0
40.0,0.00825,1.0,1.6106286393345216e-09,7.007852842013624,981.2754677413893,981.2754677413891,108938.20884219193,108938.20884219524,981.275467741387,981.2754677413884,54469.104421095966,54469.10442109773,-3.023237698045913e-12,0.0
40.0,0.00835,1.0,1.6106286393345216e-09,7.0078528156944335,981.2723516692129,981.2723516692129,108938.21440923009,108938.214409233,981.2723516692122,981.2723516692122,54469.107204615044,54469.107204616594,-1.212798396900297e-12,0.0
40.0,0.008450000000000001,1.0,1.6106286393345216e-09,7.007852747139351,981.2641370959335,981.2641370959335,108938.22908505313,108938.22908504808,981.2641370959333,981.2641370959333,54469.114542526564,54469.11454252414,-1.4845290810085388e-12,0.0
40.0,0.00855,1.0,1.6106286393345216e-09,7.00785254295332,981.2432175962166,981.2432175962159,108938.26645893739,108938.26645894014,981.2432175962152,981.2432175962152,54469.133229468694,54469.133229470164,-2.1359270636002497e-12,0.0
40.0,0.008650000000000001,1.0,1.6106286393345216e-09,7.007852169394532,981.1918658231272,981.1918658231272,108938.35820186077,108938.35820185483,981.1918658231261,981.1918658231268,54469.179100930385,54469.17910092751,-1.860018071842321e-12,0.0
40.0,0.00875,1.0,1.6106286393345216e-09,7.007851120679173,981.0706494863833,981.0706494863833,108938.57476184376,108938.57476184283,981.0706494863829,981.0706494863829,54469.28738092188,54469.28738092151,-1.4175896818435871e-12,0.0
40.0,0.00885,1.0,1.6106286393345216e-09,7.007848843868988,980.7962147712482,980.7962147712476,108939.06505532823,108939.06505533149,980.7962147712469,980.7962147712475,54469.532527664116,54469.53252766586,-2.6244394192948765e-12,0.0
40.0,0.00895,1.0,1.6106286393345216e-09,7.007843881073655,980.2019784575351,980.201978457535,108940.12669285739,108940.12669285729,980.201978457534,980.2019784575348,54470.063346428695,54470.06334642875,-2.1214957397614045e-12,0.0
40.0,0.00905,1.0,1.6106286393345216e-09,7.007833587555537,978.9751480363508,978.9751480363515,108942.31849633639,108942.3184963311,978.9751480363517,978.9751480363517,54471.159248168195,54471.159248165655,-8.712588306996022e-13,0.0
40.0,0.00915,1.0,1.6106286393345216e-09,7.0078134377898404,976.568201767622,976.568201767622,108946.61864499419,108946.61864498658,976.5682017676218,976.5682017676222,54473.309322497094,54473.309322493384,-1.901775181485402e-12,0.0
40.0,0.009250000000000001,1.0,1.6106286393345216e-09,7.007776022547787,972.0968013261281,972.0968013261281,108954.60706037069,108954.60706037204,972.0968013261274,972.0968013261281,54477.303530185345,54477.303530186124,-2.447650143615307e-12,0.0
40.0,0.00935,1.0,1.6106286393345216e-09,7.007710398776291,964.2616436477954,964.2616436477954,108968.60502252165,108968.60502252441,964.261643647795,964.261643647795,54484.30251126082,54484.30251126231,-2.1546954872966124e-12,0.0
40.0,0.00945,1.0,1.6106286393345216e-09,7.007602592873592,951.3637503961356,951.3637503961364,108991.64785446442,108991.64785445746,951.3637503961361,951.363750396136,54495.82392723221,54495.82392722883,2.9502815326890383e-12,0.0
40.0,0.00955,1.0,1.6106286393345216e-09,7.00743672421355,931.5012138601359,931.5012138601359,109027.13342424824,109027.13342425662,931.5012138601356,931.5012138601357,54513.56671212412,54513.56671212842,-7.371163139555272e-13,0.0
40.0,0.00965,1.0,1.6106286393345216e-09,7.007199117447567,903.0066243985788,903.0066243985788,109078.04065563125,109078.04065563185,903.0066243985792,903.0066243985789,54539.020327815626,54539.02032781603,1.1376675803304655e-12,0.0
40.0,0.00975,1.0,1.6106286393345216e-09,7.006883483000219,865.0808269230296,865.080826923029,109145.79728534928,109145.79728535267,865.080826923029,865.080826923029,54572.89864267464,54572.898642676446,-4.3067466965505746e-13,0.0
40.0,0.009850000000000001,1.0,1.6106286393345216e-09,7.0064963015768695,818.4194922268523,818.4194922268521,109229.16045732949,109229.16045733077,818.4194922268524,818.4194922268523,54614.580228664745,54614.580228665494,-7.050570168744584e-13,0.0
40.0,0.00995,1.0,1.6106286393345216e-09,7.006058616703718,765.5093089175543,765.5093089175543,109323.68755861295,109323.68755860897,765.509308917554,765.5093089175543,54661.84377930647,54661.84377930459,4.0460251908253726e-13,0.0
40.0,0.01005,1.0,1.6106286393345216e-09,7.005603737415527,710.3228715261004,710.3228715261004,109422.28131940341,109422.28131939903,710.3228715261001,710.3228715261005,54711.140659701705,54711.14065969961,-1.9771265707286547e-13,0.0
40.0,0.010150000000000001,1.0,1.6106286393345216e-09,7.005169138624354,657.4126882168016,657.4126882168016,109516.80842067236,109516.808420673,657.4126882168013,657.4126882168013,54758.40421033618,54758.40421033661,3.191909724643046e-13,0.0
40.0,0.01025,1.0,1.6106286393345216e-09,7.004787091626957,610.7513535206242,610.7513535206241,109600.17159265594,109600.17159264955,610.7513535206241,610.7513535206241,54800.08579632797,54800.08579632487,3.477851636372745e-13,0.0
40.0,0.010350000000000002,1.0,1.6106286393345216e-09,7.0044774423560865,572.8255560450735,572.8255560450734,109667.92822237778,109667.92822237253,572.8255560450737,572.8255560450734,54833.96411118889,54833.96411118635,-4.458387034630572e-14,0.0
40.0,0.010450000000000001,1.0,1.6106286393345216e-09,7.004245323003669,544.3309665835161,544.3309665835161,109718.83545374557,109718.83545374697,544.3309665835161,544.3309665835161,54859.41772687279,54859.417726873566,1.9482811284077055e-13,0.0
40.0,0.01055,1.0,1.6106286393345216e-09,7.004083761525273,524.4684300475161,524.468430047516,109754.32102355205,109754.32102354763,524.4684300475161,524.4684300475161,54877.16051177603,54877.1605117739,-3.61220747307063e-13,0.0
40.0,0.01065,1.0,1.6106286393345216e-09,7.0039789786555415,511.57053679585687,511.5705367958567,109777.363855486,109777.36385547988,511.57053679585687,511.57053679585687,54888.681927743,54888.68192774004,-2.188576964005462e-13,0.0
40.0,0.010750000000000001,1.0,1.6106286393345216e-09,7.003915354262588,503.7353791175249,503.7353791175249,109791.36181763819,109791.36181763247,503.7353791175249,503.7353791175248,54895.68090881909,54895.68090881634,1.3416205144142106e-13,0.0
40.0,0.01085,1.0,1.6106286393345216e-09,7.003879060864065,499.2639786760313,499.26397867603146,109799.3502330158,109799.3502330179,499.26397867603146,499.2639786760313,54899.6751165079,54899.67511650906,5.586578275044952e-13,0.0
40.0,0.010950000000000001,1.0,1.6106286393345216e-09,7.00385954348386,496.8570324073021,496.8570324073021,109803.65038167269,109803.65038167547,496.85703240730203,496.857032407302,54901.825190836345,54901.82519083783,3.2208358997917806e-13,0.0
40.0,0.01105,1.0,1.6106286393345216e-09,7.003849595002343,495.63020198612014,495.63020198612014,109805.84218514823,109805.84218514695,495.63020198611997,495.63020198612,54902.92109257411,54902.92109257357,2.6943038085151545e-13,0.0
40.0,0.01115,1.0,1.6106286393345216e-09,7.00384475224324,495.03596567240874,495.03596567240874,109806.90382267087,109806.90382267364,495.03596567240874,495.03596567240874,54903.45191133543,54903.45191133691,2.7257954347028853e-13,0.0
40.0,0.01125,1.0,1.6106286393345216e-09,7.003842534965382,494.76153095727216,494.76153095727216,109807.39411615735,109807.39411615687,494.76153095727216,494.76153095727216,54903.69705807867,54903.69705807853,2.475095652232682e-13,0.0
40.0,0.01135,1.0,1.6106286393345216e-09,7.003841571266329,494.6403146205284,494.6403146205284,109807.61067615151,109807.61067615275,494.6403146205285,494.64031462052844,54903.805338075756,54903.80533807646,2.8725401870455486e-13,0.0
40.0,0.01145,1.0,1.6106286393345216e-09,7.003841139757348,494.5889628474393,494.58896284743923,109807.7024190614,109807.70241906421,494.58896284743906,494.5889628474391,54903.8512095307,54903.8512095322,2.072723238551367e-13,0.0
40.0,0.011550000000000001,1.0,1.6106286393345216e-09,7.003840938387259,494.5680433477196,494.56804334771954,109807.73979296531,109807.73979295926,494.5680433477194,494.56804334771954,54903.869896482654,54903.86989647972,1.4745978049904393e-13,0.0
40.0,0.01165,1.0,1.6106286393345216e-09,7.003840915683318,494.55982877443995,494.55982877443995,109807.75446876822,109807.75446876971,494.5598287744399,494.5598287744399,54903.87723438411,54903.87723438495,3.636821985820044e-13,0.0
40.0,0.01175,1.0,1.6106286393345216e-09,7.003840893918268,494.5567127022634,494.5567127022634,109807.76003580946,109807.76003581252,494.55671270226316,494.55671270226316,54903.88001790473,54903.880017906355,2.5012340301937654e-13,0.0
40.0,0.01185,1.0,1.6106286393345216e-09,7.003840851793303,494.555568528799,494.555568528799,109807.76207994159,109807.76207994316,494.5555685287985,494.5555685287987,54903.881039970795,54903.881039971675,1.959739366601688e-13,0.0
40.0,0.01195,1.0,1.6106286393345216e-09,7.003840829205455,494.555161110572,494.555161110572,109807.76280781756,109807.76280781996,494.5551611105718,494.55516111057176,54903.88140390878,54903.881403910076,3.9995408167734447e-13,0.0
40.0,0.012050000000000002,1.0,1.6106286393345216e-09,7.0038408564275985,494.5550201844458,494.5550201844458,109807.76305959024,109807.76305959227,494.5550201844458,494.55502018444594,54903.88152979512,54903.88152979623,2.7214792724410326e-13,0.0
40.0,0.012150000000000001,1.0,1.6106286393345216e-09,7.0038408501507705,494.5549727574894,494.5549727574894,109807.76314432154,109807.76314432321,494.55497275748934,494.55497275748934,54903.88157216077,54903.8815721617,3.638098623290234e-13,0.0
40.0,0.01225,1.0,1.6106286393345216e-09,7.003840880203547,494.5549572060948,494.55495720609497,109807.76317210523,109807.76317210752,494.55495720609485,494.5549572060949,54903.881586052616,54903.88158605385,3.0695515802474263e-13,0.0
40.0,0.01235,1.0,1.6106286393345216e-09,7.003840837517973,494.55495223097176,494.55495223097176,109807.76318099398,109807.76318099626,494.5549522309717,494.55495223097176,54903.88159049699,54903.881590498226,2.587939499048268e-13,0.0
40.0,0.012450000000000001,1.0,1.6106286393345216e-09,7.003840849968699,494.55495067620336,494.5549506762035,109807.76318376993,109807.76318377253,494.5549506762035,494.55495067620353,54903.881591884965,54903.88159188636,4.2532743006837986e-13,0.0
40.0,0.01255,1.0,1.6106286393345216e-09,7.00384087213835,494.5549502010298,494.55495020102984,109807.7631846189,109807.76318462202,494.55495020102995,494.55495020102995,54903.88159230945,54903.8815923111,3.336664214257458e-13,0.0
40.0,0.012650000000000002,1.0,1.6106286393345216e-09,7.003840850881373,494.5549500588531,494.554950058853,109807.76318487564,109807.7631848776,494.55495005885314,494.55495005885314,54903.88159243782,54903.8815924389,3.276605343132392e-13,0.0
40.0,0.012750000000000001,1.0,1.6106286393345216e-09,7.0038408427175245,494.554950017164,494.554950017164,109807.76318495088,109807.76318495258,494.554950017164,494.55495001716406,54903.88159247544,54903.881592476384,2.4071924619226527e-13,0.0
40.0,0.01285,1.0,1.6106286393345216e-09,7.003840852823602,494.55495000517317,494.55495000517334,109807.76318496028,109807.76318497065,494.5549500051735,494.55495000517345,54903.88159248014,54903.88159248542,4.687693941226684e-13,0.0
40.0,0.01295,1.0,1.6106286393345216e-09,7.003840851051863,494.55495000178774,494.55495000178774,109807.7631849756,109807.7631849778,494.5549500017877,494.5549500017877,54903.8815924878,54903.88159248899,3.323795930904093e-13,0.0
40.0,0.01305,1.0,1.6106286393345216e-09,7.003840857312734,494.55495000084886,494.5549500008487,109807.76318497595,109807.76318497876,494.55495000084875,494.5549500008486,54903.881592487975,54903.88159248947,2.768687594965067e-13,0.0
40.0,0.01315,1.0,1.6106286393345216e-09,7.003840865719574,494.5549500005925,494.5549500005925,109807.76318497738,109807.76318498011,494.5549500005922,494.55495000059227,54903.88159248869,54903.88159249015,2.0199599680801206e-13,0.0
40.0,0.013250000000000001,1.0,1.6106286393345216e-09,7.003840863395974,494.5549500005239,494.5549500005239,109807.76318497887,109807.7631849811,494.55495000052383,494.5549500005238,54903.88159248944,54903.881592490645,4.0596550097378784e-13,0.0
40.0,0.01335,1.0,1.6106286393345216e-09,7.003840859422256,494.55495000050627,494.5549500005062,109807.76318497132,109807.76318498155,494.55495000050615,494.55495000050604,54903.88159248566,54903.88159249087,4.2404028409568815e-13,0.0
40.0,0.01345,1.0,1.6106286393345216e-09,7.0038408526407325,494.5549500005015,494.55495000050155,109807.76318497016,109807.76318498039,494.5549500005015,494.55495000050144,54903.88159248508,54903.88159249029,3.8789074432166713e-13,0.0
40.0,0.01355,1.0,1.6106286393345216e-09,7.003840854110466,494.55495000050075,494.5549500005006,109807.76318497615,109807.76318497928,494.5549500005007,494.5549500005007,54903.88159248808,54903.881592489735,1.8520812143078705e-13,0.0
40.0,0.01365,1.0,1.6106286393345216e-09,7.003840858563357,494.5549500005002,494.5549500005002,109807.7631849777,109807.76318497966,494.5549500005002,494.5549500005003,54903.88159248885,54903.881592489925,2.4071924619226527e-13,0.0
40.0,0.013750000000000002,1.0,1.6106286393345216e-09,7.003840831011617,494.5549500005001,494.5549500005002,109807.76318498871,109807.76318498209,494.55495000050036,494.5549500005005,54903.881592494356,54903.88159249114,1.9985070058063333e-13,0.0
40.0,0.013850000000000001,1.0,1.6106286393345216e-09,7.003840859425354,494.55495000050075,494.55495000050075,109807.7631849784,109807.76318498036,494.55495000050075,494.5549500005009,54903.8815924892,54903.881592490274,1.6713302067153152e-13,0.0
40.0,0.01395,1.0,1.6106286393345216e-09,7.0038408558070655,494.55495000050007,494.55495000050007,109807.7631849792,109807.7631849809,494.5549500005003,494.5549500005001,54903.8815924896,54903.88159249054,4.313333171808865e-13,0.0
40.0,0.01405,1.0,1.6106286393345216e-09,7.003840863882896,494.5549500004998,494.5549500004998,109807.76318497844,109807.7631849804,494.55495000049984,494.5549500004998,54903.88159248922,54903.881592490296,3.698159611997668e-13,0.0
40.0,0.014150000000000001,1.0,1.6106286393345216e-09,7.003840850165645,494.55495000049996,494.55495000049996,109807.7631849771,109807.76318498021,494.55495000049984,494.55495000049996,54903.88159248855,54903.8815924902,1.4777170038187033e-13,0.0
40.0,0.01425,1.0,1.6106286393345216e-09,7.0038408740508755,494.5549500004995,494.5549500004995,109807.76318498023,109807.76318498244,494.55495000049945,494.5549500004994,54903.881592490114,54903.881592491314,3.7453501997693694e-13,0.0
40.0,0.014350000000000002,1.0,1.6106286393345216e-09,7.003840847097201,494.55495000049893,494.55495000049905,109807.76318497692,109807.76318497912,494.554950000499,494.5549500004989,54903.88159248846,54903.881592489655,5.591435479601864e-13,0.0
40.0,0.014450000000000001,1.0,1.6106286393345216e-09,7.003840863534784,494.55495000049893,494.554950000499,109807.76318497777,109807.76318498002,494.5549500004989,494.5549500004989,54903.881592488884,54903.88159249011,3.638100476174806e-13,0.0
40.0,0.01455,1.0,1.6106286393345216e-09,7.003840850792254,494.55495000049893,494.5549500004989,109807.76318498845,109807.76318498234,494.55495000049893,494.55495000049893,54903.881592494225,54903.88159249126,3.143048364382886e-13,0.0
40.0,0.01465,1.0,1.6106286393345216e-09,7.003840830265941,494.5549500004993,494.5549500004993,109807.76318497736,109807.76318497933,494.5549500004994,494.5549500004994,54903.88159248868,54903.88159248976,3.8317205612141143e-13,0.0
40.0,0.014750000000000001,1.0,1.6106286393345216e-09,7.0038408558327205,494.55495000049996,494.55495000049996,109807.76318498512,109807.76318497957,494.55495000049996,494.55495000050007,54903.88159249256,54903.88159248988,2.4071924619226527e-13,0.0
40.0,0.01485,1.0,1.6106286393345216e-09,7.003840869226924,494.5549500005,494.55495000049996,109807.76318498037,109807.76318498234,494.55495000050024,494.5549500005002,54903.88159249019,54903.88159249126,3.155916647736251e-13,0.0
40.0,0.014950000000000001,1.0,1.6106286393345216e-09,7.003840859991743,494.5549500005003,494.5549500005003,109807.76318497607,109807.76318497918,494.55495000050047,494.5549500005004,54903.88159248803,54903.881592489684,3.336664214257458e-13,0.0
40.0,0.015050000000000001,1.0,1.6106286393345216e-09,7.003840862609323,494.554950000501,494.554950000501,109807.76318498027,109807.76318498224,494.5549500005011,494.5549500005011,54903.881592490136,54903.88159249121,2.781556407714024e-13,0.0
40.0,0.01515,1.0,1.6106286393345216e-09,7.003840850165645,494.5549500005001,494.55495000050007,109807.763184977,109807.7631849801,494.55495000049996,494.55495000050007,54903.8815924885,54903.88159249014,1.4777172685164993e-13,0.0
40.0,0.01525,1.0,1.6106286393345216e-09,7.003840850193476,494.55495000049973,494.55495000049973,109807.76318498791,109807.76318498129,494.5549500004996,494.55495000049973,54903.881592493955,54903.88159249074,2.3471338554953826e-13,0.0
40.0,0.01535,1.0,1.6106286393345216e-09,7.003840861509385,494.55495000049933,494.55495000049933,109807.76318496936,109807.76318497966,494.5549500004991,494.5549500004992,54903.88159248468,54903.881592489925,2.394323913871492e-13,0.0
40.0,0.01545,1.0,1.6106286393345216e-09,7.003840850165645,494.5549500004993,494.5549500004993,109807.76318497615,109807.76318497927,494.5549500004993,494.5549500004993,54903.88159248808,54903.88159248973,3.143051805454234e-13,0.0
40.0,0.015550000000000001,1.0,1.6106286393345216e-09,7.003840858197684,494.5549500004994,494.55495000049945,109807.76318498095,109807.76318498292,494.5549500004994,494.55495000049945,54903.88159249048,54903.881592491554,3.143048364382886e-13,0.0
40.0,0.01565,1.0,1.6106286393345216e-09,7.003840860156719,494.55495000049956,494.55495000049945,109807.76318497611,109807.7631849789,494.5549500004991,494.55495000049916,54903.881592488055,54903.881592489546,1.6455962869865455e-13,0.0
40.0,0.01575,1.0,1.6106286393345216e-09,7.0038408400168715,494.55495000049984,494.55495000049973,109807.76318497884,109807.76318498109,494.55495000049956,494.5549500004996,54903.88159248942,54903.88159249064,1.5984059639126403e-13,0.0
40.0,0.015850000000000003,1.0,1.6106286393345216e-09,7.003840865762597,494.5549500004997,494.5549500004997,109807.7631849786,109807.76318498074,494.5549500004994,494.5549500004996,54903.8815924893,54903.88159249046,1.1033533227251281e-13,0.0
40.0,0.01595,1.0,1.6106286393345216e-09,7.003840861200776,494.5549500004996,494.5549500004996,109807.763184978,109807.76318497997,494.55495000049984,494.55495000049973,54903.881592489,54903.88159249008,4.62763824647517e-13,0.0
40.0,0.016050000000000002,1.0,1.6106286393345216e-09,7.00384086204839,494.55495000050007,494.55495000050007,109807.76318497842,109807.76318498097,494.5549500005003,494.55495000050036,54903.88159248921,54903.88159249058,2.4200610099738137e-13,0.0
40.0,0.016149999999999998,1.0,1.6106286393345216e-09,7.003840856735628,494.55495000049984,494.55495000049984,109807.76318496816,109807.7631849782,494.55495000050007,494.5549500005002,54903.88159248408,54903.8815924892,1.6842019311400283e-13,0.0
40.0,0.01625,1.0,1.6106286393345216e-09,7.003840850728074,494.55495000049984,494.5549500004999,109807.76318497967,109807.76318498164,494.55495000050007,494.5549500005001,54903.88159248984,54903.881592490914,3.155916912434047e-13,0.0
40.0,0.016350000000000003,1.0,1.6106286393345216e-09,7.003840877446626,494.5549500005,494.55495000050007,109807.7631849706,109807.76318498123,494.5549500005001,494.5549500005003,54903.8815924853,54903.88159249071,1.7313888131425853e-13,0.0
40.0,0.01645,1.0,1.6106286393345216e-09,7.003840907250041,494.5549500004999,494.5549500004999,109807.76318497799,109807.76318498053,494.5549500005,494.55495000049996,54903.88159248899,54903.88159249036,3.6246617690710245e-13,0.0
40.0,0.016550000000000002,1.0,1.6106286393345216e-09,7.003840870764081,494.5549500004996,494.5549500004996,109807.76318497933,109807.76318498161,494.55495000049973,494.55495000049973,54903.88159248966,54903.8815924909,3.2031104118815043e-13,0.0
40.0,0.016649999999999998,1.0,1.6106286393345216e-09,7.003840887676903,494.5549500004998,494.5549500004998,109807.76318497729,109807.76318498008,494.5549500004996,494.55495000049973,54903.881592488644,54903.881592490136,1.5849659333198787e-13,0.0
40.0,0.01675,1.0,1.6106286393345216e-09,7.0038408675346355,494.55495000049945,494.55495000049945,109807.76318497724,109807.76318497979,494.55495000049956,494.5549500004997,54903.88159248862,54903.88159248999,2.0456936231110943e-13,0.0
40.0,0.016850000000000004,1.0,1.6106286393345216e-09,7.003840866500818,494.55495000049893,494.554950000499,109807.7631849795,109807.76318498145,494.5549500004993,494.5549500004992,54903.88159248975,54903.88159249082,4.2661399370592034e-13,0.0
40.0,0.01695,1.0,1.6106286393345216e-09,7.003840846076684,494.554950000499,494.554950000499,109807.76318497572,109807.76318497883,494.55495000049933,494.55495000049933,54903.88159248786,54903.88159248951,3.844585403496131e-13,0.0
40.0,0.017050000000000003,1.0,1.6106286393345216e-09,7.003840848938745,494.55495000049916,494.5549500004992,109807.76318497965,109807.76318498135,494.55495000049956,494.5549500004995,54903.88159248982,54903.88159249077,3.7710875605694873e-13,0.0
40.0,0.01715,1.0,1.6106286393345216e-09,7.003840864324629,494.5549500004995,494.5549500004995,109807.76318497847,109807.76318498103,494.5549500004998,494.55495000049973,54903.88159248923,54903.88159249061,3.711028160048829e-13,0.0
40.0,0.01725,1.0,1.6106286393345216e-09,7.003840850792254,494.55495000050007,494.55495000050007,109807.76318497161,109807.76318498165,494.55495000050007,494.55495000050007,54903.881592485806,54903.88159249092,3.14304809968509e-13,0.0
40.0,0.01735,1.0,1.6106286393345216e-09,7.003840875614175,494.5549500004998,494.5549500004998,109807.7631849778,109807.76318497976,494.5549500004999,494.5549500004999,54903.8815924889,54903.881592489975,3.022362580662501e-13,0.0
40.0,0.01745,1.0,1.6106286393345216e-09,7.003840843942471,494.5549500004986,494.55495000049876,109807.76318497713,109807.76318497935,494.5549500004986,494.5549500004987,54903.881592488564,54903.88159248977,4.1932122531851803e-13,0.0
40.0,0.017550000000000003,1.0,1.6106286393345216e-09,7.003840847135617,494.5549500004957,494.5549500004957,109807.76318497962,109807.76318498128,494.5549500004956,494.5549500004956,54903.88159248981,54903.88159249073,3.8188520131629533e-13,0.0
40.0,0.01765,1.0,1.6106286393345216e-09,7.0038408526407325,494.5549500004831,494.5549500004831,109807.76318497352,109807.76318497567,494.554950000483,494.55495000048296,54903.88159248676,54903.88159248793,3.323795930904093e-13,0.0
40.0,0.017750000000000002,1.0,1.6106286393345216e-09,7.0038408434329815,494.55495000044476,494.55495000044476,109807.76318496588,109807.76318496783,494.55495000044465,494.55495000044476,54903.88159248294,54903.88159248401,2.3471298850284423e-13,0.0
40.0,0.017849999999999998,1.0,1.6106286393345216e-09,7.003840842749584,494.5549500003254,494.5549500003254,109807.7631849394,109807.76318494193,494.55495000032545,494.55495000032545,54903.8815924697,54903.88159247106,3.276605343132392e-13,0.0
40.0,0.01795,1.0,1.6106286393345216e-09,7.00384086187408,494.554949999963,494.554949999963,109807.76318485916,109807.76318486144,494.5549499999632,494.5549499999631,54903.88159242958,54903.881592430815,3.022362845360297e-13,0.0
40.0,0.018050000000000004,1.0,1.6106286393345216e-09,7.003840850146753,494.55494999888725,494.55494999888725,109807.76318462042,109807.76318462212,494.55494999888737,494.55494999888725,54903.88159231021,54903.881592311154,3.9389665790395335e-13,0.0
40.0,0.01815,1.0,1.6106286393345216e-09,7.003840850792279,494.5549499957767,494.5549499957767,109807.76318392939,109807.76318393135,494.5549499957768,494.5549499957767,54903.881591964695,54903.88159196577,3.698159611997668e-13,0.0
40.0,0.018250000000000002,1.0,1.6106286393345216e-09,7.0038408558327205,494.5549499870409,494.5549499870409,109807.76318199774,109807.76318199221,494.55494998704097,494.55494998704097,54903.88159099887,54903.8815909962,2.962303974235231e-13,0.0
40.0,0.018349999999999998,1.0,1.6106286393345216e-09,7.003840854749131,494.5549499632486,494.5549499632486,109807.76317670687,109807.76317670969,494.5549499632484,494.5549499632484,54903.88158835343,54903.88158835494,3.9995995796841604e-13,0.0
40.0,0.01845,1.0,1.6106286393345216e-09,7.003840858197684,494.5549499005278,494.55494990052773,109807.76316278255,109807.76316278451,494.5549499005278,494.55494990052773,54903.88158139127,54903.88158139235,3.143048364382886e-13,0.0
40.0,0.018550000000000004,1.0,1.6106286393345216e-09,7.003840850146796,494.55494974080125,494.55494974080125,109807.76312731708,109807.76312731879,494.5549497408014,494.55494974080125,54903.88156365854,54903.88156365949,4.4940778266543157e-13,0.0
40.0,0.01865,1.0,1.6106286393345216e-09,7.003840886611264,494.55494934871507,494.55494934871507,109807.76304025957,109807.76304026153,494.5549493487153,494.5549493487153,54903.881520129784,54903.88152013086,2.841614749443498e-13,0.0
40.0,0.018750000000000003,1.0,1.6106286393345216e-09,7.003840852672433,494.5549484231916,494.5549484231916,109807.76283475505,109807.76283476518,494.5549484231918,494.5549484231918,54903.881417377524,54903.88141738268,3.650969288923763e-13,0.0
40.0,0.01885,1.0,1.6106286393345216e-09,7.003840874633196,494.55494632780005,494.55494632780005,109807.7623695081,109807.76236951847,494.5549463278002,494.5549463278001,54903.88118475405,54903.88118475933,3.4439165848299815e-13,0.0
40.0,0.01895,1.0,1.6106286393345216e-09,7.003840850792279,494.55494179062566,494.55494179062566,109807.76136211128,109807.76136211323,494.5549417906255,494.55494179062566,54903.88068105564,54903.88068105671,1.477713562747355e-13,0.0
40.0,0.01905,1.0,1.6106286393345216e-09,7.003840863882896,494.5549324234043,494.5549324234043,109807.75928227454,109807.7592822765,494.55493242340435,494.5549324234043,54903.87964113727,54903.879641138345,3.698159611997668e-13,0.0
40.0,0.01915,1.0,1.6106286393345216e-09,7.003840850792279,494.55491404564145,494.55491404564145,109807.75520179645,109807.75520179841,494.5549140456415,494.55491404564145,54903.877600898224,54903.8776008993,3.698159347299872e-13,0.0
40.0,0.019250000000000003,1.0,1.6106286393345216e-09,7.003840834071747,494.5548799051472,494.5548799051472,109807.74762146252,109807.7476214642,494.55487990514706,494.55487990514706,54903.87381073126,54903.8738107322,4.13315232326893e-13,0.0
40.0,0.01935,1.0,1.6106286393345216e-09,7.003840861359329,494.5548200813488,494.5548200813488,109807.7343385853,109807.73433857919,494.5548200813489,494.5548200813489,54903.86716929265,54903.86716928969,3.33666739063101e-13,0.0
40.0,0.019450000000000002,1.0,1.6106286393345216e-09,7.0038408631024165,494.554721602034,494.5547216020341,109807.71247286884,109807.71247287135,494.55472160203396,494.5547216020341,54903.85623643442,54903.856236435764,2.2736307186128186e-13,0.0
40.0,0.019549999999999998,1.0,1.6106286393345216e-09,7.003840860266708,494.5545699455612,494.5545699455612,109807.67880005165,109807.6788000545,494.5545699455611,494.55456994556124,54903.83940002583,54903.83940002733,1.9593277615288817e-13,0.0
40.0,0.01965,1.0,1.6106286393345216e-09,7.003840875738504,494.55435238075427,494.55435238075427,109807.63049337847,109807.63049338042,494.55435238075427,494.55435238075444,54903.815246689235,54903.8152466903,1.3570267202357863e-13,0.0
40.0,0.019750000000000004,1.0,1.6106286393345216e-09,7.00384086204839,494.5540628058222,494.5540628058222,109807.56619804444,109807.56619804699,494.5540628058224,494.55406280582247,54903.78309902222,54903.78309902358,2.4200607452760177e-13,0.0
40.0,0.01985,1.0,1.6106286393345216e-09,7.0038408501657985,494.5537065324215,494.5537065324215,109807.48709341709,109807.48709341962,494.5537065324214,494.55370653242153,54903.743546708545,54903.743546709906,2.587928911136427e-13,0.0
40.0,0.019950000000000002,1.0,1.6106286393345216e-09,7.003840850146753,494.55330254717234,494.55330254717217,109807.39739516126,109807.39739516297,494.55330254717234,494.5533025471722,54903.69869758063,54903.69869758158,2.8287340252937203e-13,0.0
60.0,5e-05,1.0,1.6106286393345216e-09,7.007852867318753,981.2769997234839,981.2769997234839,108938.18007928407,108938.18007927999,981.2769997234838,981.2769997234838,54469.09003964203,54469.09003964009,-1.3731834501881884e-12,0.0
60.0,0.00015000000000000001,1.0,1.6106286393345216e-09,7.007852835686802,981.2770451873355,981.2770451873355,108938.18512652625,108938.1851265292,981.2770451873353,981.2770451873353,54469.092563263126,54469.092563264705,-1.7403947850751483e-12,0.0
60.0,0.00025,1.0,1.6106286393345216e-09,7.007852687846731,981.2770870853262,981.2770870853262,108938.18977791094,108938.18977790579,981.277087085326,981.277087085326,54469.09488895547,54469.094888953005,-2.2527727175751386e-12,0.0
60.0,0.00035000000000000005,1.0,1.6106286393345216e-09,7.007852869981225,981.277123671892,981.277123671892,108938.19383962586,108938.19383962905,981.2771236718922,981.2771236718922,54469.09691981293,54469.09691981461,-1.2245615669552912e-12,0.0
60.0,0.00045,1.0,1.6106286393345216e-09,7.007852872759228,981.2771539698351,981.2771539698352,108938.19720320214,108938.19720320526,981.2771539698364,981.2771539698356,54469.09860160107,54469.098601602724,-5.003332828087118e-13,0.0
60.0,0.00055,1.0,1.6106286393345216e-09,7.007852735719847,981.2771777902004,981.2771777902003,108938.19984766342,108938.19984766659,981.2771777902003,981.2771777902003,54469.099923831716,54469.0999238334,-2.032439595659594e-12,0.0
60.0,0.00065,1.0,1.6106286393345216e-09,7.007852863065578,981.277195593731,981.277195593731,108938.20182415897,108938.20182415361,981.2771955937313,981.2771955937313,54469.100912079484,54469.100912076894,-1.2774894794556602e-12,0.0
60.0,0.00075,1.0,1.6106286393345216e-09,7.007852904718522,981.277208262686,981.277208262686,108938.20323062188,108938.20323062444,981.2772082626867,981.2772082626867,54469.10161531094,54469.10161531233,-1.33041733901647e-12,0.0
60.0,0.0008500000000000001,1.0,1.6106286393345216e-09,7.007852879722161,981.2772168599644,981.2772168599643,108938.2041850656,108938.20418506105,981.2772168599644,981.2772168599645,54469.1020925328,54469.10209253065,-1.8121062884555918e-12,0.0
60.0,0.0009500000000000001,1.0,1.6106286393345216e-09,7.007852849200755,981.2772224332269,981.2772224332267,108938.2048037926,108938.20480378749,981.2772224332275,981.2772224332275,54469.1024018963,54469.102401893826,-1.4602231000101622e-12,0.0
60.0,0.0010500000000000002,1.0,1.6106286393345216e-09,7.007852883846619,981.2772258906042,981.2772258906049,108938.20518761796,108938.20518761392,981.2772258906047,981.2772258906048,54469.10259380898,54469.10259380706,-6.899777393007433e-13,0.0
60.0,0.00115,1.0,1.6106286393345216e-09,7.00785286899238,981.2772279466731,981.2772279466731,108938.20541587834,108938.20541587299,981.2772279466731,981.2772279466731,54469.10270793918,54469.10270793659,-1.1528504076819824e-12,0.0
60.0,0.0012500000000000002,1.0,1.6106286393345216e-09,7.007852872759228,981.2772291208622,981.2772291208622,108938.20554622494,108938.20554622806,981.2772291208627,981.2772291208627,54469.10277311248,54469.10277311412,-1.2774895323952194e-12,0.0
60.0,0.00135,1.0,1.6106286393345216e-09,7.007852829830403,981.2772297659084,981.2772297659084,108938.20561783637,108938.20561783983,981.2772297659087,981.2772297659087,54469.10280891819,54469.10280892,-1.241633886584116e-12,0.0
60.0,0.00145,1.0,1.6106286393345216e-09,7.007852869780617,981.2772301073487,981.2772301073487,108938.20565574017,108938.20565574277,981.2772301073489,981.2772301073489,54469.10282787009,54469.10282787147,-1.0776837775003498e-12,0.0
60.0,0.0015500000000000002,1.0,1.6106286393345216e-09,7.007852872759228,981.2772302817726,981.2772302817732,108938.20567510476,108938.20567510789,981.2772302817743,981.2772302817737,54469.10283755239,54469.10283755404,5.477807068518883e-14,0.0
60.0,0.00165,1.0,1.6106286393345216e-09,7.00785283561036,981.2772303678992,981.2772303678986,108938.20568467477,108938.20568466975,981.2772303678989,981.2772303678984,54469.102842337394,54469.10284233497,-1.6123005600305018e-12,0.0
60.0,0.0017500000000000003,1.0,1.6106286393345216e-09,7.007852867623205,981.2772304090632,981.2772304090638,108938.20568923537,108938.20568923964,981.277230409064,981.277230409064,54469.10284461769,54469.102844619934,-9.06855734415099e-13,0.0
60.0,0.00185,1.0,1.6106286393345216e-09,7.007852893169406,981.2772304281361,981.2772304281361,108938.20569135385,108938.20569135743,981.2772304281359,981.2772304281359,54469.102845676935,54469.1028456788,-1.0999225745909522e-12,0.0
60.0,0.00195,1.0,1.6106286393345216e-09,7.007852839950703,981.2772304367128,981.2772304367127,108938.20569231399,108938.20569230922,981.2772304367132,981.2772304367132,54469.102846157,54469.102846154696,-1.6805564601537234e-12,0.0
60.0,0.00205,1.0,1.6106286393345216e-09,7.007852943193429,981.2772304404618,981.2772304404615,108938.20569272822,108938.20569272367,981.2772304404616,981.2772304404615,54469.10284636412,54469.1028463619,-7.344225903645809e-13,0.0
60.0,0.00215,1.0,1.6106286393345216e-09,7.007852868957501,981.2772304420562,981.2772304420562,108938.20569290937,108938.20569290424,981.2772304420562,981.2772304420562,54469.10284645469,54469.102846452195,-8.96661454666877e-13,0.0
60.0,0.0022500000000000003,1.0,1.6106286393345216e-09,7.007852925590327,981.277230442717,981.277230442717,108938.20569298131,108938.20569297689,981.2772304427167,981.2772304427167,54469.102846490656,54469.10284648851,-6.797834595525214e-13,0.0
60.0,0.00235,1.0,1.6106286393345216e-09,7.007852862269083,981.2772304429834,981.2772304429834,108938.20569300132,108938.20569300465,981.2772304429825,981.2772304429833,54469.10284650067,54469.1028465024,-1.7660564158358257e-12,0.0
60.0,0.00245,1.0,1.6106286393345216e-09,7.00785285986173,981.2772304430887,981.2772304430889,108938.20569301337,108938.20569301679,981.277230443089,981.2772304430885,54469.10284650669,54469.10284650849,-6.35338661428243e-13,0.0
60.0,0.00255,1.0,1.6106286393345216e-09,7.007852830503041,981.2772304431297,981.2772304431297,108938.20569302647,108938.20569302131,981.277230443129,981.277230443129,54469.10284651324,54469.10284651075,-1.3407835135134254e-12,0.0
60.0,0.0026500000000000004,1.0,1.6106286393345216e-09,7.007852744671706,981.2772304431438,981.2772304431437,108938.20569302363,108938.2056930191,981.2772304431431,981.2772304431433,54469.10284651182,54469.10284650969,-2.659295354469983e-12,0.0
60.0,0.00275,1.0,1.6106286393345216e-09,7.007852861319256,981.2772304431477,981.2772304431478,108938.20569302262,108938.20569302524,981.2772304431479,981.2772304431479,54469.10284651132,54469.10284651273,-1.4619672467276772e-12,0.0
60.0,0.00285,1.0,1.6106286393345216e-09,7.007852835667182,981.2772304431495,981.2772304431495,108938.20569302319,108938.20569302214,981.2772304431501,981.2772304431494,54469.1028465116,54469.10284651112,-1.9467199408067975e-13,0.0
60.0,0.0029500000000000004,1.0,1.6106286393345216e-09,7.007852874291886,981.2772304431506,981.2772304431506,108938.20569302837,108938.20569302425,981.2772304431495,981.2772304431496,54469.102846514186,54469.10284651222,-1.3630223370738074e-12,0.0
60.0,0.00305,1.0,1.6106286393345216e-09,7.00785285906202,981.2772304431513,981.2772304431513,108938.20569303179,108938.20569302684,981.2772304431509,981.277230443151,54469.1028465159,54469.10284651351,-1.1563057991809675e-12,0.0
60.0,0.00315,1.0,1.6106286393345216e-09,7.007852875816474,981.2772304431526,981.2772304431525,108938.2056930204,108938.2056930238,981.2772304431518,981.2772304431517,54469.102846510206,54469.102846512,-1.4159501701648376e-12,0.0
60.0,0.0032500000000000003,1.0,1.6106286393345216e-09,7.007852830469017,981.2772304431531,981.2772304431531,108938.20569302212,108938.2056930249,981.2772304431523,981.2772304431522,54469.102846511065,54469.102846512535,-1.2878556804223952e-12,0.0
60.0,0.00335,1.0,1.6106286393345216e-09,7.007852830260768,981.2772304431534,981.2772304431533,108938.20569303028,108938.2056930253,981.2772304431526,981.2772304431526,54469.10284651514,54469.10284651272,-1.0675223467486135e-12,0.0
60.0,0.00345,1.0,1.6106286393345216e-09,7.007852880824685,981.2772304431536,981.2772304431535,108938.20569302149,108938.20569302431,981.2772304431534,981.2772304431534,54469.10284651075,54469.10284651225,-1.228017117272954e-12,0.0
60.0,0.00355,1.0,1.6106286393345216e-09,7.0078528651655985,981.2772304431533,981.2772304431533,108938.20569302748,108938.20569302293,981.2772304431536,981.2772304431536,54469.10284651375,54469.102846511596,-1.7540118720236656e-12,0.0
60.0,0.0036500000000000005,1.0,1.6106286393345216e-09,7.007852870190356,981.2772304431544,981.2772304431544,108938.20569302444,108938.20569302332,981.2772304431543,981.2772304431545,54469.10284651223,54469.10284651173,-1.0264671891907896e-12,0.0
60.0,0.00375,1.0,1.6106286393345216e-09,7.007852850288121,981.2772304431554,981.2772304431554,108938.20569302802,108938.20569302267,981.2772304431554,981.2772304431554,54469.10284651402,54469.10284651145,-1.5371339033790895e-12,0.0
60.0,0.00385,1.0,1.6106286393345216e-09,7.00785288440504,981.2772304431564,981.2772304431563,108938.20569302868,108938.20569302411,981.2772304431561,981.2772304431561,54469.102846514346,54469.10284651216,-1.448350424476956e-12,0.0
60.0,0.00395,1.0,1.6106286393345216e-09,7.007852820646883,981.2772304431543,981.2772304431543,108938.20569303042,108938.20569302521,981.277230443154,981.277230443154,54469.10284651522,54469.10284651268,-1.2280170643333947e-12,0.0
60.0,0.00405,1.0,1.6106286393345216e-09,7.007852850782258,981.2772304431526,981.2772304431526,108938.20569302686,108938.20569302181,981.2772304431518,981.2772304431517,54469.10284651344,54469.10284651104,-1.7814502073307682e-12,0.0
60.0,0.004150000000000001,1.0,1.6106286393345216e-09,7.007852884254851,981.2772304431506,981.2772304431508,108938.20569303086,108938.20569302644,981.2772304431504,981.2772304431504,54469.10284651544,54469.10284651328,-6.968556468324482e-13,0.0
60.0,0.00425,1.0,1.6106286393345216e-09,7.007852870173011,981.2772304431494,981.2772304431494,108938.20569302635,108938.20569302549,981.2772304431495,981.2772304431495,54469.10284651318,54469.10284651279,-6.763280945233158e-13,0.0
60.0,0.00435,1.0,1.6106286393345216e-09,7.007852850569168,981.2772304431486,981.2772304431487,108938.20569302882,108938.20569302446,981.2772304431484,981.2772304431484,54469.10284651442,54469.10284651232,-1.0623556839983787e-12,0.0
60.0,0.004450000000000001,1.0,1.6106286393345216e-09,7.0078528974087035,981.2772304431475,981.2772304431475,108938.20569303002,108938.20569302549,981.2772304431477,981.2772304431477,54469.102846515016,54469.10284651283,-1.1135393968416735e-12,0.0
60.0,0.00455,1.0,1.6106286393345216e-09,7.007852883333445,981.2772304431486,981.2772304431486,108938.20569302904,108938.205693024,981.2772304431481,981.277230443148,54469.10284651453,54469.10284651209,-1.1563057991809675e-12,0.0
60.0,0.00465,1.0,1.6106286393345216e-09,7.007852759726361,981.2772304431498,981.2772304431487,108938.20569302537,108938.20569302085,981.2772304431484,981.2772304431484,54469.102846512695,54469.102846510556,-3.455234930238769e-12,0.0
60.0,0.004750000000000001,1.0,1.6106286393345216e-09,7.007853026618827,981.2772304431492,981.2772304431493,108938.20569302308,108938.2056930257,981.2772304431493,981.2772304431493,54469.10284651154,54469.10284651293,-1.4516667702236933e-13,0.0
60.0,0.00485,1.0,1.6106286393345216e-09,7.007852872472273,981.277230443149,981.2772304431492,108938.20569302782,108938.20569302273,981.2772304431494,981.2772304431494,54469.10284651392,54469.10284651145,-9.666614485680545e-13,0.0
60.0,0.0049499999999999995,1.0,1.6106286393345216e-09,7.00785305163977,981.2772304431503,981.2772304431501,108938.20569301974,108938.20569302235,981.2772304431502,981.2772304431502,54469.10284650988,54469.10284651129,-1.0264671891907896e-12,0.0
60.0,0.005050000000000001,1.0,1.6106286393345216e-09,7.007852818833271,981.2772304431503,981.2772304431503,108938.2056930275,108938.20569302265,981.2772304431506,981.2772304431505,54469.10284651376,54469.10284651144,-1.754011845553886e-12,0.0
60.0,0.00515,1.0,1.6106286393345216e-09,7.007852873927901,981.2772304431487,981.2772304431487,108938.20569302163,108938.2056930248,981.2772304431496,981.2772304431496,54469.102846510825,54469.1028465125,-1.274034167366014e-12,0.0
60.0,0.00525,1.0,1.6106286393345216e-09,7.007852876386063,981.2772304431475,981.2772304431475,108938.20569302987,108938.20569302476,981.2772304431484,981.2772304431485,54469.10284651494,54469.10284651247,-1.1817953234346748e-12,0.0
60.0,0.005350000000000001,1.0,1.6106286393345216e-09,7.007852857876098,981.277230443147,981.2772304431469,108938.20569302747,108938.20569302213,981.2772304431484,981.2772304431485,54469.10284651374,54469.10284651118,-1.8375958656488583e-12,0.0
60.0,0.00545,1.0,1.6106286393345216e-09,7.007852847072822,981.2772304431475,981.2772304431469,108938.20569302337,108938.20569302648,981.2772304431478,981.2772304431478,54469.10284651169,54469.10284651334,-2.121190278504801e-12,0.0
60.0,0.00555,1.0,1.6106286393345216e-09,7.007852793158258,981.2772304431479,981.2772304431478,108938.20569301963,108938.20569302226,981.2772304431486,981.2772304431486,54469.10284650982,54469.10284651122,-1.6053898035023112e-12,0.0
60.0,0.0056500000000000005,1.0,1.6106286393345216e-09,7.007852855420787,981.277230443149,981.277230443149,108938.20569302127,108938.20569302447,981.2772304431494,981.2772304431494,54469.10284651064,54469.102846512316,-1.1135393968416735e-12,0.0
60.0,0.00575,1.0,1.6106286393345216e-09,7.007852869364969,981.2772304431506,981.2772304431509,108938.20569302583,108938.20569302047,981.2772304431495,981.2772304431508,54469.10284651292,54469.102846510374,-3.0316403972315735e-12,0.0
60.0,0.00585,1.0,1.6106286393345216e-09,7.007852855363326,981.2772304431517,981.2772304431522,108938.2056930304,108938.2056930269,981.2772304431521,981.277230443152,54469.102846515205,54469.102846513524,-2.8691081154223926e-13,0.0
60.0,0.00595,1.0,1.6106286393345216e-09,7.0078528257261175,981.2772304431531,981.2772304431533,108938.20569302929,108938.20569302523,981.277230443153,981.277230443153,54469.10284651465,54469.10284651267,-9.889002721284366e-13,0.0
60.0,0.00605,1.0,1.6106286393345216e-09,7.007852814212961,981.2772304431534,981.2772304431534,108938.20569302548,108938.2056930239,981.2772304431529,981.2772304431529,54469.102846512746,54469.102846512,-9.001168196960826e-13,0.0
60.0,0.006150000000000001,1.0,1.6106286393345216e-09,7.007852869118092,981.2772304431476,981.2772304431476,108938.20569302357,108938.2056930262,981.2772304431476,981.2772304431476,54469.10284651179,54469.102846513175,-1.0247559444093195e-12,0.0
60.0,0.00625,1.0,1.6106286393345216e-09,7.007852831209685,981.2772304431217,981.2772304431219,108938.20569302925,108938.20569302514,981.2772304431217,981.2772304431217,54469.10284651463,54469.102846512666,-1.262161465363028e-12,0.0
60.0,0.00635,1.0,1.6106286393345216e-09,7.007852909531044,981.2772304430331,981.2772304430337,108938.20569303178,108938.20569302699,981.2772304430335,981.2772304430341,54469.102846515896,54469.10284651362,-1.5336785648196636e-12,0.0
60.0,0.006450000000000001,1.0,1.6106286393345216e-09,7.0078529333278805,981.2772304427405,981.2772304427399,108938.20569302989,108938.20569302504,981.2772304427409,981.2772304427416,54469.10284651495,54469.10284651265,-2.8555799934031165e-12,0.0
60.0,0.00655,1.0,1.6106286393345216e-09,7.007852857263511,981.2772304418064,981.2772304418065,108938.2056930233,108938.2056930267,981.277230441806,981.2772304418061,54469.102846511654,54469.10284651345,-1.265616856862013e-12,0.0
60.0,0.00665,1.0,1.6106286393345216e-09,7.007852809857743,981.277230438883,981.2772304388817,108938.20569303395,108938.2056930301,981.2772304388803,981.2772304388814,54469.10284651698,54469.102846515256,-5.334024866848801e-12,0.0
60.0,0.006750000000000001,1.0,1.6106286393345216e-09,7.007852869992028,981.277230429854,981.2772304298542,108938.20569305253,108938.20569304755,981.2772304298551,981.2772304298543,54469.10284652627,54469.10284652388,-4.456943108153299e-13,0.0
60.0,0.00685,1.0,1.6106286393345216e-09,7.00785294349238,981.2772304024527,981.2772304024527,108938.20569310195,108938.20569309744,981.2772304024523,981.2772304024523,54469.10284655098,54469.102846548856,-1.6686837581507375e-12,0.0
60.0,0.0069500000000000004,1.0,1.6106286393345216e-09,7.007852862657832,981.2772303206817,981.2772303206817,108938.20569324013,108938.20569324297,981.2772303206816,981.2772303206816,54469.10284662007,54469.10284662159,-1.3731837678255436e-12,0.0
60.0,0.007050000000000001,1.0,1.6106286393345216e-09,7.0078528939246,981.2772300809551,981.277230080955,108938.2056936749,108938.20569367148,981.2772300809546,981.2772300809546,54469.10284683746,54469.10284683587,-2.0717507388488007e-12,0.0
60.0,0.00715,1.0,1.6106286393345216e-09,7.007852868973165,981.27722939099,981.2772293909889,108938.20569491145,108938.20569490666,981.2772293909887,981.2772293909889,54469.10284745573,54469.10284745345,-2.886473746678984e-12,0.0
60.0,0.00725,1.0,1.6106286393345216e-09,7.00785282182323,981.2772274427975,981.2772274427977,108938.2056983785,108938.20569838166,981.2772274427979,981.2772274427979,54469.10284918926,54469.10284919096,-1.6071340031593854e-12,0.0
60.0,0.007350000000000001,1.0,1.6106286393345216e-09,7.007852861530754,981.2772220500236,981.2772220500235,108938.20570801699,108938.2057080198,981.2772220500234,981.2772220500234,54469.1028540085,54469.102854009994,-1.3561117923038536e-12,0.0
60.0,0.00745,1.0,1.6106286393345216e-09,7.0078528612230855,981.2772074270334,981.2772074270334,108938.20573414059,108938.20573414401,981.2772074270335,981.2772074270335,54469.102867070294,54469.102867072084,-1.1887065299491186e-12,0.0
60.0,0.00755,1.0,1.6106286393345216e-09,7.007852859255962,981.2771686163047,981.2771686163048,108938.20580348709,108938.2058034828,981.2771686163051,981.2771686163051,54469.10290174354,54469.10290174152,-1.6071358560439575e-12,0.0
60.0,0.0076500000000000005,1.0,1.6106286393345216e-09,7.007852861052402,981.2770678796766,981.2770678796772,108938.20598345553,108938.20598345085,981.277067879677,981.277067879677,54469.10299172776,54469.10299172554,-8.180762789194648e-13,0.0
60.0,0.00775,1.0,1.6106286393345216e-09,7.007852832804127,981.276812403623,981.2768124036231,108938.20643988252,108938.20643987738,981.2768124036234,981.2768124036234,54469.10321994126,54469.103219938756,-1.1135478407013665e-12,0.0
60.0,0.007850000000000001,1.0,1.6106286393345216e-09,7.007852834028835,981.2761799554388,981.2761799554387,108938.20756977737,108938.20756978019,981.2761799554388,981.2761799554388,54469.103784888684,54469.10378489016,-1.024774790892396e-12,0.0
60.0,0.00795,1.0,1.6106286393345216e-09,7.007852840110168,981.2746531888448,981.2746531888447,108938.21029744144,108938.21029743602,981.2746531888445,981.2746531888445,54469.10514872072,54469.105148718154,-2.2357933068727157e-12,0.0
60.0,0.00805,1.0,1.6106286393345216e-09,7.007852945189461,981.271062901724,981.2710629017239,108938.2167116959,108938.21671169224,981.271062901723,981.271062901723,54469.10835584795,54469.10835584624,-1.2350523082350521e-12,0.0
60.0,0.008150000000000001,1.0,1.6106286393345216e-09,7.007852711415354,981.2628479687345,981.2628479687346,108938.23138815293,108938.23138814783,981.2628479687353,981.2628479687339,54469.11569407646,54469.11569407402,-1.728530606341194e-13,0.0
60.0,0.00825,1.0,1.6106286393345216e-09,7.007852583186173,981.2445804726868,981.244580472687,108938.26402409049,108938.26402408462,981.2445804726875,981.2445804726862,54469.132012045244,54469.13201204242,-2.6565669025281993e-13,0.0
60.0,0.00835,1.0,1.6106286393345216e-09,7.0078522847426195,981.2051522424749,981.2051522424756,108938.33446490321,108938.33446489721,981.2051522424749,981.2051522424749,54469.167232451604,54469.1672324487,-5.667932877952971e-13,0.0
60.0,0.008450000000000001,1.0,1.6106286393345216e-09,7.0078515624468265,981.1226601503508,981.1226601503508,108938.48184178588,108938.48184178614,981.1226601503496,981.1226601503496,54469.24092089294,54469.240920893164,-1.4232173687451447e-12,0.0
60.0,0.00855,1.0,1.6106286393345216e-09,7.007850182057534,980.9555943768697,980.9555943768697,108938.78031445532,108938.78031445266,980.9555943768688,980.9555943768689,54469.39015722766,54469.39015722642,-1.1662498071630554e-12,0.0
60.0,0.008650000000000001,1.0,1.6106286393345216e-09,7.007847451772612,980.6285581031494,980.6285581031494,108939.36458366016,108939.36458366105,980.6285581031497,980.6285581031491,54469.68229183008,54469.68229183062,-6.328025124352656e-13,0.0
60.0,0.00875,1.0,1.6106286393345216e-09,7.007842273785375,980.0107250511563,980.0107250511564,108940.46837812514,108940.46837812303,980.0107250511558,980.0107250511558,54470.23418906257,54470.234189061615,-1.2410477133148365e-12,0.0
60.0,0.00885,1.0,1.6106286393345216e-09,7.007832845029453,978.8860723081558,978.8860723081557,108942.47763526952,108942.4776352706,978.8860723081559,978.8860723081559,54471.23881763476,54471.238817635414,-1.770605406279055e-12,0.0
60.0,0.00895,1.0,1.6106286393345216e-09,7.007816332539246,976.9167462383563,976.9167462383564,108945.99595014274,108945.99595014082,976.9167462383554,976.9167462383555,54472.99797507137,54472.99797507052,-1.6607781878957763e-12,0.0
60.0,0.00905,1.0,1.6106286393345216e-09,7.00778867961682,973.605228842642,973.605228842642,108951.91216740877,108951.9121674124,973.6052288426423,973.6052288426423,54475.95608370438,54475.9560837063,-1.412142862946048e-12,0.0
60.0,0.00915,1.0,1.6106286393345216e-09,7.007743964681531,968.2670932536703,968.2670932536702,108961.44905524234,108961.44905524213,968.2670932536703,968.2670932536703,54480.724527621176,54480.72452762116,-1.871923596372013e-12,0.0
60.0,0.009250000000000001,1.0,1.6106286393345216e-09,7.007675070124131,960.032520667191,960.032520667191,108976.16059521731,108976.16059521967,960.032520667191,960.032520667191,54488.080297608656,54488.08029760994,-2.0943842003532645e-12,0.0
60.0,0.00935,1.0,1.6106286393345216e-09,7.007573554633396,947.8980477908354,947.8980477908356,108997.83953251896,108997.83953251873,947.8980477908352,947.8980477908351,54498.91976625948,54498.919766259474,2.8556564116568266e-12,0.0
60.0,0.00945,1.0,1.6106286393345216e-09,7.007431262842942,930.8456197351646,930.8456197351646,109028.30468105775,109028.30468106344,930.8456197351647,930.8456197351645,54514.152340528875,54514.15234053182,-4.112073643678711e-13,0.0
60.0,0.00955,1.0,1.6106286393345216e-09,7.00724097528573,908.0301985867441,908.0301985867442,109069.06574993105,109069.06574992584,908.0301985867445,908.0301985867442,54534.532874965524,54534.53287496302,1.3011461832301868e-12,0.0
60.0,0.00965,1.0,1.6106286393345216e-09,7.006999365031196,879.0104763201252,879.0104763201249,109120.91116141314,109120.91116141542,879.0104763201246,879.0104763201247,54560.45558070657,54560.45558070782,3.506398764277583e-15,0.0
60.0,0.00975,1.0,1.6106286393345216e-09,7.006708166956194,843.9674378469266,843.9674378469265,109183.51757552681,109183.51757552814,843.9674378469266,843.9674378469267,54591.75878776341,54591.75878776418,-3.975447493984388e-13,0.0
60.0,0.009850000000000001,1.0,1.6106286393345216e-09,7.006375515522001,803.8370557661484,803.8370557661484,109255.21282310366,109255.21282309483,803.8370557661485,803.8370557661485,54627.60641155183,54627.606411547524,-9.189249745316275e-13,0.0
60.0,0.00995,1.0,1.6106286393345216e-09,7.006015563352728,760.2912490288636,760.2912490288631,109333.00992426256,109333.00992426323,760.2912490288627,760.291249028863,54666.50496213128,54666.504962131716,-1.1540432153601737e-13,0.0
60.0,0.01005,1.0,1.6106286393345216e-09,7.005646665750738,715.5409314147997,715.5409314147995,109412.95895374556,109412.95895374472,715.5409314147995,715.5409314147995,54706.47947687278,54706.47947687245,1.139572980945314e-13,0.0
60.0,0.010150000000000001,1.0,1.6106286393345216e-09,7.005288759434781,671.9951246775132,671.9951246775132,109490.75605490617,109490.7560549112,671.9951246775125,671.9951246775128,54745.37802745309,54745.37802745571,2.825061343373985e-14,0.0
60.0,0.01025,1.0,1.6106286393345216e-09,7.004959812581627,631.864742596734,631.864742596734,109562.45130248369,109562.45130247773,631.8647425967339,631.8647425967337,54781.225651241846,54781.225651238965,5.919206789942736e-13,0.0
60.0,0.010350000000000002,1.0,1.6106286393345216e-09,7.0046732891244465,596.8217041235348,596.8217041235347,109625.05771658581,109625.05771658507,596.821704123534,596.821704123534,54812.528858292906,54812.52885829262,-4.933458697987947e-13,0.0
60.0,0.010450000000000001,1.0,1.6106286393345216e-09,7.004436493979096,567.8019818569147,567.8019818569147,109676.90312807605,109676.90312807912,567.8019818569145,567.8019818569145,54838.45156403803,54838.45156403964,-3.908787059826659e-14,0.0
60.0,0.01055,1.0,1.6106286393345216e-09,7.0042506511042,544.9865607084947,544.9865607084947,109717.66419694481,109717.66419694595,544.9865607084948,544.9865607084947,54858.832098472405,54858.83209847306,3.21021887119354e-13,0.0
60.0,0.01065,1.0,1.6106286393345216e-09,7.004111935320198,527.9341326528238,527.9341326528236,109748.12934549771,109748.12934548722,527.9341326528236,527.9341326528238,54874.06467274886,54874.06467274372,-9.027195137149786e-13,0.0
60.0,0.010750000000000001,1.0,1.6106286393345216e-09,7.004013322211022,515.7996597764692,515.7996597764692,109769.80828278705,109769.80828278293,515.7996597764691,515.7996597764692,54884.90414139353,54884.90414139157,-2.778640496793101e-13,0.0
60.0,0.01085,1.0,1.6106286393345216e-09,7.003946436513984,507.56508718999027,507.5650871899903,109784.519822755,109784.51982276111,507.5650871899904,507.5650871899905,54892.2599113775,54892.25991138066,-8.820061435530423e-14,0.0
60.0,0.010950000000000001,1.0,1.6106286393345216e-09,7.0039031178441435,502.2269516010186,502.22695160101887,109794.05671059505,109794.05671059755,502.22695160101904,502.22695160101904,54897.02835529752,54897.02835529887,3.738759224648547e-13,0.0
60.0,0.01105,1.0,1.6106286393345216e-09,7.003876232153119,498.91543420530644,498.91543420530644,109799.97292785514,109799.9729278638,498.91543420530655,498.9154342053066,54899.98646392757,54899.98646393199,1.7599994685184675e-13,0.0
60.0,0.01115,1.0,1.6106286393345216e-09,7.003860284979756,496.9461081355083,496.9461081355083,109803.491242744,109803.49124273792,496.9461081355083,496.9461081355083,54901.745621372,54901.74562136904,2.320714368474929e-13,0.0
60.0,0.01125,1.0,1.6106286393345216e-09,7.003851140046721,495.8214553925063,495.8214553925064,109805.50049988242,109805.50049987882,495.82145539250627,495.8214553925063,54902.75024994121,54902.750249939505,2.287657848917146e-13,0.0
60.0,0.01135,1.0,1.6106286393345216e-09,7.0038461122078886,495.20362234051294,495.2036223405129,109806.60429434764,109806.60429434665,495.2036223405128,495.20362234051294,54903.30214717382,54903.30214717341,1.579775209539986e-13,0.0
60.0,0.01145,1.0,1.6106286393345216e-09,7.003843472323783,494.8765860667919,494.8765860667919,109807.18856355459,109807.18856355215,494.8765860667921,494.8765860667919,54903.594281777296,54903.59428177617,4.425196577988004e-13,0.0
60.0,0.011550000000000001,1.0,1.6106286393345216e-09,7.003842122360243,494.70952029330977,494.7095202933098,109807.48703621826,109807.4870362186,494.7095202933097,494.7095202933097,54903.74351810913,54903.7435181094,3.2869910258569136e-13,0.0
60.0,0.01165,1.0,1.6106286393345216e-09,7.003841436196662,494.6270282011839,494.6270282011839,109807.63441310867,109807.63441310966,494.62702820118386,494.6270282011839,54903.81720655433,54903.81720655492,2.883356797781986e-13,0.0
60.0,0.01175,1.0,1.6106286393345216e-09,7.00384113149051,494.5875999709712,494.5875999709714,109807.70485391952,109807.70485392255,494.58759997097116,494.58759997097127,54903.85242695976,54903.85242696138,3.6295449140119455e-13,0.0
60.0,0.01185,1.0,1.6106286393345216e-09,7.003840980997794,494.5693324749224,494.5693324749224,109807.73748985626,109807.73748985805,494.56933247492236,494.5693324749223,54903.86874492813,54903.86874492912,3.3203694179346533e-13,0.0
60.0,0.01195,1.0,1.6106286393345216e-09,7.003840883759931,494.5611175419319,494.5611175419319,109807.75216630012,109807.75216631056,494.5611175419318,494.5611175419316,54903.87608315006,54903.87608315537,5.844061732631478e-13,0.0
60.0,0.012050000000000002,1.0,1.6106286393345216e-09,7.003840882342858,494.55752725480903,494.55752725480903,109807.75858056618,109807.75858056714,494.55752725480886,494.5575272548088,54903.87929028309,54903.87929028366,3.0561901649000817e-13,0.0
60.0,0.012150000000000001,1.0,1.6106286393345216e-09,7.0038408612205245,494.55600048821407,494.55600048821407,109807.76130822365,109807.76130822574,494.55600048821384,494.55600048821395,54903.880654111825,54903.880654112974,1.9724946239961538e-13,0.0
60.0,0.01225,1.0,1.6106286393345216e-09,7.003840874867739,494.5553680400298,494.5553680400298,109807.76243812652,109807.762438129,494.5553680400301,494.5553680400301,54903.88121906326,54903.88121906459,2.660774538693685e-13,0.0
60.0,0.01235,1.0,1.6106286393345216e-09,7.0038408653291615,494.55511256397693,494.555112563977,109807.76289454059,109807.76289455061,494.55511256397716,494.5551125639772,54903.881447270294,54903.8814472754,3.1558780018580324e-13,0.0
60.0,0.012450000000000001,1.0,1.6106286393345216e-09,7.003840854334042,494.5550118273513,494.5550118273513,109807.76307452256,109807.7630745251,494.55501182735145,494.55501182735134,54903.88153726128,54903.88153726264,4.0725121757838106e-13,0.0
60.0,0.01255,1.0,1.6106286393345216e-09,7.003840839306101,494.55497301662314,494.55497301662314,109807.76314385903,109807.76314386188,494.5549730166235,494.55497301662336,54903.881571929516,54903.88157193104,4.2661378194768353e-13,0.0
60.0,0.012650000000000002,1.0,1.6106286393345216e-09,7.003840940648345,494.55495839363266,494.55495839363266,109807.76316997605,109807.76316998598,494.5549583936328,494.5549583936327,54903.88158498803,54903.88158499308,3.3103553709157394e-13,0.0
60.0,0.012750000000000001,1.0,1.6106286393345216e-09,7.003840846622141,494.55495300085875,494.55495300085875,109807.76317961725,109807.7631796198,494.5549530008589,494.5549530008588,54903.881589808625,54903.88158980999,4.808385548298581e-13,0.0
60.0,0.01285,1.0,1.6106286393345216e-09,7.003840851176951,494.5549510526669,494.55495105266687,109807.76318309987,109807.76318310316,494.5549510526668,494.5549510526668,54903.881591549936,54903.881591551675,2.7686841538937187e-13,0.0
60.0,0.01295,1.0,1.6106286393345216e-09,7.003840859394589,494.55495036270094,494.5549503627009,109807.76318433286,109807.7631843345,494.55495036270054,494.5549503627007,54903.88159216643,54903.881592167345,1.464845014696194e-13,0.0
60.0,0.01305,1.0,1.6106286393345216e-09,7.0038408510312005,494.55495012297484,494.55495012297484,109807.76318475856,109807.76318476076,494.5549501229748,494.5549501229748,54903.88159237928,54903.88159238047,3.009491120935584e-13,0.0
60.0,0.01315,1.0,1.6106286393345216e-09,7.00384083833646,494.55495004120473,494.55495004120473,109807.76318490674,109807.76318490897,494.5549500412047,494.5549500412047,54903.88159245337,54903.88159245458,3.638100476174806e-13,0.0
60.0,0.013250000000000001,1.0,1.6106286393345216e-09,7.003840849721557,494.55495001380524,494.55495001380524,109807.76318495454,109807.76318495731,494.55495001380496,494.55495001380496,54903.88159247727,54903.88159247875,3.3109308239242803e-13,0.0
60.0,0.01335,1.0,1.6106286393345216e-09,7.003840875056514,494.5549500047805,494.5549500047805,109807.7631849706,109807.76318497225,494.55495000478044,494.5549500047804,54903.8815924853,54903.88159248622,3.009491120935584e-13,0.0
60.0,0.01345,1.0,1.6106286393345216e-09,7.003840850380707,494.5549500018567,494.5549500018567,109807.76318497544,109807.76318497855,494.55495000185675,494.5549500018567,54903.88159248772,54903.88159248937,3.698159611997668e-13,0.0
60.0,0.01355,1.0,1.6106286393345216e-09,7.003840855204525,494.554950000925,494.554950000925,109807.76318497735,109807.76318497965,494.5549500009251,494.554950000925,54903.88159248867,54903.88159248992,4.2532713890080424e-13,0.0
60.0,0.01365,1.0,1.6106286393345216e-09,7.0038408501756795,494.55495000063263,494.55495000063263,109807.7631849808,109807.76318498276,494.55495000063246,494.55495000063263,54903.8815924904,54903.881592491474,1.477713562747355e-13,0.0
60.0,0.013750000000000002,1.0,1.6106286393345216e-09,7.0038408438671205,494.5549500005425,494.55495000054253,109807.763184978,109807.76318498034,494.55495000054236,494.5549500005424,54903.881592489,54903.88159249027,3.263740765548171e-13,0.0
60.0,0.013850000000000001,1.0,1.6106286393345216e-09,7.003840869177538,494.5549500005156,494.5549500005156,109807.76318497973,109807.76318498186,494.5549500005155,494.5549500005154,54903.881592489866,54903.88159249102,3.504543762123096e-13,0.0
60.0,0.01395,1.0,1.6106286393345216e-09,7.003840849876522,494.5549500005066,494.55495000050655,109807.7631849776,109807.76318498071,494.55495000050666,494.55495000050655,54903.8815924888,54903.88159249045,4.0124683924331174e-13,0.0
60.0,0.01405,1.0,1.6106286393345216e-09,7.00384085648281,494.55495000050377,494.55495000050377,109807.76318497867,109807.76318498063,494.55495000050377,494.55495000050377,54903.881592489335,54903.88159249041,3.143051540756438e-13,0.0
60.0,0.014150000000000001,1.0,1.6106286393345216e-09,7.003840850165645,494.554950000503,494.554950000503,109807.7631849778,109807.76318498091,494.5549500005029,494.554950000503,54903.8815924889,54903.88159249055,2.0328285161312816e-13,0.0
60.0,0.01425,1.0,1.6106286393345216e-09,7.003840850165645,494.55495000050234,494.55495000050234,109807.76318497735,109807.76318498046,494.5549500005023,494.55495000050234,54903.88159248867,54903.881592490325,2.58794002844386e-13,0.0
60.0,0.014350000000000002,1.0,1.6106286393345216e-09,7.003840852640939,494.55495000050206,494.55495000050206,109807.76318498286,109807.76318498501,494.5549500005019,494.55495000050195,54903.88159249143,54903.8815924926,2.2135729062789365e-13,0.0
60.0,0.014450000000000001,1.0,1.6106286393345216e-09,7.003840871218864,494.554950000502,494.554950000502,109807.7631849776,109807.76318497954,494.55495000050206,494.5549500005021,54903.8815924888,54903.881592489866,2.962300533163883e-13,0.0
60.0,0.01455,1.0,1.6106286393345216e-09,7.003840873899006,494.5549500005019,494.5549500005019,109807.76318496937,109807.76318497943,494.5549500005021,494.55495000050206,54903.881592484686,54903.88159248981,3.155920088807599e-13,0.0
60.0,0.01465,1.0,1.6106286393345216e-09,7.0038408656210525,494.5549500005024,494.55495000050223,109807.76318498037,109807.7631849838,494.5549500005023,494.5549500005023,54903.88159249019,54903.881592492,1.7185202650914244e-13,0.0
60.0,0.014750000000000001,1.0,1.6106286393345216e-09,7.003840855522541,494.5549500005031,494.55495000050286,109807.76318497857,109807.7631849808,494.5549500005028,494.5549500005028,54903.881592489284,54903.88159249049,1.1033498816537799e-13,0.0
60.0,0.01485,1.0,1.6106286393345216e-09,7.003840874287236,494.55495000050286,494.55495000050286,109807.76318497756,109807.7631849795,494.5549500005029,494.55495000050286,54903.88159248878,54903.881592489844,3.06954999206065e-13,0.0
60.0,0.014950000000000001,1.0,1.6106286393345216e-09,7.003840845066068,494.55495000050325,494.55495000050325,109807.76318498827,109807.76318498215,494.5549500005033,494.55495000050325,54903.88159249414,54903.88159249117,3.698159611997668e-13,0.0
60.0,0.015050000000000001,1.0,1.6106286393345216e-09,7.003840863842345,494.554950000504,494.554950000504,109807.76318497081,109807.76318498085,494.5549500005042,494.5549500005042,54903.881592485406,54903.88159249052,3.155916912434047e-13,0.0
60.0,0.01515,1.0,1.6106286393345216e-09,7.00384086187408,494.5549500005031,494.5549500005031,109807.76318497906,109807.76318498135,494.5549500005032,494.55495000050325,54903.88159248953,54903.88159249077,2.467251068349923e-13,0.0
60.0,0.01525,1.0,1.6106286393345216e-09,7.003840850165645,494.5549500005027,494.5549500005027,109807.76318497637,109807.76318497949,494.55495000050263,494.5549500005027,54903.881592488186,54903.88159248984,2.587940293141656e-13,0.0
60.0,0.01535,1.0,1.6106286393345216e-09,7.003840841189682,494.5549500005021,494.5549500005022,109807.76318497189,109807.76318498222,494.55495000050195,494.55495000050195,54903.881592485945,54903.881592491205,3.999596138612812e-13,0.0
60.0,0.01545,1.0,1.6106286393345216e-09,7.003840867845661,494.554950000502,494.554950000502,109807.76318497941,109807.76318498165,494.5549500005018,494.5549500005017,54903.881592489706,54903.88159249092,3.130183257403073e-13,0.0
60.0,0.015550000000000001,1.0,1.6106286393345216e-09,7.003840833726487,494.554950000502,494.554950000502,109807.76318497861,109807.76318498075,494.55495000050166,494.5549500005017,54903.881592489306,54903.88159249047,3.070124386278007e-13,0.0
60.0,0.01565,1.0,1.6106286393345216e-09,7.003840863655867,494.55495000050183,494.55495000050183,109807.76318497963,109807.7631849819,494.55495000050166,494.5549500005018,54903.881592489815,54903.881592491045,2.5278774515496494e-13,0.0
60.0,0.01575,1.0,1.6106286393345216e-09,7.003840850792279,494.554950000502,494.554950000502,109807.76318497868,109807.76318498065,494.5549500005021,494.554950000502,54903.88159248934,54903.88159249042,4.2532713890080424e-13,0.0
60.0,0.015850000000000003,1.0,1.6106286393345216e-09,7.003840849480417,494.5549500005021,494.5549500005022,109807.76318497956,109807.76318498152,494.55495000050223,494.55495000050223,54903.88159248978,54903.881592490856,2.7815529666426757e-13,0.0
60.0,0.01595,1.0,1.6106286393345216e-09,7.003840867286318,494.5549500005023,494.5549500005023,109807.76318497618,109807.7631849793,494.55495000050234,494.5549500005024,54903.88159248809,54903.88159248974,2.2264448954014456e-13,0.0
60.0,0.016050000000000002,1.0,1.6106286393345216e-09,7.003840863842332,494.5549500005027,494.5549500005027,109807.76318497969,109807.76318498165,494.55495000050286,494.5549500005029,54903.881592489844,54903.88159249092,2.6008054001214686e-13,0.0
60.0,0.016149999999999998,1.0,1.6106286393345216e-09,7.003840862041271,494.5549500005023,494.5549500005023,109807.76318498193,109807.76318498448,494.5549500005027,494.55495000050263,54903.881592490965,54903.88159249233,4.0853921058402003e-13,0.0
60.0,0.01625,1.0,1.6106286393345216e-09,7.00384087139426,494.5549500005024,494.5549500005023,109807.76318497515,109807.76318497826,494.5549500005027,494.55495000050263,54903.881592487574,54903.881592489226,3.289474155881349e-13,0.0
60.0,0.016350000000000003,1.0,1.6106286393345216e-09,7.003840847280528,494.5549500005027,494.55495000050274,109807.76318497103,109807.76318498109,494.55495000050286,494.5549500005029,54903.881592485515,54903.88159249064,2.600808841192817e-13,0.0
60.0,0.01645,1.0,1.6106286393345216e-09,7.0038408489606025,494.5549500005025,494.5549500005025,109807.76318497822,109807.76318498075,494.55495000050274,494.5549500005028,54903.88159248911,54903.88159249047,2.4200610099738137e-13,0.0
60.0,0.016550000000000002,1.0,1.6106286393345216e-09,7.0038408489606025,494.55495000050223,494.55495000050223,109807.76318497886,109807.76318498139,494.5549500005027,494.5549500005025,54903.88159248943,54903.88159249079,4.640507059224127e-13,0.0
60.0,0.016649999999999998,1.0,1.6106286393345216e-09,7.003841061525624,494.5549500005024,494.5549500005024,109807.76318497825,109807.7631849808,494.55495000050274,494.5549500005027,54903.881592489124,54903.88159249049,1.330146923748059e-13,0.0
60.0,0.01675,1.0,1.6106286393345216e-09,7.003840848138644,494.554950000502,494.554950000502,109807.76318497905,109807.76318498103,494.55495000050223,494.5549500005023,54903.881592489524,54903.88159249061,2.4200575689024655e-13,0.0
60.0,0.016850000000000004,1.0,1.6106286393345216e-09,7.003840856728848,494.5549500005013,494.5549500005013,109807.76318497834,109807.76318498088,494.55495000050166,494.55495000050155,54903.88159248917,54903.881592490536,4.2661399370592034e-13,0.0
60.0,0.01695,1.0,1.6106286393345216e-09,7.003840864319457,494.55495000050064,494.55495000050064,109807.76318497925,109807.7631849818,494.55495000050087,494.55495000050087,54903.881592489626,54903.881592490994,3.470221722402556e-13,0.0
60.0,0.017050000000000003,1.0,1.6106286393345216e-09,7.0038408409142665,494.5549500004989,494.55495000049893,109807.7631849779,109807.7631849796,494.5549500004991,494.55495000049916,54903.88159248895,54903.881592489895,3.155920088807599e-13,0.0
60.0,0.01715,1.0,1.6106286393345216e-09,7.003840880137186,494.55495000049376,494.55495000049376,109807.76318497732,109807.76318497937,494.554950000494,494.554950000494,54903.88159248866,54903.88159248978,3.155920088807599e-13,0.0
60.0,0.01725,1.0,1.6106286393345216e-09,7.003840874465462,494.5549500004794,494.5549500004794,109807.76318497487,109807.76318497684,494.55495000047966,494.5549500004795,54903.881592487436,54903.88159248851,4.1325856052876577e-13,0.0
60.0,0.01735,1.0,1.6106286393345216e-09,7.003840875429161,494.55495000043834,494.55495000043834,109807.76318496483,109807.76318496678,494.5549500004382,494.5549500004384,54903.881592482416,54903.881592483485,9.826640979333952e-14,0.0
60.0,0.01745,1.0,1.6106286393345216e-09,7.003840850251762,494.55495000032704,494.55495000032704,109807.76318493996,109807.76318494219,494.554950000327,494.554950000327,54903.88159246998,54903.88159247119,3.323799371975441e-13,0.0
60.0,0.017550000000000003,1.0,1.6106286393345216e-09,7.003840858058354,494.55495000003145,494.55495000003134,109807.7631848746,109807.7631848774,494.55495000003106,494.5549500000311,54903.8815924373,54903.881592438796,1.4648484557675423e-13,0.0
60.0,0.01765,1.0,1.6106286393345216e-09,7.0038408409329485,494.5549499992616,494.55494999926145,109807.76318470377,109807.76318470603,494.5549499992611,494.5549499992613,54903.881592351885,54903.88159235311,9.832361098705879e-14,0.0
60.0,0.017750000000000002,1.0,1.6106286393345216e-09,7.0038408633962055,494.5549499973105,494.5549499973105,109807.7631842695,109807.76318427175,494.5549499973102,494.5549499973103,54903.88159213475,54903.88159213597,2.1535137704560743e-13,0.0
60.0,0.017849999999999998,1.0,1.6106286393345216e-09,7.003840946041716,494.5549499924811,494.55494999248106,109807.76318319663,109807.76318319936,494.55494999248094,494.55494999248094,54903.881591598314,54903.88159159978,2.0065172905093989e-13,0.0
60.0,0.01795,1.0,1.6106286393345216e-09,7.0038408526407325,494.5549499808234,494.5549499808234,109807.76318060918,109807.76318061133,494.5549499808232,494.5549499808233,54903.88159030459,54903.88159030576,2.2135729062789365e-13,0.0
60.0,0.018050000000000004,1.0,1.6106286393345216e-09,7.003840869739094,494.55494995341047,494.55494995341064,109807.76317452172,109807.76317452395,494.55494995341024,494.5549499534104,54903.88158726086,54903.88158726207,3.130179551633929e-13,0.0
60.0,0.01815,1.0,1.6106286393345216e-09,7.003840876131777,494.5549498906872,494.5549498906872,109807.7631605908,109807.76316060108,494.55494989068717,494.55494989068717,54903.8815802954,54903.88158030064,3.00949403261134e-13,0.0
60.0,0.018250000000000002,1.0,1.6106286393345216e-09,7.0038408501467595,494.5549497512098,494.5549497512098,109807.76312962559,109807.76312962729,494.5549497512096,494.55494975120973,54903.88156481279,54903.88156481374,1.163408752778846e-13,0.0
60.0,0.018349999999999998,1.0,1.6106286393345216e-09,7.003840855563916,494.55494945016306,494.55494945016306,109807.76306278461,109807.76306278656,494.5549494501632,494.5549494501631,54903.881531392304,54903.881531393374,3.517412045476461e-13,0.0
60.0,0.01845,1.0,1.6106286393345216e-09,7.003840860071358,494.5549488203109,494.5549488203109,109807.76292293846,109807.7629229407,494.55494882031104,494.55494882031087,54903.88146146923,54903.881461470446,5.303435277810337e-13,0.0
60.0,0.018550000000000004,1.0,1.6106286393345216e-09,7.003840862327391,494.5549475447134,494.5549475447134,109807.76263971245,109807.7626397144,494.5549475447135,494.55494754471346,54903.88131985623,54903.8813198573,3.5174154865478093e-13,0.0
60.0,0.01865,1.0,1.6106286393345216e-09,7.003840861359471,494.55494504769285,494.55494504769274,109807.76208528888,109807.76208529084,494.55494504769297,494.55494504769285,54903.88104264444,54903.88104264552,2.7815529666426757e-13,0.0
60.0,0.018750000000000003,1.0,1.6106286393345216e-09,7.0038408427413845,494.55494033035086,494.55494033035086,109807.76103788377,109807.76103788572,494.5549403303509,494.5549403303509,54903.880518941885,54903.880518942955,3.276605078434596e-13,0.0
60.0,0.01885,1.0,1.6106286393345216e-09,7.003840850146753,494.55493174328785,494.55493174328774,109807.75913126508,109807.7591312668,494.55493174328774,494.55493174328774,54903.87956563254,54903.87956563349,1.7185202650914244e-13,0.0
60.0,0.01895,1.0,1.6106286393345216e-09,7.003840843043415,494.5549167068871,494.55491670688696,109807.7557926814,109807.75579268344,494.55491670688707,494.55491670688707,54903.8778963407,54903.877896341815,2.480686863777948e-13,0.0
60.0,0.01905,1.0,1.6106286393345216e-09,7.003840837271704,494.5548914224499,494.5548914224499,109807.75017868646,109807.75017868841,494.55489142245005,494.5548914224499,54903.87508934323,54903.8750893443,5.122686917195742e-13,0.0
60.0,0.01915,1.0,1.6106286393345216e-09,7.003840850165839,494.55485066417026,494.5548506641703,109807.74112898982,109807.74112899293,494.55485066417026,494.55485066417026,54903.87056449491,54903.87056449656,3.143051011360846e-13,0.0
60.0,0.019250000000000003,1.0,1.6106286393345216e-09,7.003840850792279,494.5547877907185,494.55478779071854,109807.72716897356,109807.72716897551,494.5547877907185,494.55478779071854,54903.86358448678,54903.86358448786,3.143047040893906e-13,0.0
60.0,0.01935,1.0,1.6106286393345216e-09,7.003840850165616,494.55469514034854,494.55469514034854,109807.70659749323,109807.70659748826,494.55469514034866,494.55469514034854,54903.85329874662,54903.85329874422,4.2532695361234703e-13,0.0
60.0,0.019450000000000002,1.0,1.6106286393345216e-09,7.003840876415678,494.55456493990397,494.5545649399039,109807.67768863113,109807.67768863334,494.5545649399038,494.55456493990386,54903.83884431556,54903.83884431676,1.8992651846346713e-13,0.0
60.0,0.019549999999999998,1.0,1.6106286393345216e-09,7.00384086187408,494.55439073726416,494.55439073726416,109807.63900980825,109807.63900981055,494.5543907372644,494.5543907372643,54903.819504904124,54903.819504905354,3.5774725047883033e-13,0.0
60.0,0.01965,1.0,1.6106286393345216e-09,7.003840867322468,494.55416916290926,494.55416916290926,109807.58981288107,109807.58981288277,494.5541691629093,494.55416916290943,54903.79490644053,54903.79490644147,1.9121374384549765e-13,0.0
60.0,0.019750000000000004,1.0,1.6106286393345216e-09,7.003840872587563,494.55390159871365,494.55390159871365,109807.53040466768,109807.53040466963,494.5539015987135,494.5539015987137,54903.76520233384,54903.7652023349,4.2754517408252844e-14,0.0
60.0,0.01985,1.0,1.6106286393345216e-09,7.003840876703884,494.55359519111045,494.55359519111045,109807.46237191622,109807.46237191818,494.5535951911105,494.55359519111056,54903.73118595811,54903.73118595919,2.6479933409152097e-13,0.0
60.0,0.019950000000000002,1.0,1.6106286393345216e-09,7.003840849877914,494.55326270570725,494.55326270570725,109807.38854903165,109807.38854902667,494.5532627057075,494.5532627057073,54903.69427451582,54903.69427451343,5.363483296325766e-13,0.0
80.0,5e-05,1.0,1.6106286393345216e-09,7.007852870259886,981.2769965259829,981.2769965259828,108938.17972430962,108938.17972430478,981.2769965259829,981.2769965259829,54469.08986215481,54469.08986215248,-1.4278225280606887e-12,0.0
80.0,0.00015000000000000001,1.0,1.6106286393345216e-09,7.007852854963181,981.2770360466326,981.2770360466332,108938.18411175317,108938.18411175635,981.2770360466341,981.2770360466334,54469.09205587659,54469.09205587828,-3.8759949733670966e-13,0.0
80.0,0.00025,1.0,1.6106286393345216e-09,7.007852872483113,981.2770732478888,981.2770732478889,108938.18824172593,108938.18824172059,981.2770732478892,981.2770732478892,54469.09412086297,54469.0941208604,-1.2587058091662469e-12,0.0
80.0,0.00035000000000000005,1.0,1.6106286393345216e-09,7.00785287293763,981.2771068897162,981.2771068897162,108938.19197652406,108938.19197652668,981.2771068897166,981.2771068897166,54469.09598826203,54469.095988263434,-1.2774893206369826e-12,0.0
80.0,0.00045,1.0,1.6106286393345216e-09,7.007852862405996,981.2771361269572,981.2771361269572,108938.1952223453,108938.19522234792,981.2771361269574,981.2771361269575,54469.09761117265,54469.09761117405,-1.3526560566977337e-12,0.0
80.0,0.00055,1.0,1.6106286393345216e-09,7.007852862405879,981.2771605571739,981.2771605571739,108938.19793450876,108938.19793451187,981.2771605571743,981.2771605571742,54469.09896725438,54469.09896725603,-1.2416337807049976e-12,0.0
80.0,0.00065,1.0,1.6106286393345216e-09,7.007852683629549,981.2771801952804,981.2771801952803,108938.20011467599,108938.20011467063,981.2771801952804,981.2771801952804,54469.100057338,54469.10005733539,-1.7933228299244153e-12,0.0
80.0,0.00075,1.0,1.6106286393345216e-09,7.007852861479341,981.2771953917442,981.2771953917442,108938.20180173437,108938.201801729,981.2771953917443,981.2771953917444,54469.10090086718,54469.10090086461,-1.4448949800384116e-12,0.0
80.0,0.0008500000000000001,1.0,1.6106286393345216e-09,7.007852856920522,981.277206720475,981.277206720475,108938.20305941284,108938.20305940743,981.2772067204752,981.2772067204752,54469.10152970642,54469.10152970384,-1.7540118190841064e-12,0.0
80.0,0.0009500000000000001,1.0,1.6106286393345216e-09,7.007852862421271,981.2772148632085,981.2772148632085,108938.20396339496,108938.20396339011,981.2772148632081,981.2772148632089,54469.10198169748,54469.10198169515,-2.146884493564168e-12,0.0
80.0,0.0010500000000000002,1.0,1.6106286393345216e-09,7.007852747965288,981.2772205111074,981.2772205111073,108938.20459040624,108938.20459040087,981.2772205111077,981.2772205111077,54469.10229520312,54469.10229520054,-1.8650341480164017e-12,0.0
80.0,0.00115,1.0,1.6106286393345216e-09,7.007852954439104,981.2772242948901,981.2772242948902,108938.20501046829,108938.20501046318,981.2772242948901,981.2772242948901,54469.10250523414,54469.10250523166,-7.685669649244346e-13,0.0
80.0,0.0012500000000000002,1.0,1.6106286393345216e-09,7.007852855711808,981.277226745615,981.2772267456144,108938.20528253414,108938.20528253757,981.2772267456139,981.2772267456147,54469.102641267076,54469.10264126886,-2.5568293553241566e-12,0.0
80.0,0.00135,1.0,1.6106286393345216e-09,7.0078528413414585,981.2772282816651,981.277228281665,108938.20545306352,108938.20545306266,981.277228281665,981.277228281665,54469.10272653176,54469.102726531375,-1.0076837571293927e-12,0.0
80.0,0.00145,1.0,1.6106286393345216e-09,7.007852862533889,981.277229214222,981.2772292142218,108938.2055565887,108938.20555659132,981.277229214223,981.2772292142222,54469.10277829436,54469.102778295746,-4.474055820665796e-13,0.0
80.0,0.0015500000000000002,1.0,1.6106286393345216e-09,7.007852868579287,981.2772297631564,981.277229763157,108938.20561753705,108938.2056175317,981.277229763157,981.277229763157,54469.10280876853,54469.10280876595,-7.429055988615531e-13,0.0
80.0,0.00165,1.0,1.6106286393345216e-09,7.007852872776713,981.2772300767392,981.2772300767398,108938.20565235218,108938.20565234733,981.2772300767402,981.2772300767401,54469.102826176095,54469.10282617377,-7.39450207362568e-13,0.0
80.0,0.0017500000000000003,1.0,1.6106286393345216e-09,7.00785286906201,981.2772302507519,981.2772302507519,108938.20567167082,108938.20567166546,981.2772302507519,981.277230250752,54469.102835835416,54469.10283583285,-1.665228393121532e-12,0.0
80.0,0.00185,1.0,1.6106286393345216e-09,7.007852884133121,981.2772303446374,981.2772303446375,108938.20568208619,108938.20568208522,981.2772303446371,981.2772303446371,54469.102841043095,54469.10284104266,-5.687611570900057e-13,0.0
80.0,0.00195,1.0,1.6106286393345216e-09,7.00785286773956,981.277230393931,981.2772303939312,108938.20568755838,108938.20568756101,981.2772303939312,981.2772303939312,54469.1028437792,54469.1028437806,-1.1869948087116157e-12,0.0
80.0,0.00205,1.0,1.6106286393345216e-09,7.0078528842248415,981.2772304191401,981.2772304191402,108938.20569035919,108938.2056903587,981.2772304191399,981.27723041914,54469.102845179594,54469.10284517941,-5.687611835597853e-13,0.0
80.0,0.00215,1.0,1.6106286393345216e-09,7.00785285274437,981.277230431708,981.277230431708,108938.20569175702,108938.20569175248,981.277230431708,981.277230431708,54469.102845878515,54469.1028458763,-8.96661454666877e-13,0.0
80.0,0.0022500000000000003,1.0,1.6106286393345216e-09,7.00785283583064,981.2772304378208,981.2772304378207,108938.20569242955,108938.2056924325,981.2772304378204,981.2772304378204,54469.10284621478,54469.10284621631,-1.2109448770534679e-12,0.0
80.0,0.00235,1.0,1.6106286393345216e-09,7.007852904161996,981.277230440723,981.277230440723,108938.2056927595,108938.20569275484,981.2772304407227,981.2772304407227,54469.102846379756,54469.10284637749,-8.249501630446703e-13,0.0
80.0,0.00245,1.0,1.6106286393345216e-09,7.007852902747832,981.2772304420699,981.2772304420698,108938.20569290804,108938.20569290269,981.2772304420699,981.2772304420698,54469.10284645403,54469.102846451446,-1.2809449238942045e-12,0.0
80.0,0.00255,1.0,1.6106286393345216e-09,7.007852869733943,981.2772304426809,981.277230442681,108938.2056929702,108938.20569297363,981.2772304426811,981.277230442681,54469.102846485104,54469.102846486894,-8.027113394842882e-13,0.0
80.0,0.0026500000000000004,1.0,1.6106286393345216e-09,7.007852810648591,981.2772304429516,981.2772304429515,108938.20569300257,108938.20569299805,981.2772304429511,981.277230442951,54469.10284650129,54469.10284649915,-2.052967280317624e-12,0.0
80.0,0.00275,1.0,1.6106286393345216e-09,7.007852884184254,981.2772304430674,981.277230443068,108938.20569301055,108938.20569301391,981.2772304430678,981.2772304430678,54469.10284650528,54469.10284650705,-5.260276037471974e-13,0.0
80.0,0.00285,1.0,1.6106286393345216e-09,7.007852953904358,981.2772304431181,981.2772304431181,108938.20569302057,108938.2056930237,981.2772304431181,981.2772304431181,54469.10284651029,54469.10284651191,-5.1237795896977e-13,0.0
80.0,0.0029500000000000004,1.0,1.6106286393345216e-09,7.007852899695817,981.2772304431396,981.2772304431395,108938.20569302532,108938.20569302076,981.2772304431392,981.277230443139,54469.102846512666,54469.10284651051,-1.6686837846205171e-12,0.0
80.0,0.00305,1.0,1.6106286393345216e-09,7.007852861674107,981.2772304431486,981.2772304431486,108938.20569302712,108938.20569302203,981.2772304431472,981.2772304431484,54469.10284651357,54469.10284651115,-3.2178293563455015e-12,0.0
80.0,0.00315,1.0,1.6106286393345216e-09,7.007852841304931,981.2772304431536,981.2772304431529,108938.20569302257,108938.20569302648,981.2772304431523,981.2772304431523,54469.10284651129,54469.10284651332,-2.0069173282885193e-12,0.0
80.0,0.0032500000000000003,1.0,1.6106286393345216e-09,7.007852831120908,981.2772304431553,981.2772304431552,108938.2056930301,108938.20569302548,981.2772304431545,981.2772304431545,54469.10284651506,54469.10284651282,-1.323711299763719e-12,0.0
80.0,0.00335,1.0,1.6106286393345216e-09,7.0078528871885055,981.2772304431554,981.2772304431555,108938.20569302882,108938.2056930242,981.2772304431544,981.2772304431552,54469.10284651442,54469.10284651218,-1.6021063067520595e-12,0.0
80.0,0.00345,1.0,1.6106286393345216e-09,7.007852895250434,981.2772304431567,981.277230443156,108938.20569302794,108938.20569302341,981.2772304431566,981.2772304431559,54469.102846513975,54469.10284651181,-1.5012782310982065e-12,0.0
80.0,0.00355,1.0,1.6106286393345216e-09,7.007852786302843,981.2772304431564,981.2772304431564,108938.20569302885,108938.20569302407,981.2772304431564,981.2772304431563,54469.10284651443,54469.102846512134,-1.793322909333754e-12,0.0
80.0,0.0036500000000000005,1.0,1.6106286393345216e-09,7.007852884224823,981.2772304431569,981.2772304431568,108938.20569302203,108938.20569302532,981.2772304431564,981.2772304431566,54469.102846511014,54469.10284651272,-7.908057884848166e-13,0.0
80.0,0.00375,1.0,1.6106286393345216e-09,7.007852906817435,981.2772304431575,981.2772304431574,108938.20569302897,108938.2056930236,981.2772304431576,981.2772304431576,54469.10284651449,54469.102846511916,-1.4448950329779708e-12,0.0
80.0,0.00385,1.0,1.6106286393345216e-09,7.007852869153301,981.2772304431581,981.2772304431581,108938.20569302309,108938.20569302572,981.2772304431581,981.277230443158,54469.10284651155,54469.10284651294,-1.1528504606215416e-12,0.0
80.0,0.00395,1.0,1.6106286393345216e-09,7.007852855249745,981.2772304431559,981.277230443156,108938.20569302852,108938.20569302373,981.2772304431561,981.2772304431562,54469.102846514266,54469.10284651194,-9.495892612881277e-13,0.0
80.0,0.00405,1.0,1.6106286393345216e-09,7.007852875427074,981.2772304431552,981.2772304431551,108938.2056930278,108938.20569302324,981.2772304431535,981.2772304431543,54469.10284651391,54469.10284651174,-2.468078698948729e-12,0.0
80.0,0.004150000000000001,1.0,1.6106286393345216e-09,7.007852845746473,981.2772304431533,981.2772304431533,108938.20569302312,108938.20569302647,981.2772304431527,981.2772304431527,54469.10284651157,54469.10284651329,-9.923556636274217e-13,0.0
80.0,0.00425,1.0,1.6106286393345216e-09,7.0078528844016486,981.2772304431514,981.2772304431514,108938.20569302636,108938.20569302577,981.2772304431512,981.2772304431511,54469.10284651318,54469.10284651292,-3.125722040749003e-13,0.0
80.0,0.00435,1.0,1.6106286393345216e-09,7.007852884465235,981.2772304431502,981.2772304431502,108938.20569302677,108938.20569302217,981.27723044315,981.2772304431498,54469.10284651339,54469.10284651121,-1.5935171014993252e-12,0.0
80.0,0.004450000000000001,1.0,1.6106286393345216e-09,7.00785283970628,981.2772304431492,981.2772304431493,108938.20569302439,108938.2056930274,981.2772304431484,981.2772304431485,54469.1028465122,54469.10284651378,-1.1768333779598795e-12,0.0
80.0,0.00455,1.0,1.6106286393345216e-09,7.007852856758583,981.2772304431501,981.27723044315,108938.20569302006,108938.20569302299,981.2772304431492,981.2772304431492,54469.10284651004,54469.10284651158,-1.3066391389535717e-12,0.0
80.0,0.00465,1.0,1.6106286393345216e-09,7.007852858833729,981.2772304431501,981.2772304431502,108938.20569302607,108938.20569302097,981.2772304431501,981.2772304431501,54469.102846513044,54469.10284651061,-1.665228393121532e-12,0.0
80.0,0.004750000000000001,1.0,1.6106286393345216e-09,7.007852884177615,981.2772304431506,981.2772304431506,108938.20569302523,108938.20569302829,981.2772304431511,981.2772304431503,54469.10284651262,54469.10284651422,-2.8691083801201886e-13,0.0
80.0,0.00485,1.0,1.6106286393345216e-09,7.007852841687731,981.2772304431506,981.2772304431506,108938.20569302843,108938.20569302388,981.2772304431505,981.2772304431505,54469.10284651422,54469.10284651203,-1.3731837678255436e-12,0.0
80.0,0.0049499999999999995,1.0,1.6106286393345216e-09,7.0078529580111955,981.2772304431495,981.2772304431506,108938.20569302568,108938.20569302033,981.2772304431511,981.2772304431511,54469.10284651285,54469.10284651032,-6.796444932096124e-13,0.0
80.0,0.005050000000000001,1.0,1.6106286393345216e-09,7.007852867979262,981.2772304431509,981.277230443151,108938.20569302951,108938.20569302524,981.2772304431518,981.2772304431518,54469.10284651476,54469.102846512775,-1.89572315754705e-12,0.0
80.0,0.00515,1.0,1.6106286393345216e-09,7.007852837723221,981.2772304431497,981.2772304431497,108938.20569301781,108938.2056930208,981.2772304431508,981.2772304431508,54469.10284650891,54469.10284651052,-1.8222677721468873e-12,0.0
80.0,0.00525,1.0,1.6106286393345216e-09,7.007852881734025,981.2772304431479,981.2772304431485,108938.2056930314,108938.20569302574,981.2772304431506,981.2772304431501,54469.10284651571,54469.10284651294,2.990943746368675e-13,0.0
80.0,0.005350000000000001,1.0,1.6106286393345216e-09,7.007852920315332,981.2772304431483,981.2772304431483,108938.20569302798,108938.2056930232,981.2772304431498,981.27723044315,54469.102846514,54469.10284651173,-1.470384557231678e-12,0.0
80.0,0.00545,1.0,1.6106286393345216e-09,7.00785287702721,981.2772304431478,981.2772304431478,108938.20569302973,108938.20569302546,981.2772304431494,981.2772304431494,54469.10284651487,54469.10284651284,-1.323506608958059e-12,0.0
80.0,0.00555,1.0,1.6106286393345216e-09,7.007852848738921,981.2772304431472,981.2772304431472,108938.20569302786,108938.20569302302,981.2772304431483,981.2772304431483,54469.10284651394,54469.10284651165,-2.1143123974428756e-12,0.0
80.0,0.0056500000000000005,1.0,1.6106286393345216e-09,7.007852957790563,981.2772304431438,981.2772304431436,108938.20569302297,108938.20569302585,981.2772304431443,981.2772304431443,54469.102846511494,54469.102846513,-1.0588674699726875e-12,0.0
80.0,0.00575,1.0,1.6106286393345216e-09,7.007852907095014,981.2772304431294,981.2772304431294,108938.20569302994,108938.2056930246,981.2772304431295,981.2772304431295,54469.10284651498,54469.10284651242,-1.5729895227204133e-12,0.0
80.0,0.00585,1.0,1.6106286393345216e-09,7.007852765638,981.2772304430805,981.2772304430804,108938.20569302097,108938.20569302326,981.277230443081,981.277230443081,54469.10284651049,54469.10284651173,-1.808650949896166e-12,0.0
80.0,0.00595,1.0,1.6106286393345216e-09,7.007852847337156,981.2772304429338,981.2772304429344,108938.20569302926,108938.20569302472,981.2772304429344,981.2772304429344,54469.10284651464,54469.10284651243,-5.977389218391838e-13,0.0
80.0,0.00605,1.0,1.6106286393345216e-09,7.007852839210755,981.2772304425047,981.2772304425048,108938.20569303217,108938.20569302706,981.277230442505,981.277230442505,54469.10284651609,54469.10284651358,-9.85444907099231e-13,0.0
80.0,0.006150000000000001,1.0,1.6106286393345216e-09,7.0078528622967875,981.2772304412659,981.2772304412659,108938.2056930298,108938.20569302994,981.277230441266,981.2772304412663,54469.10284651491,54469.102846515,-5.670170633120499e-13,0.0
80.0,0.00625,1.0,1.6106286393345216e-09,7.007852882750525,981.277230437752,981.277230437752,108938.2056930433,108938.20569303818,981.2772304377523,981.2772304377523,54469.10284652166,54469.10284651916,-7.651115734254494e-13,0.0
80.0,0.00635,1.0,1.6106286393345216e-09,7.00785287274155,981.2772304279465,981.2772304279465,108938.2056930549,108938.20569305005,981.2772304279472,981.2772304279472,54469.10284652746,54469.102846525166,-1.878650970267123e-12,0.0
80.0,0.006450000000000001,1.0,1.6106286393345216e-09,7.007852883975752,981.2772304009903,981.2772304009904,108938.20569310719,108938.2056931024,981.2772304009906,981.2772304009906,54469.1028465536,54469.102846551345,-1.7181562262125622e-12,0.0
80.0,0.00655,1.0,1.6106286393345216e-09,7.007852861325869,981.2772303280564,981.2772303280564,108938.20569323313,108938.20569322872,981.2772303280564,981.2772303280569,54469.10284661657,54469.10284661448,-2.1246456964735657e-12,0.0
80.0,0.00665,1.0,1.6106286393345216e-09,7.007852963803973,981.277230133845,981.2772301338448,108938.20569358346,108938.20569357861,981.2772301338455,981.2772301338454,54469.102846791735,54469.10284678948,-2.1929344720630526e-12,0.0
80.0,0.006750000000000001,1.0,1.6106286393345216e-09,7.007852874045818,981.2772296251204,981.2772296251202,108938.20569448953,108938.20569448474,981.2772296251211,981.2772296251211,54469.10284724477,54469.1028472425,-2.0084567577305948e-12,0.0
80.0,0.00685,1.0,1.6106286393345216e-09,7.007852869311531,981.2772283149327,981.2772283149327,108938.2056968314,108938.20569682548,981.2772283149327,981.2772283149327,54469.10284841571,54469.10284841288,-1.7933229358035337e-12,0.0
80.0,0.0069500000000000004,1.0,1.6106286393345216e-09,7.007852861868487,981.2772249989874,981.2772249989874,108938.2057027568,108938.20570275169,981.2772249989873,981.2772249989873,54469.102851378404,54469.10285137598,-1.7574674223413283e-12,0.0
80.0,0.007050000000000001,1.0,1.6106286393345216e-09,7.007852853549159,981.2772167562415,981.2772167562414,108938.20571748102,108938.20571747648,981.2772167562412,981.2772167562412,54469.102858740516,54469.10285873838,-1.8326343436905366e-12,0.0
80.0,0.00715,1.0,1.6106286393345216e-09,7.007852793326783,981.2771966428297,981.27719664283,108938.20575341904,108938.20575341424,981.2771966428302,981.2771966428302,54469.10287670952,54469.10287670723,-1.5148960592005527e-12,0.0
80.0,0.00725,1.0,1.6106286393345216e-09,7.0078528599738785,981.2771484927046,981.2771484927046,108938.20583943577,108938.20583943096,981.2771484927046,981.2771484927046,54469.10291971789,54469.10291971564,-2.0495148004943953e-12,0.0
80.0,0.007350000000000001,1.0,1.6106286393345216e-09,7.007852848938081,981.2770354753443,981.2770354753443,108938.20604135182,108938.20604134702,981.2770354753446,981.2770354753446,54469.10302067591,54469.103020673596,-1.1135433408388342e-12,0.0
80.0,0.00745,1.0,1.6106286393345216e-09,7.007852995373876,981.2767755454553,981.2767755454553,108938.20650572097,108938.20650572414,981.2767755454554,981.2767755454554,54469.103252860485,54469.10325286216,-6.763331767209994e-13,0.0
80.0,0.00755,1.0,1.6106286393345216e-09,7.007852657799151,981.2761901535895,981.2761901535895,108938.2075515673,108938.2075515624,981.2761901535895,981.2761901535894,54469.10377578365,54469.103775781325,-2.690033359562674e-12,0.0
80.0,0.0076500000000000005,1.0,1.6106286393345216e-09,7.007852842339088,981.2749000604471,981.274900060447,108938.20985639442,108938.20985638976,981.2749000604467,981.2749000604467,54469.104928197215,54469.10492819499,-1.7233855694008939e-12,0.0
80.0,0.00775,1.0,1.6106286393345216e-09,7.00785278496448,981.2721198858457,981.2721198858463,108938.2148233263,108938.21482332959,981.2721198858469,981.2721198858463,54469.10741166315,54469.10741166487,5.120809151030797e-14,0.0
80.0,0.007850000000000001,1.0,1.6106286393345216e-09,7.007852800616262,981.2662655130015,981.2662655130013,108938.22528251127,108938.22528250582,981.2662655130016,981.2662655130017,54469.11264125564,54469.112641252985,-1.0983260498342759e-12,0.0
80.0,0.00795,1.0,1.6106286393345216e-09,7.007852757611037,981.2542286166197,981.2542286166197,108938.24678711974,108938.24678711443,981.2542286166195,981.2542286166196,54469.12339355987,54469.12339355737,-1.7410656881089329e-12,0.0
80.0,0.00805,1.0,1.6106286393345216e-09,7.007852450459257,981.2300834121946,981.2300834121947,108938.28992392018,108938.28992392235,981.2300834121933,981.2300834121946,54469.14496196009,54469.14496196129,-2.9988705718566564e-12,0.0
80.0,0.008150000000000001,1.0,1.6106286393345216e-09,7.007852155095077,981.1828690823752,981.1828690823754,108938.374275056,108938.37427504976,981.1828690823754,981.1828690823753,54469.187137528,54469.18713752498,-8.044042142387148e-13,0.0
80.0,0.00825,1.0,1.6106286393345216e-09,7.007851357379742,981.0929450059559,981.0929450059559,108938.53492960917,108938.53492960962,981.0929450059557,981.0929450059557,54469.267464804594,54469.26746480492,-1.3602437248996785e-12,0.0
80.0,0.00835,1.0,1.6106286393345216e-09,7.007849902489575,980.9262744871587,980.9262744871587,108938.83269613644,108938.83269613335,980.9262744871578,980.9262744871578,54469.41634806822,54469.41634806677,-1.388747760003325e-12,0.0
80.0,0.008450000000000001,1.0,1.6106286393345216e-09,7.007847420397257,980.6259206132311,980.6259206132311,108939.36929568648,108939.36929568615,980.6259206132299,980.6259206132299,54469.68464784324,54469.68464784317,-1.3776158677220518e-12,0.0
80.0,0.00855,1.0,1.6106286393345216e-09,7.007842985051755,980.1001443117692,980.1001443117692,108940.30862544979,108940.30862544793,980.100144311769,980.100144311769,54470.154312724895,54470.15431272406,-1.513204454995547e-12,0.0
80.0,0.008650000000000001,1.0,1.6106286393345216e-09,7.007835549851599,979.206929552694,979.2069295526934,108941.90440524687,108941.90440525327,979.206929552693,979.206929552693,54470.95220262344,54470.95220262673,-1.788957327993385e-12,0.0
80.0,0.00875,1.0,1.6106286393345216e-09,7.007823204847731,977.7356821763171,977.7356821763171,108944.53287374788,108944.53287374461,977.7356821763169,977.7356821763168,54472.26643687394,54472.2664368724,-1.288325598419664e-12,0.0
80.0,0.00885,1.0,1.6106286393345216e-09,7.007803533647794,975.3883494496138,975.3883494496137,108948.72651936839,108948.72651936366,975.3883494496121,975.3883494496134,54474.36325968419,54474.363259681944,-3.2072984604100848e-12,0.0
80.0,0.00895,1.0,1.6106286393345216e-09,7.007773209614861,971.7641983564521,971.7641983564521,108955.20127480083,108955.20127480628,971.7641983564521,971.7641983564515,54477.600637400414,54477.60063740325,-1.053544741401921e-12,0.0
80.0,0.00905,1.0,1.6106286393345216e-09,7.007727978112434,966.3545748886025,966.354574888602,108964.86587987047,108964.86587986858,966.354574888602,966.354574888602,54482.432939935235,54482.4329399344,-2.3257573908846442e-12,0.0
80.0,0.00915,1.0,1.6106286393345216e-09,7.007662747576863,958.5553702958301,958.5553702958301,108978.79960975272,108978.79960975397,958.5553702958309,958.5553702958304,54489.39980487636,54489.39980487709,-1.1464338419389555e-12,0.0
80.0,0.009250000000000001,1.0,1.6106286393345216e-09,7.007571996015249,947.7045800655147,947.7045800655147,108998.1851738012,108998.1851737973,947.7045800655145,947.7045800655145,54499.0925869006,54499.092586898754,1.8802257368649667e-12,0.0
80.0,0.00935,1.0,1.6106286393345216e-09,7.007450525787104,933.149230306339,933.1492303063388,109024.18914760486,109024.18914760016,933.1492303063387,933.1492303063386,54512.09457380243,54512.09457380019,-5.991663841135441e-13,0.0
80.0,0.00945,1.0,1.6106286393345216e-09,7.007293549434162,914.3396246689144,914.3396246689148,109057.79359547792,109057.79359547816,914.3396246689146,914.3396246689144,54528.89679773896,54528.89679773918,-1.7882638991771594e-13,0.0
80.0,0.00955,1.0,1.6106286393345216e-09,7.007098637702864,890.9400800191509,890.9400800191507,109099.5982347404,109099.5982347452,890.9400800191504,890.9400800191503,54549.7991173702,54549.7991173727,5.985623437430334e-13,0.0
80.0,0.00965,1.0,1.6106286393345216e-09,7.006865719619764,862.9363114084974,862.9363114084974,109149.62858629765,109149.62858629842,862.9363114084975,862.9363114084971,54574.814293148826,54574.81429314932,4.998066665435361e-13,0.0
80.0,0.00975,1.0,1.6106286393345216e-09,7.006598253894714,830.7137783087384,830.713778308738,109207.19600450472,109207.19600450087,830.7137783087371,830.7137783087378,54603.59800225236,54603.59800225055,-1.3227611934946956e-12,0.0
80.0,0.009850000000000001,1.0,1.6106286393345216e-09,7.006303071434228,795.0819839616097,795.0819839616097,109270.85426501514,109270.85426501466,795.0819839616092,795.0819839616094,54635.42713250757,54635.42713250743,-9.018523107956678e-13,0.0
80.0,0.00995,1.0,1.6106286393345216e-09,7.005990270384071,757.2286450744704,757.2286450744703,109338.4814432764,109338.48144327807,757.2286450744701,757.2286450744698,54669.2407216382,54669.24072163914,1.0865871525671765e-12,0.0
80.0,0.01005,1.0,1.6106286393345216e-09,7.005671889783715,718.6035353691994,718.6035353691993,109407.4874347343,109407.48743473073,718.6035353691992,718.6035353691992,54703.74371736715,54703.74371736546,2.4018220083392645e-13,0.0
80.0,0.010150000000000001,1.0,1.6106286393345216e-09,7.005360620315487,680.7501964820584,680.7501964820585,109475.11461299438,109475.11461299218,680.7501964820585,680.7501964820584,54737.55730649719,54737.55730649621,5.655699869310047e-13,0.0
80.0,0.01025,1.0,1.6106286393345216e-09,7.005068360554939,645.1184021349293,645.1184021349293,109538.77287351045,109538.77287350417,645.1184021349292,645.1184021349292,54769.38643675522,54769.38643675219,3.227701895922665e-13,0.0
80.0,0.010350000000000002,1.0,1.6106286393345216e-09,7.004804602546137,612.8958690351692,612.8958690351692,109596.34029170929,109596.34029170989,612.895869035169,612.8958690351692,54798.170145854645,54798.17014585503,2.618533535009705e-13,0.0
80.0,0.010450000000000001,1.0,1.6106286393345216e-09,7.004575893516324,584.8921004245155,584.8921004245155,109646.3706432487,109646.37064325703,584.8921004245153,584.8921004245153,54823.18532162435,54823.185321628596,-2.1740792010198167e-13,0.0
80.0,0.01055,1.0,1.6106286393345216e-09,7.004385075350796,561.4925557747517,561.4925557747517,109688.17528253581,109688.17528253097,561.4925557747516,561.4925557747516,54844.087641267906,54844.08764126557,3.37173376055395e-14,0.0
80.0,0.01065,1.0,1.6106286393345216e-09,7.004231897265064,542.6829501373279,542.6829501373278,109721.77973040122,109721.77973040463,542.6829501373276,542.6829501373276,54860.88986520061,54860.88986520242,2.3795950697099236e-13,0.0
80.0,0.010750000000000001,1.0,1.6106286393345216e-09,7.004113529237676,528.1276003781527,528.1276003781527,109747.78370420633,109747.78370421004,528.1276003781526,528.1276003781526,54873.89185210317,54873.891852105124,-3.506581405756835e-13,0.0
80.0,0.01085,1.0,1.6106286393345216e-09,7.004025378791739,517.2768101478378,517.2768101478378,109767.1692682543,109767.16926825275,517.2768101478379,517.2768101478376,54883.58463412715,54883.58463412648,2.1545580032613612e-14,0.0
80.0,0.010950000000000001,1.0,1.6106286393345216e-09,7.003961973586162,509.4776055550665,509.47760555506653,109781.10299813643,109781.10299813809,509.47760555506636,509.47760555506653,54890.55149906821,54890.55149906914,-1.3438940037842004e-13,0.0
80.0,0.01105,1.0,1.6106286393345216e-09,7.003918047430048,504.067982087218,504.06798208721807,109790.767603203,109790.76760320086,504.067982087218,504.067982087218,54895.3838016015,54895.383801600525,9.583590169075251e-14,0.0
80.0,0.01115,1.0,1.6106286393345216e-09,7.003888635959092,500.4438309940575,500.4438309940576,109797.24235864932,109797.24235864192,500.44383099405775,500.4438309940576,54898.62117932466,54898.62117932104,3.6376579014598656e-13,0.0
80.0,0.01125,1.0,1.6106286393345216e-09,7.0038695807276135,498.0964982673533,498.0964982673533,109801.43600426598,109801.43600426345,498.0964982673532,498.0964982673532,54900.71800213299,54900.71800213182,2.903244072592333e-13,0.0
80.0,0.01135,1.0,1.6106286393345216e-09,7.003857646819012,496.62525089097704,496.62525089097704,109804.06447274647,109804.06447275315,496.62525089097693,496.625250890977,54902.032236373234,54902.03223637666,2.5447127607719207e-13,0.0
80.0,0.01145,1.0,1.6106286393345216e-09,7.003850393642078,495.7320361318997,495.7320361318997,109805.66025255452,109805.66025256124,495.73203613189946,495.7320361318995,54902.83012627726,54902.83012628071,2.1151423838520664e-13,0.0
80.0,0.011550000000000001,1.0,1.6106286393345216e-09,7.003846164530408,495.2062598304361,495.2062598304361,109806.59958231905,109806.59958231763,495.206259830436,495.2062598304359,54903.29979115952,54903.299791158905,3.7867841398732936e-13,0.0
80.0,0.01165,1.0,1.6106286393345216e-09,7.003843699022327,494.9059059565074,494.90590595650747,109807.13618187662,109807.13618187339,494.9059059565071,494.9059059565071,54903.5680909383,54903.56809093679,3.2274205221654987e-13,0.0
80.0,0.01175,1.0,1.6106286393345216e-09,7.0038423613875,494.73923543770934,494.73923543770934,109807.43394839628,109807.43394839515,494.7392354377089,494.73923543770894,54903.71697419814,54903.716974197676,2.6474954443609017e-13,0.0
80.0,0.01185,1.0,1.6106286393345216e-09,7.003841612596019,494.64931136128706,494.64931136128706,109807.59460295613,109807.59460295629,494.6493113612869,494.6493113612869,54903.797301478065,54903.79730147824,2.926958083439697e-13,0.0
80.0,0.01195,1.0,1.6106286393345216e-09,7.003841247948237,494.6020970314659,494.6020970314659,109807.67895408196,109807.67895408458,494.60209703146563,494.60209703146563,54903.83947704098,54903.83947704239,3.612877952587941e-13,0.0
80.0,0.012050000000000002,1.0,1.6106286393345216e-09,7.003841042349283,494.5779518270393,494.5779518270393,109807.72209088948,109807.72209089098,494.577951827039,494.57795182703916,54903.86104544474,54903.86104544558,1.278621115473192e-13,0.0
80.0,0.012150000000000001,1.0,1.6106286393345216e-09,7.003840936981407,494.56591493065656,494.56591493065656,109807.74359549816,109807.74359549987,494.5659149306566,494.5659149306565,54903.87179774908,54903.871797750035,4.745450206224198e-13,0.0
80.0,0.01225,1.0,1.6106286393345216e-09,7.00384089149194,494.5600605578121,494.56006055781205,109807.75405467312,109807.75405467603,494.5600605578121,494.56006055781205,54903.87702733656,54903.87702733811,3.456013803503549e-13,0.0
80.0,0.01235,1.0,1.6106286393345216e-09,7.00384086892149,494.55728038321246,494.55728038321246,109807.75902161523,109807.75902161741,494.55728038321246,494.55728038321246,54903.879510807616,54903.8795108088,2.828243540277701e-13,0.0
80.0,0.012450000000000001,1.0,1.6106286393345216e-09,7.003840879407217,494.5559902900717,494.5559902900714,109807.76132644196,109807.76132644409,494.5559902900716,494.5559902900717,54903.88066322098,54903.88066322213,-4.8928011165197405e-14,0.0
80.0,0.01255,1.0,1.6106286393345216e-09,7.003840868039971,494.5554048982063,494.5554048982063,109807.76237227781,109807.76237228015,494.5554048982066,494.5554048982064,54903.881186138904,54903.88118614017,3.951737188906168e-13,0.0
80.0,0.012650000000000002,1.0,1.6106286393345216e-09,7.003840878852807,494.55514496831717,494.55514496831717,109807.76283665907,109807.76283666205,494.5551449683172,494.55514496831734,54903.88141832953,54903.88141833112,1.9120948221098178e-13,0.0
80.0,0.012750000000000001,1.0,1.6106286393345216e-09,7.003841001402223,494.55503195095747,494.55503195095747,109807.76303856187,109807.7630385722,494.55503195095747,494.5550319509574,54903.881519280934,54903.881519286195,2.6216784095241827e-13,0.0
80.0,0.01285,1.0,1.6106286393345216e-09,7.003840843916587,494.55498380083145,494.5549838008314,109807.76312459243,109807.7631245952,494.5549838008315,494.55498380083134,54903.881562296214,54903.8815622977,4.434011014595369e-13,0.0
80.0,0.01295,1.0,1.6106286393345216e-09,7.003840869200673,494.55496368742047,494.55496368742047,109807.76316051891,109807.76316052921,494.55496368742024,494.5549636874203,54903.881580259454,54903.8815802647,2.3943172964265914e-13,0.0
80.0,0.01305,1.0,1.6106286393345216e-09,7.003840847121919,494.5549554446754,494.55495544467544,109807.76317525275,109807.76317525496,494.5549554446753,494.5549554446753,54903.881587626376,54903.88158762758,3.190237628665607e-13,0.0
80.0,0.01315,1.0,1.6106286393345216e-09,7.003840842967821,494.5549521287314,494.5549521287313,109807.76318117756,109807.76318117979,494.55495212873126,494.55495212873126,54903.88159058878,54903.88159058999,3.0829886991644317e-13,0.0
80.0,0.013250000000000001,1.0,1.6106286393345216e-09,7.003840856190923,494.55495081854593,494.55495081854593,109807.76318351673,109807.7631835201,494.55495081854565,494.55495081854565,54903.88159175836,54903.881591760146,3.3109305592264843e-13,0.0
80.0,0.01335,1.0,1.6106286393345216e-09,7.003840843530334,494.5549503098241,494.5549503098241,109807.76318442562,109807.76318442807,494.55495030982377,494.55495030982377,54903.88159221281,54903.88159221413,2.755815870540354e-13,0.0
80.0,0.01345,1.0,1.6106286393345216e-09,7.003840900699033,494.5549501156141,494.5549501156141,109807.7631847761,109807.76318477771,494.5549501156138,494.5549501156138,54903.88159238805,54903.88159238895,2.996622572884423e-13,0.0
80.0,0.01355,1.0,1.6106286393345216e-09,7.003840850101052,494.55495004268204,494.55495004268204,109807.76318490188,109807.76318490425,494.55495004268204,494.5549500426819,54903.88159245094,54903.88159245222,4.193211988487384e-13,0.0
80.0,0.01365,1.0,1.6106286393345216e-09,7.0038408340478355,494.55495001572774,494.55495001572774,109807.76318495249,109807.76318495473,494.55495001572757,494.55495001572757,54903.881592476246,54903.88159247746,3.263740500850375e-13,0.0
80.0,0.013750000000000002,1.0,1.6106286393345216e-09,7.003840850166302,494.5549500059196,494.5549500059196,109807.76318496828,109807.76318497083,494.5549500059195,494.5549500059196,54903.88159248414,54903.88159248551,2.58794002844386e-13,0.0
80.0,0.013850000000000001,1.0,1.6106286393345216e-09,7.003840869872656,494.55495000240455,494.55495000240455,109807.76318497914,109807.7631849811,494.55495000240455,494.55495000240467,54903.88159248957,54903.881592490645,2.4071924619226527e-13,0.0
80.0,0.01395,1.0,1.6106286393345216e-09,7.0038408500311204,494.5549500011621,494.5549500011621,109807.76318498606,109807.76318497982,494.55495000116224,494.5549500011622,54903.88159249303,54903.881592490005,4.2532713890080424e-13,0.0
80.0,0.01405,1.0,1.6106286393345216e-09,7.003840852609553,494.5549500007293,494.5549500007293,109807.76318497857,109807.7631849808,494.5549500007293,494.55495000072926,54903.881592489284,54903.88159249049,3.8789108842880195e-13,0.0
80.0,0.014150000000000001,1.0,1.6106286393345216e-09,7.003840870858248,494.5549500005807,494.5549500005807,109807.76318498177,109807.76318498323,494.55495000058073,494.55495000058073,54903.881592490885,54903.88159249171,2.962300533163883e-13,0.0
80.0,0.01425,1.0,1.6106286393345216e-09,7.003840864031017,494.55495000053,494.55495000053,109807.76318496998,109807.76318498,494.55495000052986,494.55495000052997,54903.88159248499,54903.88159249009,2.2135729062789365e-13,0.0
80.0,0.014350000000000002,1.0,1.6106286393345216e-09,7.003840842944156,494.55495000051286,494.55495000051286,109807.76318497921,109807.7631849815,494.55495000051303,494.5549500005129,54903.881592489604,54903.88159249084,4.0725269988603876e-13,0.0
80.0,0.014450000000000001,1.0,1.6106286393345216e-09,7.003840850792254,494.5549500005074,494.55495000050735,109807.76318497323,109807.76318498327,494.5549500005074,494.55495000050735,54903.881592486614,54903.88159249173,3.143048364382886e-13,0.0
80.0,0.01455,1.0,1.6106286393345216e-09,7.003840853653875,494.5549500005057,494.5549500005057,109807.76318498117,109807.76318498341,494.5549500005055,494.55495000050564,54903.88159249059,54903.8815924918,2.2135729062789365e-13,0.0
80.0,0.01465,1.0,1.6106286393345216e-09,7.003840850165645,494.5549500005053,494.5549500005053,109807.76318497768,109807.7631849808,494.5549500005053,494.5549500005053,54903.88159248884,54903.88159249049,3.143051805454234e-13,0.0
80.0,0.014750000000000001,1.0,1.6106286393345216e-09,7.003840863882896,494.5549500005058,494.55495000050576,109807.76318497959,109807.76318498155,494.55495000050604,494.5549500005058,54903.88159248979,54903.88159249087,5.363494148935403e-13,0.0
80.0,0.01485,1.0,1.6106286393345216e-09,7.003840861200776,494.55495000050587,494.55495000050587,109807.76318497941,109807.76318498138,494.5549500005058,494.554950000506,54903.881592489706,54903.88159249078,1.8520806849122785e-13,0.0
80.0,0.014950000000000001,1.0,1.6106286393345216e-09,7.003840850792279,494.55495000050615,494.55495000050615,109807.76318497989,109807.76318498184,494.5549500005062,494.55495000050615,54903.881592489946,54903.881592491016,3.698159611997668e-13,0.0
80.0,0.015050000000000001,1.0,1.6106286393345216e-09,7.00384086796687,494.55495000050695,494.55495000050695,109807.76318497825,109807.7631849802,494.5549500005072,494.55495000050706,54903.881592489124,54903.881592490194,3.577470916601527e-13,0.0
80.0,0.01515,1.0,1.6106286393345216e-09,7.003840885321364,494.5549500005059,494.5549500005059,109807.7631849722,109807.76318498224,494.55495000050604,494.5549500005061,54903.8815924861,54903.88159249121,1.7313888131425853e-13,0.0
80.0,0.01525,1.0,1.6106286393345216e-09,7.0038408439169535,494.55495000050547,494.55495000050547,109807.76318497155,109807.76318498189,494.55495000050524,494.5549500005054,54903.88159248578,54903.88159249104,2.287071013903376e-13,0.0
80.0,0.01535,1.0,1.6106286393345216e-09,7.00384086187408,494.5549500005047,494.5549500005047,109807.76318497908,109807.76318498136,494.55495000050485,494.55495000050485,54903.88159248954,54903.881592490776,3.022362580662501e-13,0.0
80.0,0.01545,1.0,1.6106286393345216e-09,7.003840879980848,494.5549500005044,494.5549500005044,109807.76318497946,109807.76318498226,494.5549500005043,494.5549500005043,54903.88159248973,54903.88159249123,2.454382784996558e-13,0.0
80.0,0.015550000000000001,1.0,1.6106286393345216e-09,7.003840849068132,494.5549500005043,494.5549500005043,109807.76318498081,109807.76318498328,494.55495000050416,494.5549500005041,54903.881592490405,54903.881592491736,3.5045469384966483e-13,0.0
80.0,0.01565,1.0,1.6106286393345216e-09,7.00384086328384,494.55495000050433,494.55495000050433,109807.76318497621,109807.76318497874,494.55495000050416,494.5549500005042,54903.881592488106,54903.881592489466,2.5278777162474455e-13,0.0
80.0,0.01575,1.0,1.6106286393345216e-09,7.003840858197684,494.5549500005045,494.5549500005045,109807.76318498072,109807.76318498269,494.5549500005045,494.5549500005045,54903.88159249036,54903.88159249144,3.14304809968509e-13,0.0
80.0,0.015850000000000003,1.0,1.6106286393345216e-09,7.003840862327391,494.5549500005047,494.5549500005047,109807.7631849797,109807.76318498167,494.5549500005047,494.55495000050473,54903.88159248985,54903.88159249093,2.4071924619226527e-13,0.0
80.0,0.01595,1.0,1.6106286393345216e-09,7.00384086242732,494.55495000050456,494.55495000050456,109807.76318498104,109807.763184983,494.5549500005048,494.5549500005048,54903.88159249052,54903.8815924916,2.97516934591284e-13,0.0
80.0,0.016050000000000002,1.0,1.6106286393345216e-09,7.003840844527701,494.55495000050496,494.55495000050496,109807.7631849704,109807.76318498046,494.5549500005052,494.55495000050513,54903.8815924852,54903.881592490325,3.4702254281717e-13,0.0
80.0,0.016149999999999998,1.0,1.6106286393345216e-09,7.003840862026206,494.55495000050473,494.55495000050473,109807.76318497906,109807.76318498135,494.55495000050496,494.5549500005051,54903.88159248953,54903.88159249077,2.1057527589339565e-13,0.0
80.0,0.01625,1.0,1.6106286393345216e-09,7.003840840964066,494.55495000050456,494.5549500005046,109807.76318498103,109807.76318498307,494.5549500005049,494.55495000050485,54903.881592490514,54903.88159249163,4.894753262765366e-13,0.0
80.0,0.016350000000000003,1.0,1.6106286393345216e-09,7.003840839168013,494.5549500005046,494.5549500005046,109807.7631849775,109807.76318497947,494.5549500005049,494.5549500005051,54903.88159248875,54903.88159248983,1.817755468818186e-13,0.0
80.0,0.01645,1.0,1.6106286393345216e-09,7.003840855485671,494.5549500005042,494.5549500005042,109807.76318498056,109807.76318498253,494.55495000050456,494.5549500005046,54903.88159249028,54903.88159249136,2.6136736834748335e-13,0.0
80.0,0.016550000000000002,1.0,1.6106286393345216e-09,7.003840857212805,494.5549500005036,494.5549500005036,109807.76318497965,109807.76318498135,494.5549500005041,494.554950000504,54903.88159248982,54903.88159249077,4.1454541533388187e-13,0.0
80.0,0.016649999999999998,1.0,1.6106286393345216e-09,7.003840960228025,494.55495000050223,494.5549500005022,109807.76318497767,109807.76318498021,494.5549500005023,494.5549500005024,54903.88159248883,54903.8815924902,7.884743832370584e-14,0.0
80.0,0.01675,1.0,1.6106286393345216e-09,7.0038408423355,494.5549500004982,494.5549500004982,109807.76318497956,109807.76318498152,494.55495000049837,494.55495000049837,54903.88159248978,54903.881592490856,3.650969024225967e-13,0.0
80.0,0.016850000000000004,1.0,1.6106286393345216e-09,7.0038408489606025,494.55495000048785,494.55495000048785,109807.76318497615,109807.7631849787,494.554950000488,494.5549500004881,54903.88159248808,54903.881592489444,2.4200610099738137e-13,0.0
80.0,0.01695,1.0,1.6106286393345216e-09,7.003840858422725,494.55495000046244,494.55495000046244,109807.76318497006,109807.76318497202,494.5549500004628,494.55495000046267,54903.88159248503,54903.881592486105,4.2661399370592034e-13,0.0
80.0,0.017050000000000003,1.0,1.6106286393345216e-09,7.0038408567357235,494.5549500003996,494.5549500003996,109807.76318495523,109807.76318495718,494.55495000039997,494.5549500003999,54903.88159247761,54903.88159247868,3.349536468077763e-13,0.0
80.0,0.01715,1.0,1.6106286393345216e-09,7.003840850146753,494.5549500002463,494.5549500002463,109807.76318492217,109807.76318492387,494.55495000024644,494.5549500002463,54903.88159246108,54903.88159246203,3.9389665790395335e-13,0.0
80.0,0.01725,1.0,1.6106286393345216e-09,7.003840849877914,494.55494999987906,494.55494999987906,109807.76318485074,109807.76318484578,494.55494999987917,494.55494999987906,54903.88159242537,54903.881592422986,4.2532711243102464e-13,0.0
80.0,0.01735,1.0,1.6106286393345216e-09,7.0038408526407325,494.5549499990165,494.5549499990165,109807.7631846476,109807.76318464974,494.5549499990165,494.55494999901646,54903.8815923238,54903.881592324964,3.8789071785188753e-13,0.0
80.0,0.01745,1.0,1.6106286393345216e-09,7.003840871183632,494.5549499970321,494.5549499970321,109807.76318420954,109807.76318421181,494.55494999703217,494.554949997032,54903.88159210477,54903.881592106,4.748323765497759e-13,0.0
80.0,0.017550000000000003,1.0,1.6106286393345216e-09,7.003840859875145,494.554949992563,494.554949992563,109807.76318321514,109807.7631832176,494.5549499925629,494.5549499925629,54903.88159160757,54903.88159160889,2.454379608623006e-13,0.0
80.0,0.01765,1.0,1.6106286393345216e-09,7.00384086519693,494.55494998271206,494.55494998271206,109807.76318102753,109807.76318102979,494.5549499827119,494.55494998271183,54903.88159051377,54903.88159051499,3.999596138612812e-13,0.0
80.0,0.017750000000000002,1.0,1.6106286393345216e-09,7.003840859822947,494.5549499614843,494.5549499614843,109807.76317631597,109807.76317631819,494.55494996148406,494.554949961484,54903.88158815799,54903.88158815919,3.130182992705277e-13,0.0
80.0,0.017849999999999998,1.0,1.6106286393345216e-09,7.0038409076654515,494.5549499167838,494.5549499167838,109807.76316639036,109807.76316639315,494.55494991678324,494.55494991678347,54903.88158319518,54903.88158319667,8.233697583837714e-14,0.0
80.0,0.01795,1.0,1.6106286393345216e-09,7.003840862481424,494.554949824878,494.5549498248782,109807.76314598351,109807.76314598633,494.5549498248779,494.5549498248779,54903.881572991755,54903.88157299326,5.29057043552832e-13,0.0
80.0,0.018050000000000004,1.0,1.6106286393345216e-09,7.003840852990346,494.55494964052247,494.55494964052247,109807.76310505184,109807.76310505408,494.5549496405221,494.5549496405221,54903.88155252592,54903.881552527135,2.936566878132909e-13,0.0
80.0,0.01815,1.0,1.6106286393345216e-09,7.0038408877964855,494.55494928002685,494.5549492800269,109807.76302500858,109807.76302501083,494.55494928002656,494.55494928002656,54903.88151250429,54903.88151250551,3.625231928123645e-13,0.0
80.0,0.018250000000000002,1.0,1.6106286393345216e-09,7.003840867845661,494.5549485934298,494.5549485934298,109807.76287255355,109807.76287256386,494.5549485934296,494.5549485934296,54903.88143627677,54903.88143628203,3.130183257403073e-13,0.0
80.0,0.018349999999999998,1.0,1.6106286393345216e-09,7.00384083770167,494.55494732084964,494.55494732084964,109807.76259000528,109807.76259000725,494.5549473208497,494.55494732084964,54903.88129500264,54903.88129500372,4.012464421966177e-13,0.0
80.0,0.01845,1.0,1.6106286393345216e-09,7.003840860922985,494.55494502755687,494.55494502755687,109807.76208081975,109807.76208082204,494.55494502755687,494.55494502755687,54903.88104040988,54903.881040411114,2.828743289716581e-13,0.0
80.0,0.018550000000000004,1.0,1.6106286393345216e-09,7.003840882199868,494.5549410130961,494.5549410130961,109807.76118947392,109807.76118947587,494.5549410130963,494.5549410130962,54903.88059473696,54903.88059473803,3.5774740929750794e-13,0.0
80.0,0.01865,1.0,1.6106286393345216e-09,7.0038408427242524,494.55493419313143,494.55493419313143,109807.75967520454,109807.75967521431,494.5549341931315,494.5549341931315,54903.87983760227,54903.87983760725,2.962303974235231e-13,0.0
80.0,0.018750000000000003,1.0,1.6106286393345216e-09,7.003840870826775,494.554922959713,494.554922959713,109807.75718101952,109807.75718102207,494.55492295971305,494.55492295971305,54903.87859050976,54903.87859051113,2.962300533163883e-13,0.0
80.0,0.01885,1.0,1.6106286393345216e-09,7.003840849225622,494.5549050371184,494.5549050371184,109807.75320160121,109807.75320160318,494.55490503711843,494.55490503711843,54903.876600800606,54903.87660080168,2.962303709537435e-13,0.0
80.0,0.01895,1.0,1.6106286393345216e-09,7.0038408501657985,494.5548773656282,494.5548773656283,109807.74705760452,109807.74705760706,494.55487736562833,494.5548773656283,54903.87352880226,54903.873528803626,4.2532705949146544e-13,0.0
80.0,0.01905,1.0,1.6106286393345216e-09,7.00384085609878,494.55483606151716,494.554836061517,109807.73788670731,109807.73788671012,494.5548360615171,494.55483606151694,54903.86894335366,54903.86894335516,3.638099682081418e-13,0.0
80.0,0.01915,1.0,1.6106286393345216e-09,7.003840894687505,494.5547765122315,494.5547765122315,109807.72466476988,109807.7246647726,494.5547765122314,494.5547765122314,54903.86233238494,54903.862332386394,3.190237363967811e-13,0.0
80.0,0.019250000000000003,1.0,1.6106286393345216e-09,7.003840850193344,494.55469366316663,494.5546936631667,109807.70626951459,109807.70626950961,494.55469366316674,494.55469366316663,54903.85313475729,54903.85313475491,4.567578051861124e-13,0.0
80.0,0.01935,1.0,1.6106286393345216e-09,7.003840850165645,494.5545825286694,494.5545825286694,109807.68159392304,109807.68159392617,494.5545825286693,494.5545825286694,54903.84079696152,54903.84079696318,2.0328263985489134e-13,0.0
80.0,0.019450000000000002,1.0,1.6106286393345216e-09,7.00384084412432,494.5544389116424,494.5544389116424,109807.64970613335,109807.64970613533,494.5544389116426,494.5544389116426,54903.824853066675,54903.82485306775,3.650967171341395e-13,0.0
80.0,0.019549999999999998,1.0,1.6106286393345216e-09,7.003840861741394,494.5542602490427,494.5542602490427,109807.61003705283,109807.61003705513,494.55426024904295,494.5542602490429,54903.805018526415,54903.805018527644,3.263164783144038e-13,0.0
80.0,0.01965,1.0,1.6106286393345216e-09,7.0038408427242524,494.5540464318008,494.5540464318008,109807.56256246433,109807.56256246605,494.5540464318008,494.55404643180094,54903.781281232164,54903.78128123311,2.4071882267579165e-13,0.0
80.0,0.019750000000000004,1.0,1.6106286393345216e-09,7.0038408619986185,494.55380040301594,494.553800403016,109807.50793582569,109807.50793583573,494.55380040301606,494.5538004030163,54903.753967912846,54903.753967917946,6.81225983131475e-14,0.0
80.0,0.01985,1.0,1.6106286393345216e-09,7.00384086370325,494.55352834349026,494.55352834349026,109807.44752950473,109807.44752950758,494.5535283434903,494.5535283434904,54903.723764752365,54903.72376475387,8.619743437460702e-14,0.0
80.0,0.019950000000000002,1.0,1.6106286393345216e-09,7.003840867322468,494.5532393218002,494.5532393218002,109807.38335701142,109807.38335701312,494.5532393218003,494.5532393218004,54903.69167850571,54903.69167850665,1.9121350561748123e-13,0.0
100.0,5e-05,1.0,1.6106286393345216e-09,7.007852831883468,981.2769943614991,981.2769943614992,108938.17948400567,108938.1794840085,981.2769943614985,981.2769943614985,54469.089742002834,54469.08974200436,-1.6328278741116177e-12,0.0
100.0,0.00015000000000000001,1.0,1.6106286393345216e-09,7.007852861888076,981.2770297869965,981.2770297869965,108938.18341683672,108938.18341683163,981.2770297869977,981.2770297869964,54469.09170841837,54469.09170841593,-2.9710480012288556e-13,0.0
100.0,0.00025,1.0,1.6106286393345216e-09,7.0078528730079945,981.2770635517472,981.2770635517472,108938.18716529389,108938.18716528853,981.2770635517483,981.2770635517477,54469.09358264694,54469.093582644375,-9.78566681930171e-13,0.0
100.0,0.00035000000000000005,1.0,1.6106286393345216e-09,7.007852879177829,981.2770947233157,981.2770947233157,108938.19062585711,108938.1906258519,981.2770947233154,981.2770947233155,54469.095312928555,54469.095312926045,-1.1921613391129525e-12,0.0
100.0,0.00045,1.0,1.6106286393345216e-09,7.007852868974813,981.2771226021199,981.2771226021199,108938.19372086973,108938.19372086461,981.2771226021199,981.2771226021199,54469.09686043487,54469.096860432386,-1.0247558120604215e-12,0.0
100.0,0.00055,1.0,1.6106286393345216e-09,7.007852915880947,981.2771467628615,981.2771467628615,108938.19640311424,108938.19640310889,981.2771467628615,981.2771467628617,54469.09820155712,54469.09820155455,-1.2809448180150861e-12,0.0
100.0,0.00065,1.0,1.6106286393345216e-09,7.007852855419498,981.2771670580485,981.2771670580485,108938.19865622195,108938.19865621741,981.2771670580486,981.2771670580486,54469.09932811098,54469.09932810878,-1.0606114843413045e-12,0.0
100.0,0.00075,1.0,1.6106286393345216e-09,7.007852872711086,981.2771835880308,981.2771835880307,108938.20049132843,108938.20049132359,981.2771835880314,981.2771835880314,54469.100245664216,54469.1002456619,-1.7334841873656352e-12,0.0
100.0,0.0008500000000000001,1.0,1.6106286393345216e-09,7.007852879365807,981.2771966473301,981.2771966473301,108938.2019411254,108938.20194111999,981.2771966473302,981.2771966473302,54469.1009705627,54469.10097056012,-1.7010839595232966e-12,0.0
100.0,0.0009500000000000001,1.0,1.6106286393345216e-09,7.007852870260007,981.2772066594555,981.2772066594554,108938.2030526336,108938.2030526362,981.2772066594549,981.2772066594555,54469.1015263168,54469.1015263182,-1.9829343315408426e-12,0.0
100.0,0.0010500000000000002,1.0,1.6106286393345216e-09,7.007852865442479,981.277214111905,981.2772141119052,108938.20387997697,108938.20387997957,981.2772141119052,981.2772141119051,54469.10193998848,54469.10193998989,-1.0589002924993936e-12,0.0
100.0,0.00115,1.0,1.6106286393345216e-09,7.007852865739054,981.2772195003105,981.2772195003106,108938.20447818484,108938.20447818689,981.2772195003105,981.2772195003106,54469.10223909242,54469.10223909352,-1.02475591793954e-12,0.0
100.0,0.0012500000000000002,1.0,1.6106286393345216e-09,7.007852884579553,981.2772232868601,981.2772232868599,108938.20489855802,108938.20489855755,981.2772232868597,981.2772232868597,54469.10244927901,54469.102449278835,-7.908057884848166e-13,0.0
100.0,0.00135,1.0,1.6106286393345216e-09,7.007852870190356,981.2772258744311,981.2772258744308,108938.20518581921,108938.2051858181,981.2772258744307,981.2772258744309,54469.10259290961,54469.102592909105,-1.3595341230481162e-12,0.0
100.0,0.00145,1.0,1.6106286393345216e-09,7.007852872899616,981.2772275949403,981.2772275949403,108938.20537682055,108938.20537682413,981.2772275949402,981.2772275949402,54469.102688410276,54469.10268841214,-9.889002985982162e-13,0.0
100.0,0.0015500000000000002,1.0,1.6106286393345216e-09,7.007852868957501,981.2772287087059,981.2772287087065,108938.20550047833,108938.20550047321,981.2772287087065,981.2772287087065,54469.10275023917,54469.10275023668,-3.415499158845192e-13,0.0
100.0,0.00165,1.0,1.6106286393345216e-09,7.007852793044329,981.2772294110702,981.2772294110708,108938.20557844455,108938.20557844399,981.2772294110703,981.2772294110711,54469.102789222285,54469.10278922206,-1.207489538494042e-12,0.0
100.0,0.0017500000000000003,1.0,1.6106286393345216e-09,7.00785293218783,981.2772298428123,981.2772298428123,108938.20562637561,108938.20562637897,981.2772298428113,981.2772298428121,54469.10281318781,54469.102813189595,-1.858295259767165e-12,0.0
100.0,0.00185,1.0,1.6106286393345216e-09,7.007852843977624,981.2772301016578,981.2772301016577,108938.20565510851,108938.20565511126,981.277230101657,981.277230101657,54469.102827554256,54469.102827555704,-1.214400268552453e-12,0.0
100.0,0.00195,1.0,1.6106286393345216e-09,7.007852862643576,981.2772302531087,981.277230253108,108938.20567192115,108938.20567192473,981.2772302531074,981.2772302531074,54469.102835960584,54469.10283596244,-1.6584894784025156e-12,0.0
100.0,0.00205,1.0,1.6106286393345216e-09,7.007852897083443,981.27723033964,981.27723033964,108938.20568153793,108938.20568153386,981.2772303396391,981.2772303396392,54469.10284076897,54469.102840767,-9.035722111950677e-13,0.0
100.0,0.00215,1.0,1.6106286393345216e-09,7.007852899365397,981.2772303879473,981.2772303879473,108938.2056868993,108938.20568689487,981.277230387947,981.277230387947,54469.102843449655,54469.10284344749,-6.968556733022278e-13,0.0
100.0,0.0022500000000000003,1.0,1.6106286393345216e-09,7.007852868941297,981.2772304143126,981.2772304143124,108938.20568982196,108938.20568982295,981.2772304143123,981.2772304143124,54469.10284491099,54469.102844911504,-7.173503766148744e-13,0.0
100.0,0.00235,1.0,1.6106286393345216e-09,7.0078528689575075,981.2772304283881,981.277230428388,108938.20569138267,108938.20569138552,981.277230428388,981.277230428388,54469.10284569134,54469.10284569283,-1.0076837571293927e-12,0.0
100.0,0.00245,1.0,1.6106286393345216e-09,7.007853061459271,981.2772304357429,981.2772304357429,108938.20569219768,108938.20569220083,981.2772304357433,981.2772304357431,54469.102846098845,54469.10284610051,-2.168779686445761e-13,0.0
100.0,0.00255,1.0,1.6106286393345216e-09,7.007852846326442,981.277230439506,981.2772304395066,108938.20569261706,108938.20569261968,981.2772304395066,981.2772304395066,54469.10284630854,54469.102846309914,-4.867166193766681e-13,0.0
100.0,0.0026500000000000004,1.0,1.6106286393345216e-09,7.007852905600648,981.2772304413925,981.2772304413927,108938.20569282905,108938.20569282478,981.2772304413925,981.2772304413925,54469.102846414535,54469.10284641252,-1.518350444847913e-12,0.0
100.0,0.00275,1.0,1.6106286393345216e-09,7.007852872724544,981.2772304423185,981.2772304423185,108938.20569293128,108938.20569293415,981.2772304423188,981.2772304423188,54469.10284646565,54469.102846467154,-1.021300579380114e-12,0.0
100.0,0.00285,1.0,1.6106286393345216e-09,7.007852884170157,981.2772304427658,981.2772304427658,108938.2056929781,108938.20569298045,981.2772304427655,981.2772304427655,54469.102846489055,54469.1028464903,-1.064066981719408e-12,0.0
100.0,0.0029500000000000004,1.0,1.6106286393345216e-09,7.007852884465164,981.277230442978,981.2772304429777,108938.20569301008,108938.20569300497,981.2772304429775,981.2772304429775,54469.10284650505,54469.10284650262,-1.8155617064243566e-12,0.0
100.0,0.00305,1.0,1.6106286393345216e-09,7.007852873308028,981.2772304430758,981.2772304430758,108938.20569301701,108938.20569301271,981.277230443076,981.277230443076,54469.10284650851,54469.10284650654,-2.46965100385707e-12,0.0
100.0,0.00315,1.0,1.6106286393345216e-09,7.0078528692238375,981.2772304431218,981.2772304431217,108938.20569302044,108938.20569302306,981.2772304431218,981.2772304431218,54469.10284651023,54469.10284651163,-1.4090393871668674e-12,0.0
100.0,0.0032500000000000003,1.0,1.6106286393345216e-09,7.007852841408186,981.2772304431418,981.2772304431417,108938.20569302743,108938.20569302207,981.2772304431415,981.2772304431415,54469.10284651372,54469.102846511145,-1.8872729980465633e-12,0.0
100.0,0.00335,1.0,1.6106286393345216e-09,7.007852884374955,981.2772304431509,981.2772304431509,108938.20569302244,108938.20569302527,981.2772304431505,981.2772304431505,54469.102846511225,54469.10284651273,-1.3202559347345134e-12,0.0
100.0,0.00345,1.0,1.6106286393345216e-09,7.0078528617443565,981.2772304431553,981.2772304431553,108938.20569302725,108938.20569302318,981.2772304431548,981.2772304431548,54469.10284651363,54469.1028465117,-1.4124948051356321e-12,0.0
100.0,0.00355,1.0,1.6106286393345216e-09,7.007852822907122,981.2772304431575,981.277230443157,108938.20569302254,108938.2056930251,981.2772304431567,981.2772304431571,54469.102846511276,54469.10284651266,-2.719068219626453e-12,0.0
100.0,0.0036500000000000005,1.0,1.6106286393345216e-09,7.007852868922693,981.2772304431579,981.2772304431579,108938.20569302703,108938.20569302591,981.2772304431579,981.2772304431579,54469.102846513524,54469.102846513,-6.404724487122125e-13,0.0
100.0,0.00375,1.0,1.6106286393345216e-09,7.007852861416093,981.2772304431592,981.2772304431592,108938.20569303003,108938.20569302468,981.2772304431605,981.2772304431592,54469.10284651502,54469.10284651247,-5.891497695260087e-13,0.0
100.0,0.00385,1.0,1.6106286393345216e-09,7.00785286901213,981.2772304431595,981.2772304431599,108938.20569302782,108938.20569302297,981.2772304431597,981.2772304431599,54469.10284651392,54469.10284651154,-4.1842784378718116e-13,0.0
100.0,0.00395,1.0,1.6106286393345216e-09,7.007852873760808,981.2772304431581,981.2772304431581,108938.20569303229,108938.20569302693,981.2772304431581,981.2772304431583,54469.10284651615,54469.10284651357,-1.2809449238942045e-12,0.0
100.0,0.00405,1.0,1.6106286393345216e-09,7.007852870217668,981.2772304431562,981.2772304431562,108938.20569302773,108938.20569302345,981.2772304431563,981.2772304431563,54469.10284651387,54469.10284651185,-1.829178528675078e-12,0.0
100.0,0.004150000000000001,1.0,1.6106286393345216e-09,7.007852883161051,981.2772304431548,981.277230443155,108938.2056930262,108938.20569302519,981.2772304431545,981.2772304431545,54469.1028465131,54469.10284651265,-5.329055377486819e-13,0.0
100.0,0.00425,1.0,1.6106286393345216e-09,7.007852832837769,981.2772304431533,981.2772304431533,108938.20569302129,108938.20569302425,981.277230443153,981.2772304431527,54469.10284651064,54469.10284651217,-5.499777250286088e-13,0.0
100.0,0.00435,1.0,1.6106286393345216e-09,7.007852766119423,981.2772304431519,981.2772304431518,108938.20569302418,108938.20569302754,981.2772304431514,981.2772304431513,54469.1028465121,54469.10284651388,-1.924872764105402e-12,0.0
100.0,0.004450000000000001,1.0,1.6106286393345216e-09,7.007852898177552,981.2772304431509,981.2772304431508,108938.20569302715,108938.20569302337,981.2772304431502,981.2772304431502,54469.10284651358,54469.102846511756,-1.1033779660899373e-12,0.0
100.0,0.00455,1.0,1.6106286393345216e-09,7.007852899125414,981.277230443151,981.2772304431511,108938.20569302197,108938.2056930247,981.2772304431504,981.2772304431506,54469.102846510985,54469.10284651241,-8.830446059463761e-13,0.0
100.0,0.00465,1.0,1.6106286393345216e-09,7.007852879997344,981.2772304431513,981.2772304431516,108938.20569302226,108938.20569302511,981.2772304431506,981.2772304431506,54469.10284651114,54469.10284651268,-1.3220000549822488e-12,0.0
100.0,0.004750000000000001,1.0,1.6106286393345216e-09,7.007852884362007,981.2772304431521,981.277230443152,108938.2056930217,108938.20569302405,981.2772304431517,981.2772304431517,54469.102846510854,54469.102846512105,-1.175089257712144e-12,0.0
100.0,0.00485,1.0,1.6106286393345216e-09,7.00785284742056,981.2772304431514,981.2772304431514,108938.20569301466,108938.20569302527,981.2772304431519,981.2772304431519,54469.10284650734,54469.10284651276,-1.917961981107432e-12,0.0
100.0,0.0049499999999999995,1.0,1.6106286393345216e-09,7.007852868459988,981.2772304431516,981.2772304431516,108938.20569302686,108938.20569302207,981.2772304431518,981.2772304431518,54469.10284651344,54469.102846511196,-2.230534185182332e-12,0.0
100.0,0.005050000000000001,1.0,1.6106286393345216e-09,7.007852834111551,981.2772304431514,981.2772304431514,108938.20569302708,108938.20569302223,981.2772304431523,981.2772304431522,54469.102846513546,54469.10284651128,-2.2987901117753334e-12,0.0
100.0,0.00515,1.0,1.6106286393345216e-09,7.007852855105901,981.277230443148,981.2772304431481,108938.20569302623,108938.2056930217,981.2772304431489,981.2772304431489,54469.102846513124,54469.10284651098,-1.6395341780621648e-12,0.0
100.0,0.00525,1.0,1.6106286393345216e-09,7.007852886805453,981.2772304431405,981.2772304431405,108938.20569303313,108938.20569302757,981.2772304431426,981.2772304431419,54469.10284651657,54469.102846513866,-2.201614918646074e-13,0.0
100.0,0.005350000000000001,1.0,1.6106286393345216e-09,7.007852856971932,981.2772304431223,981.2772304431224,108938.20569302804,108938.20569302268,981.2772304431236,981.2772304431236,54469.102846514026,54469.10284651149,-2.00329009498036e-12,0.0
100.0,0.00545,1.0,1.6106286393345216e-09,7.007852861548421,981.2772304430723,981.2772304430721,108938.20569302238,108938.20569302501,981.2772304430729,981.2772304430736,54469.102846511196,54469.102846512615,-2.3039238725895234e-12,0.0
100.0,0.00555,1.0,1.6106286393345216e-09,7.007852848005449,981.2772304429348,981.2772304429346,108938.20569302753,108938.20569302219,981.2772304429355,981.2772304429354,54469.10284651377,54469.10284651123,-2.2817178715558474e-12,0.0
100.0,0.0056500000000000005,1.0,1.6106286393345216e-09,7.007852842372268,981.2772304425607,981.2772304425607,108938.20569302602,108938.2056930292,981.2772304425613,981.2772304425615,54469.102846513015,54469.102846514674,-1.332128663207279e-12,0.0
100.0,0.00575,1.0,1.6106286393345216e-09,7.007852853010524,981.2772304415598,981.2772304415598,108938.20569302986,108938.20569302508,981.2772304415605,981.2772304415605,54469.102846514936,54469.10284651266,-1.5866063714409142e-12,0.0
100.0,0.00585,1.0,1.6106286393345216e-09,7.007852818797574,981.2772304389202,981.2772304389201,108938.20569304006,108938.20569303414,981.2772304389198,981.2772304389212,54469.102846520036,54469.10284651719,-3.3936521939020333e-12,0.0
100.0,0.00595,1.0,1.6106286393345216e-09,7.007852907476443,981.2772304320574,981.2772304320573,108938.20569304969,108938.20569304489,981.2772304320582,981.2772304320581,54469.10284652485,54469.10284652253,-1.000773000601202e-12,0.0
100.0,0.00605,1.0,1.6106286393345216e-09,7.007852863156351,981.2772304144619,981.2772304144619,108938.20569308323,108938.20569307813,981.277230414463,981.2772304144625,54469.102846541624,54469.10284653913,-2.2707224839279801e-13,0.0
100.0,0.006150000000000001,1.0,1.6106286393345216e-09,7.00785284673407,981.2772303699783,981.2772303699783,108938.20569315462,108938.20569315762,981.277230369979,981.2772303699788,54469.10284657732,54469.10284657884,-4.337559108193726e-13,0.0
100.0,0.00625,1.0,1.6106286393345216e-09,7.007852870166653,981.2772302591262,981.2772302591262,108938.20569335627,108938.20569335521,981.2772302591264,981.2772302591264,54469.10284667814,54469.102846677655,-5.653057920608002e-13,0.0
100.0,0.00635,1.0,1.6106286393345216e-09,7.007852872722615,981.2772299869174,981.2772299869185,108938.20569384535,108938.20569384057,981.2772299869192,981.2772299869192,54469.10284692268,54469.10284692042,-6.403334823693036e-13,0.0
100.0,0.006450000000000001,1.0,1.6106286393345216e-09,7.0078528613097335,981.2772293284637,981.2772293284637,108938.20569502463,108938.2056950193,981.2772293284638,981.2772293284638,54469.102847512324,54469.10284750976,-1.5729895756599725e-12,0.0
100.0,0.00655,1.0,1.6106286393345216e-09,7.007852836550618,981.2772277600744,981.2772277600744,108938.20569782327,108938.20569781873,981.2772277600749,981.2772277600749,54469.10284891164,54469.10284890949,-1.9179620869865503e-12,0.0
100.0,0.00665,1.0,1.6106286393345216e-09,7.007852916675134,981.2772240828425,981.2772240828425,108938.20570439205,108938.2057043872,981.2772240828425,981.2772240828425,54469.10285219603,54469.10285219377,-2.0495120741070963e-12,0.0
100.0,0.006750000000000001,1.0,1.6106286393345216e-09,7.007852842742322,981.2772155997435,981.2772155997435,108938.20571954754,108938.2057195425,981.277215599742,981.2772155997434,54469.102859773775,54469.102859771425,-3.730207950589982e-12,0.0
100.0,0.00685,1.0,1.6106286393345216e-09,7.007852883981022,981.2771963522091,981.2771963522092,108938.2057539343,108938.20575392972,981.2771963522076,981.277196352209,54469.10287696715,54469.102876965,-2.942857977120624e-12,0.0
100.0,0.0069500000000000004,1.0,1.6106286393345216e-09,7.007852917729735,981.2771534185208,981.2771534185208,108938.20583063763,108938.20583063252,981.2771534185205,981.2771534185206,54469.102915318814,54469.1029153164,-1.576447005331987e-12,0.0
100.0,0.007050000000000001,1.0,1.6106286393345216e-09,7.007852856801075,981.2770593090656,981.2770593090655,108938.20599876305,108938.2059987667,981.2770593090654,981.2770593090655,54469.102999381525,54469.10299938348,-1.8872779743651284e-12,0.0
100.0,0.00715,1.0,1.6106286393345216e-09,7.007852896443006,981.2768566883643,981.2768566883643,108938.20636076528,108938.20636076067,981.276856688363,981.2768566883636,54469.10318038264,54469.10318038044,-2.02570915127005e-12,0.0
100.0,0.00725,1.0,1.6106286393345216e-09,7.00785282778905,981.2764283890361,981.2764283890374,108938.20712594366,108938.2071259391,981.2764283890369,981.2764283890382,54469.10356297184,54469.1035629697,-2.2817484970908466e-12,0.0
100.0,0.007350000000000001,1.0,1.6106286393345216e-09,7.007852922041022,981.2755399748753,981.2755399748752,108938.20871314136,108938.20871314431,981.2755399748748,981.275539974875,54469.10435657068,54469.104356572236,-1.047021317158642e-12,0.0
100.0,0.00745,1.0,1.6106286393345216e-09,7.007852938522233,981.2737324949118,981.2737324949114,108938.21194231049,108938.21194231407,981.2737324949118,981.2737324949115,54469.105971155244,54469.10597115713,-7.686140017227868e-13,0.0
100.0,0.00755,1.0,1.6106286393345216e-09,7.007852806472544,981.2701275313999,981.2701275313999,108938.21838278888,108938.21838278463,981.2701275313998,981.2701275313998,54469.10919139444,54469.10919139243,-1.6295798468660323e-12,0.0
100.0,0.0076500000000000005,1.0,1.6106286393345216e-09,7.007852742837605,981.263082691472,981.2630826914725,108938.23096879991,108938.23096880314,981.263082691472,981.2630826914727,54469.115484399954,54469.11548440168,-1.556266392424094e-12,0.0
100.0,0.00775,1.0,1.6106286393345216e-09,7.007852641327364,981.2496007632792,981.2496007632795,108938.25505504702,108938.25505504523,981.2496007632797,981.2496007632798,54469.12752752351,54469.12752752268,-7.654833944195145e-13,0.0
100.0,0.007850000000000001,1.0,1.6106286393345216e-09,7.007852427132491,981.2243481850335,981.2243481850335,108938.30017023427,108938.3001702366,981.2243481850333,981.2243481850334,54469.15008511714,54469.15008511837,-9.726582565461577e-13,0.0
100.0,0.00795,1.0,1.6106286393345216e-09,7.007852042804918,981.1780792762542,981.178079276254,108938.38283232045,108938.38283231336,981.1780792762545,981.1780792762546,54469.191416160225,54469.19141615681,-1.7756860157758047e-12,0.0
100.0,0.00805,1.0,1.6106286393345216e-09,7.0078513260557145,981.0951983195959,981.0951983195964,108938.53090393308,108938.53090393275,981.095198319597,981.0951983195964,54469.26545196654,54469.265451966494,-4.3180892618076977e-13,0.0
100.0,0.008150000000000001,1.0,1.6106286393345216e-09,7.007850149615478,980.9501375249415,980.9501375249416,108938.79006343208,108938.79006343779,980.9501375249415,980.9501375249415,54469.39503171604,54469.39503171899,-1.0125721166168953e-12,0.0
100.0,0.00825,1.0,1.6106286393345216e-09,7.007848059997848,980.7022131110136,980.7022131110136,108939.2329947303,108939.23299473095,980.7022131110137,980.7022131110132,54469.616497365154,54469.61649736558,-7.246804144519559e-13,0.0
100.0,0.00835,1.0,1.6106286393345216e-09,7.007844606008329,980.2886862554428,980.2886862554428,108939.9717843631,108939.97178436436,980.2886862554424,980.2886862554424,54469.98589218155,54469.98589218228,-1.30654355657943e-12,0.0
100.0,0.008450000000000001,1.0,1.6106286393345216e-09,7.007838920366814,979.6159535062004,979.6159535062004,108941.17366031822,108941.17366031572,979.6159535062,979.6159535062,54470.58683015911,54470.586830157954,-1.585209137654859e-12,0.0
100.0,0.00855,1.0,1.6106286393345216e-09,7.007830020020364,978.549175146592,978.5491751465919,108943.07952152092,108943.0795215241,978.5491751465913,978.5491751465913,54471.53976076046,54471.539760762134,-1.28635410276515e-12,0.0
100.0,0.008650000000000001,1.0,1.6106286393345216e-09,7.00781622200476,976.9012506064996,976.9012506064996,108946.02363397674,108946.02363398227,976.9012506064985,976.9012506064992,54473.01181698837,54473.01181699123,-2.1860192156723297e-12,0.0
100.0,0.00875,1.0,1.6106286393345216e-09,7.007795503597657,974.4228443792263,974.4228443792263,108950.45144999334,108950.4514499889,974.4228443792258,974.4228443792258,54475.22572499667,54475.225724994554,-1.2935245278312334e-12,0.0
100.0,0.00885,1.0,1.6106286393345216e-09,7.007765213844334,970.796043292319,970.796043292319,108956.930939799,108956.93093980126,970.7960432923196,970.7960432923195,54478.46546989951,54478.465469900744,-1.3986281346352504e-12,0.0
100.0,0.00895,1.0,1.6106286393345216e-09,7.007721928128084,965.6349654742901,965.6349654742902,108966.15150369513,108966.15150368935,965.6349654742901,965.6349654742901,54483.075751847566,54483.07575184479,-1.950272741094717e-12,0.0
100.0,0.00905,1.0,1.6106286393345216e-09,7.007662288351513,958.4969218273798,958.4969218273792,108978.90403132139,108978.90403132202,958.4969218273791,958.4969218273791,54489.452015660696,54489.452015661125,-2.7996586929369304e-12,0.0
100.0,0.00915,1.0,1.6106286393345216e-09,7.007582106042916,948.9071924527227,948.9071924527219,108996.03663724202,108996.03663724274,948.9071924527223,948.9071924527223,54498.01831862101,54498.01831862148,9.31466991381622e-13,0.0
100.0,0.009250000000000001,1.0,1.6106286393345216e-09,7.007477643046675,936.3988438149929,936.3988438149929,109018.38352521599,109018.38352520586,936.3988438149927,936.3988438149927,54509.191762607996,54509.19176260305,1.4763209876425098e-12,0.0
100.0,0.00935,1.0,1.6106286393345216e-09,7.007345532458431,920.5662343350502,920.5662343350502,109046.66939734145,109046.66939734065,920.56623433505,920.5662343350498,54523.334698670726,54523.33469867043,-5.043203463007766e-13,0.0
100.0,0.00945,1.0,1.6106286393345216e-09,7.0071834617917395,901.1272696613275,901.1272696613274,109081.39823152052,109081.39823151904,901.1272696613275,901.1272696613269,54540.69911576026,54540.69911575962,1.3174180567238563e-12,0.0
100.0,0.00955,1.0,1.6106286393345216e-09,7.0069908607576075,877.9858318279757,877.985831827976,109122.74174803546,109122.74174803891,877.9858318279753,877.9858318279754,54561.37087401773,54561.37087401955,4.356032632075546e-13,0.0
100.0,0.00965,1.0,1.6106286393345216e-09,7.0067688857168395,851.2831900371194,851.2831900371194,109170.4475613158,109170.44756130948,851.2831900371195,851.2831900371195,54585.2237806579,54585.22378065487,-1.8690655483892993e-13,0.0
100.0,0.00975,1.0,1.6106286393345216e-09,7.006521206913068,821.4267001041248,821.4267001041248,109223.78790660943,109223.78790660977,821.4267001041246,821.4267001041245,54611.893953304716,54611.89395330499,-4.989078322376012e-13,0.0
100.0,0.009850000000000001,1.0,1.6106286393345216e-09,7.006253446466475,789.0864302819809,789.0864302819813,109281.56566828002,109281.5656682735,789.086430281981,789.086430281981,54640.78283414001,54640.78283413686,-6.75063553742404e-13,0.0
100.0,0.00995,1.0,1.6106286393345216e-09,7.0059731529860425,755.1554769926446,755.1554769926446,109342.18527790475,109342.18527790936,755.1554769926444,755.1554769926441,54671.09263895237,54671.09263895478,8.611895941902187e-13,0.0
100.0,0.01005,1.0,1.6106286393345216e-09,7.005688958650114,720.6767034510323,720.6767034510322,109403.78360009375,109403.78360009917,720.6767034510317,720.6767034510317,54701.89180004688,54701.89180004968,2.8234003647039784e-13,0.0
100.0,0.010150000000000001,1.0,1.6106286393345216e-09,7.005410074938048,686.745750161694,686.745750161694,109464.4032097324,109464.40320973321,686.7457501616938,686.7457501616938,54732.2016048662,54732.20160486672,7.220622356119929e-14,0.0
100.0,0.01025,1.0,1.6106286393345216e-09,7.005144439606606,654.4054803395503,654.4054803395503,109522.18097140722,109522.18097139955,654.40548033955,654.40548033955,54761.09048570361,54761.090485699875,3.0013866038171365e-13,0.0
100.0,0.010350000000000002,1.0,1.6106286393345216e-09,7.004899932986623,624.5489904065543,624.548990406554,109575.521316699,109575.52131669776,624.5489904065535,624.5489904065538,54787.7606583495,54787.76065834897,-1.850480851433152e-13,0.0
100.0,0.010450000000000001,1.0,1.6106286393345216e-09,7.004681660907301,597.8463486156977,597.8463486156977,109623.22712996765,109623.22712996807,597.8463486156976,597.8463486156976,54811.613564983825,54811.613564984116,-3.467603861199948e-13,0.0
100.0,0.01055,1.0,1.6106286393345216e-09,7.004492815053782,574.7049107823466,574.7049107823466,109664.57064649195,109664.5706464874,574.7049107823462,574.7049107823462,54832.285323245975,54832.285323243785,-9.548965050378271e-14,0.0
100.0,0.01065,1.0,1.6106286393345216e-09,7.004334349089072,555.2659461086234,555.2659461086237,109699.29948065965,109699.29948066603,555.2659461086233,555.2659461086234,54849.64974032983,54849.64974033312,2.1604107362290924e-13,0.0
100.0,0.010750000000000001,1.0,1.6106286393345216e-09,7.004205473752111,539.4333366286817,539.4333366286817,109727.58535280233,109727.58535280284,539.4333366286819,539.4333366286818,54863.792676401164,54863.79267640152,3.9673435062615326e-13,0.0
100.0,0.01085,1.0,1.6106286393345216e-09,7.0041037287649495,526.924987990953,526.9249879909531,109749.93224076446,109749.9322407661,526.9249879909531,526.9249879909531,54874.96612038223,54874.96612038315,-2.539239869141474e-13,0.0
100.0,0.010950000000000001,1.0,1.6106286393345216e-09,7.004025794467577,517.3352586162962,517.3352586162963,109767.06484667653,109767.064846682,517.3352586162961,517.3352586162962,54883.53242333826,54883.532423341094,-1.279637290312101e-13,0.0
100.0,0.01105,1.0,1.6106286393345216e-09,7.003967819526341,510.19721496938666,510.1972149693866,109779.81737432414,109779.8173743224,510.19721496938644,510.1972149693864,54889.90868716207,54889.908687161296,-3.0448293354950334e-14,0.0
100.0,0.01115,1.0,1.6106286393345216e-09,7.003925909217704,505.03613715135896,505.036137151359,109789.03793820823,109789.03793820641,505.0361371513586,505.03613715135873,54894.518969104116,54894.51896910329,-5.2713427876256475e-14,0.0
100.0,0.01125,1.0,1.6106286393345216e-09,7.003896484145532,501.4093360644508,501.4093360644508,109795.51742801852,109795.5174280181,501.4093360644508,501.40933606445066,54897.75871400926,54897.75871400914,2.288440560299968e-13,0.0
100.0,0.01135,1.0,1.6106286393345216e-09,7.0038763505487704,498.930929837177,498.930929837177,109799.94524402305,109799.94524402413,498.9309298371768,498.9309298371768,54899.972622011526,54899.97262201215,1.8931980464521663e-13,0.0
100.0,0.01145,1.0,1.6106286393345216e-09,7.003863002911342,497.2830052970833,497.2830052970833,109802.88935648042,109802.88935648458,497.28300529708304,497.2830052970831,54901.44467824021,54901.44467824238,1.6818842372381038e-13,0.0
100.0,0.011550000000000001,1.0,1.6106286393345216e-09,7.0038543449707715,496.21622693747327,496.2162269374732,109804.79521768617,109804.79521769285,496.21622693747304,496.2162269374729,54902.397608843086,54902.39760884651,3.1977635164019615e-13,0.0
100.0,0.01165,1.0,1.6106286393345216e-09,7.003848869076137,495.5434941882294,495.5434941882294,109805.99709363068,109805.99709363995,495.5434941882288,495.5434941882288,54902.99854681534,54902.99854682006,3.2441555109230795e-13,0.0
100.0,0.01175,1.0,1.6106286393345216e-09,7.003845447420759,495.12996733265726,495.1299673326573,109806.73588327017,109806.735883279,495.129967332657,495.1299673326568,54903.367941635086,54903.367941639604,5.247210554260576e-13,0.0
100.0,0.01185,1.0,1.6106286393345216e-09,7.003843512358558,494.8820429187269,494.8820429187269,109807.17881457543,109807.17881457126,494.8820429187264,494.8820429187264,54903.58940728771,54903.589407285726,3.345994811567056e-13,0.0
100.0,0.01195,1.0,1.6106286393345216e-09,7.003842346673072,494.7369821240703,494.7369821240703,109807.43797407074,109807.43797406984,494.7369821240699,494.73698212406987,54903.71898703537,54903.71898703502,3.629080898775528e-13,0.0
100.0,0.012050000000000002,1.0,1.6106286393345216e-09,7.003841652753471,494.65410116740964,494.6541011674098,109807.58604569036,109807.58604569091,494.6541011674096,494.6541011674096,54903.79302284518,54903.793022845544,4.4599593395389125e-13,0.0
100.0,0.012150000000000001,1.0,1.6106286393345216e-09,7.003841292025019,494.60783225863,494.60783225863,109807.66870777069,109807.66870777188,494.60783225862986,494.6078322586299,54903.834353885344,54903.83435388605,2.2009793792378371e-13,0.0
100.0,0.01225,1.0,1.6106286393345216e-09,7.003841075469064,494.5825796803841,494.58257968038413,109807.71382296027,109807.7138229624,494.58257968038396,494.5825796803841,54903.856911480136,54903.856911481285,1.7125965931143606e-13,0.0
100.0,0.01235,1.0,1.6106286393345216e-09,7.003840974828901,494.5690977521921,494.5690977521921,109807.73790920389,109807.73790920546,494.5690977521922,494.5690977521921,54903.868954601945,54903.868954602825,4.2499007272735624e-13,0.0
100.0,0.012450000000000001,1.0,1.6106286393345216e-09,7.00384099764382,494.56205291226655,494.5620529122665,109807.75049521762,109807.75049521956,494.5620529122663,494.56205291226627,54903.87524760881,54903.87524760986,1.5578095276353138e-13,0.0
100.0,0.01255,1.0,1.6106286393345216e-09,7.003840885983399,494.55844794875594,494.5584479487559,109807.75693569405,109807.7569356957,494.55844794875577,494.55844794875566,54903.878467847026,54903.87846784794,3.9986792254474094e-13,0.0
100.0,0.012650000000000002,1.0,1.6106286393345216e-09,7.003840887847291,494.5566404687925,494.5566404687925,109807.7601648631,109807.76016486502,494.55664046879224,494.55664046879224,54903.88008243155,54903.8800824326,3.310524512807394e-13,0.0
100.0,0.012750000000000001,1.0,1.6106286393345216e-09,7.003840891904385,494.5557520546304,494.5557520546303,109807.7617520629,109807.76175206507,494.5557520546302,494.55575205463015,54903.88087603145,54903.88087603263,3.685099952137783e-13,0.0
100.0,0.01285,1.0,1.6106286393345216e-09,7.003840865726286,494.5553237553037,494.55532375530385,109807.76251723731,109807.76251724761,494.55532375530345,494.5553237553035,54903.881258618654,54903.881258623915,4.675293378878881e-13,0.0
100.0,0.01295,1.0,1.6106286393345216e-09,7.0038408735815025,494.5551211346033,494.55512113460327,109807.76287923074,109807.76287924132,494.555121134603,494.55512113460304,54903.88143961537,54903.88143962075,2.01991946931733e-13,0.0
100.0,0.01305,1.0,1.6106286393345216e-09,7.003840855199064,494.5550270251496,494.5550270251496,109807.76304736934,109807.76304737218,494.5550270251492,494.5550270251493,54903.88152368467,54903.881523686185,2.6957366176849943e-13,0.0
100.0,0.01315,1.0,1.6106286393345216e-09,7.003840850307575,494.5549840914628,494.5549840914628,109807.7631240765,109807.7631240789,494.55498409146264,494.55498409146276,54903.88156203825,54903.88156203955,1.4777090628848228e-13,0.0
100.0,0.013250000000000001,1.0,1.6106286393345216e-09,7.003840855392142,494.5549648439306,494.5549648439306,109807.76315846041,109807.76315846319,494.5549648439303,494.5549648439303,54903.881579230205,54903.88157923169,3.310927382852932e-13,0.0
100.0,0.01335,1.0,1.6106286393345216e-09,7.0038408480783,494.55495636083407,494.55495636083407,109807.76317361726,109807.7631736189,494.55495636083384,494.5549563608339,54903.88158680863,54903.88158680955,3.130181669216297e-13,0.0
100.0,0.01345,1.0,1.6106286393345216e-09,7.003840833418964,494.5549526836034,494.5549526836034,109807.7631801835,109807.76318018574,494.5549526836032,494.55495268360335,54903.88159009175,54903.88159009296,1.9727691156106234e-13,0.0
100.0,0.01355,1.0,1.6106286393345216e-09,7.003840895794423,494.5549511152161,494.5549511152161,109807.76318298948,109807.76318299171,494.55495111521594,494.55495111521606,54903.88159149474,54903.88159149595,1.8992707432883876e-13,0.0
100.0,0.01365,1.0,1.6106286393345216e-09,7.003840833934023,494.55495045676275,494.55495045676275,109807.76318417462,109807.76318416905,494.5549504567625,494.55495045676264,54903.88159208731,54903.88159208462,2.708628988537797e-13,0.0
100.0,0.013750000000000002,1.0,1.6106286393345216e-09,7.00384086573426,494.5549501845529,494.5549501845529,109807.76318465092,109807.76318465256,494.55495018455275,494.55495018455287,54903.88159232546,54903.881592326376,2.2135729062789365e-13,0.0
100.0,0.013850000000000001,1.0,1.6106286393345216e-09,7.003840863182319,494.5549500736992,494.5549500736992,109807.7631848568,109807.76318485127,494.55495007369933,494.5549500736994,54903.8815924284,54903.88159242573,2.7815529666426757e-13,0.0
100.0,0.01395,1.0,1.6106286393345216e-09,7.003840847301753,494.5549500292121,494.5549500292121,109807.76318493037,109807.76318493241,494.5549500292122,494.5549500292122,54903.881592465186,54903.8815924663,2.7815527019448797e-13,0.0
100.0,0.01405,1.0,1.6106286393345216e-09,7.00384084694152,494.5549500116126,494.5549500116126,109807.76318495855,109807.76318496051,494.55495001161285,494.5549500116129,54903.88159247927,54903.88159248035,2.2393100023812584e-13,0.0
100.0,0.014150000000000001,1.0,1.6106286393345216e-09,7.00384085086873,494.55495000474696,494.5549500047471,109807.76318497253,109807.76318497564,494.5549500047473,494.55495000474735,54903.881592486265,54903.881592487916,4.2661428487349596e-13,0.0
100.0,0.01425,1.0,1.6106286393345216e-09,7.003840854242963,494.554950002105,494.554950002105,109807.76318497647,109807.76318497902,494.5549500021052,494.5549500021052,54903.88159248824,54903.881592489604,3.155916647736251e-13,0.0
100.0,0.014350000000000002,1.0,1.6106286393345216e-09,7.003840855800362,494.55495000110176,494.55495000110176,109807.76318498078,109807.76318498333,494.55495000110193,494.5549500011018,54903.88159249039,54903.88159249176,3.7582219241940825e-13,0.0
100.0,0.014450000000000001,1.0,1.6106286393345216e-09,7.003840873906409,494.554950000726,494.55495000072597,109807.76318497957,109807.76318498184,494.5549500007259,494.5549500007259,54903.881592489786,54903.881592491016,2.768687594965067e-13,0.0
100.0,0.01455,1.0,1.6106286393345216e-09,7.003840846936034,494.5549500005868,494.5549500005868,109807.76318497873,109807.76318498183,494.5549500005868,494.5549500005868,54903.881592489364,54903.88159249101,3.14304809968509e-13,0.0
100.0,0.01465,1.0,1.6106286393345216e-09,7.003840850165505,494.554950000536,494.55495000053605,109807.76318497957,109807.76318498161,494.5549500005361,494.554950000536,54903.881592489786,54903.8815924909,4.2532745653815947e-13,0.0
100.0,0.014750000000000001,1.0,1.6106286393345216e-09,7.003840875614175,494.55495000051815,494.55495000051815,109807.76318498017,109807.76318498213,494.55495000051815,494.5549500005183,54903.881592490085,54903.88159249116,1.3570283084225624e-13,0.0
100.0,0.01485,1.0,1.6106286393345216e-09,7.0038408656171205,494.5549500005119,494.5549500005119,109807.76318498155,109807.76318498302,494.5549500005119,494.5549500005119,54903.881592490776,54903.881592491605,3.457356880120539e-13,0.0
100.0,0.014950000000000001,1.0,1.6106286393345216e-09,7.003840874772353,494.55495000050996,494.55495000050996,109807.76318498026,109807.76318498222,494.5549500005102,494.55495000051013,54903.88159249013,54903.881592491205,2.84161527883909e-13,0.0
100.0,0.015050000000000001,1.0,1.6106286393345216e-09,7.003840877974287,494.5549500005099,494.5549500005099,109807.76318498101,109807.76318498247,494.55495000051,494.55495000051,54903.88159249051,54903.88159249133,3.517412045476461e-13,0.0
100.0,0.01515,1.0,1.6106286393345216e-09,7.003840877974287,494.5549500005087,494.55495000050877,109807.76318498031,109807.76318498177,494.5549500005087,494.5549500005088,54903.88159249016,54903.88159249098,2.4071890208513045e-13,0.0
100.0,0.01525,1.0,1.6106286393345216e-09,7.0038408707638675,494.5549500005082,494.5549500005082,109807.7631849799,109807.76318498161,494.5549500005083,494.5549500005083,54903.88159248995,54903.8815924909,3.2031104118815043e-13,0.0
100.0,0.01535,1.0,1.6106286393345216e-09,7.003840852671588,494.5549500005073,494.5549500005073,109807.7631849816,109807.76318498365,494.5549500005075,494.5549500005074,54903.8815924908,54903.88159249192,4.2060845070054855e-13,0.0
100.0,0.01545,1.0,1.6106286393345216e-09,7.003840830236767,494.55495000050695,494.55495000050695,109807.7631849795,109807.76318498145,494.554950000507,494.554950000507,54903.88159248975,54903.88159249082,3.590910153100901e-13,0.0
100.0,0.015550000000000001,1.0,1.6106286393345216e-09,7.003840859377842,494.554950000507,494.554950000507,109807.76318497847,109807.76318498043,494.55495000050723,494.5549500005071,54903.88159248923,54903.88159249031,3.5774740929750794e-13,0.0
100.0,0.01565,1.0,1.6106286393345216e-09,7.003840898896404,494.5549500005068,494.5549500005068,109807.76318498385,109807.76318498582,494.5549500005068,494.5549500005069,54903.881592491925,54903.881592493,1.7785794009142865e-13,0.0
100.0,0.01575,1.0,1.6106286393345216e-09,7.0038408726665855,494.55495000050695,494.55495000050695,109807.76318498031,109807.76318498177,494.55495000050706,494.55495000050706,54903.88159249016,54903.88159249098,3.0958575119133887e-13,0.0
100.0,0.015850000000000003,1.0,1.6106286393345216e-09,7.003840863842345,494.55495000050695,494.5549500005069,109807.76318497151,109807.76318498155,494.55495000050706,494.5549500005071,54903.881592485755,54903.88159249087,2.6008054001214686e-13,0.0
100.0,0.01595,1.0,1.6106286393345216e-09,7.00384086187408,494.554950000507,494.554950000507,109807.76318497933,109807.76318498161,494.5549500005072,494.5549500005072,54903.88159248966,54903.8815924909,3.022362580662501e-13,0.0
100.0,0.016050000000000002,1.0,1.6106286393345216e-09,7.003840862891756,494.5549500005073,494.5549500005073,109807.76318497147,109807.76318498151,494.5549500005075,494.5549500005075,54903.88159248573,54903.88159249085,3.155920088807599e-13,0.0
100.0,0.016149999999999998,1.0,1.6106286393345216e-09,7.003840850728074,494.55495000050695,494.55495000050695,109807.76318498125,109807.7631849832,494.5549500005072,494.5549500005072,54903.88159249062,54903.88159249169,3.155916647736251e-13,0.0
100.0,0.01625,1.0,1.6106286393345216e-09,7.003840960228025,494.5549500005063,494.5549500005063,109807.76318497914,109807.76318498168,494.55495000050644,494.55495000050655,54903.88159248957,54903.881592490936,7.884743832370584e-14,0.0
100.0,0.016350000000000003,1.0,1.6106286393345216e-09,7.003840882937318,494.55495000050485,494.5549500005049,109807.76318497937,109807.76318498192,494.554950000505,494.5549500005051,54903.881592489684,54903.88159249105,2.6008054001214686e-13,0.0
100.0,0.01645,1.0,1.6106286393345216e-09,7.003840841004006,494.55495000049916,494.5549500004991,109807.76318497746,109807.76318497943,494.5549500004997,494.5549500004995,54903.88159248873,54903.88159248981,5.088365406870793e-13,0.0
100.0,0.016550000000000002,1.0,1.6106286393345216e-09,7.003840861359471,494.5549500004867,494.5549500004867,109807.76318497548,109807.76318497745,494.55495000048694,494.5549500004868,54903.88159248774,54903.88159248882,3.891775726570036e-13,0.0
100.0,0.016649999999999998,1.0,1.6106286393345216e-09,7.003840843493066,494.5549500004585,494.5549500004585,109807.76318496949,109807.76318497203,494.5549500004586,494.5549500004585,54903.881592484744,54903.88159248611,4.012464686663973e-13,0.0
100.0,0.01675,1.0,1.6106286393345216e-09,7.003840850286391,494.55495000039355,494.55495000039355,109807.76318494933,109807.76318495888,494.5549500003935,494.5549500003936,54903.88159247467,54903.881592479534,2.902245103110165e-13,0.0
100.0,0.016850000000000004,1.0,1.6106286393345216e-09,7.003840836738195,494.5549500002463,494.5549500002463,109807.76318492007,109807.76318492262,494.55495000024655,494.55495000024655,54903.881592460035,54903.8815924614,3.2894738911835527e-13,0.0
100.0,0.01695,1.0,1.6106286393345216e-09,7.003840861359456,494.5549499999187,494.5549499999187,109807.76318485045,109807.76318485242,494.55494999991896,494.5549499999188,54903.88159242523,54903.8815924263,4.4468909446517587e-13,0.0
100.0,0.017050000000000003,1.0,1.6106286393345216e-09,7.003840862327391,494.5549499992001,494.5549499992001,109807.76318469037,109807.76318469233,494.55494999920035,494.55494999920023,54903.881592345184,54903.88159234626,4.627638511172966e-13,0.0
100.0,0.01715,1.0,1.6106286393345216e-09,7.0038408744654745,494.55494999765307,494.55494999765307,109807.76318434463,109807.76318434658,494.5549499976532,494.55494999765324,54903.881592172314,54903.881592173384,2.467251333047719e-13,0.0
100.0,0.01725,1.0,1.6106286393345216e-09,7.003840850193476,494.5549499943834,494.55494999438343,109807.7631836216,109807.76318362307,494.5549499943834,494.55494999438343,54903.8815918108,54903.88159181163,3.457356615422743e-13,0.0
100.0,0.01735,1.0,1.6106286393345216e-09,7.003840850165645,494.55494998760014,494.55494998760014,109807.763182113,109807.76318211612,494.55494998759997,494.55494998760014,54903.8815910565,54903.881591058154,1.4777170038187033e-13,0.0
100.0,0.01745,1.0,1.6106286393345216e-09,7.003840860825227,494.5549499737999,494.5549499737999,109807.76317905138,109807.76317905306,494.5549499737997,494.55494997379975,54903.88158952569,54903.88158952662,3.444484361602438e-13,0.0
100.0,0.017550000000000003,1.0,1.6106286393345216e-09,7.003840870684089,494.55494994627566,494.5549499462757,109807.7631729376,109807.76317293983,494.55494994627554,494.55494994627537,54903.8815864688,54903.88158647001,4.976265360862015e-13,0.0
100.0,0.01765,1.0,1.6106286393345216e-09,7.003840838571183,494.5549498924855,494.5549498924855,109807.76316098872,109807.76316099908,494.5549498924853,494.5549498924852,54903.88158049436,54903.881580499634,4.675396346321531e-13,0.0
100.0,0.017750000000000002,1.0,1.6106286393345216e-09,7.003840847763287,494.5549497895464,494.5549497895464,109807.7631381377,109807.76313813991,494.5549497895461,494.5549497895462,54903.88156906885,54903.88156907005,2.0199567917065684e-13,0.0
100.0,0.017849999999999998,1.0,1.6106286393345216e-09,7.00384085497172,494.55494959673484,494.55494959673484,109807.7630953323,109807.76309533452,494.55494959673456,494.55494959673456,54903.88154766615,54903.881547667355,3.310927118155136e-13,0.0
100.0,0.01795,1.0,1.6106286393345216e-09,7.003840833726487,494.55494924345754,494.55494924345754,109807.76301688014,109807.76301689037,494.55494924345726,494.55494924345726,54903.88150844007,54903.88150844528,3.6252358985905853e-13,0.0
100.0,0.018050000000000004,1.0,1.6106286393345216e-09,7.003840850368515,494.5549486106363,494.5549486106363,109807.76287638131,109807.76287638328,494.5549486106363,494.5549486106363,54903.881438190656,54903.88143819173,3.14304809968509e-13,0.0
100.0,0.01815,1.0,1.6106286393345216e-09,7.003840854251375,494.55494750305337,494.5549475030533,109807.76263046228,109807.76263046452,494.5549475030532,494.55494750305314,54903.88131523114,54903.88131523236,3.6852947697156514e-13,0.0
100.0,0.018250000000000002,1.0,1.6106286393345216e-09,7.0038408482949945,494.55494561007566,494.5549456100758,109807.76221015606,109807.76221015828,494.5549456100756,494.55494561007566,54903.88110507803,54903.881105079236,4.0596550097378784e-13,0.0
100.0,0.018349999999999998,1.0,1.6106286393345216e-09,7.003840834023639,494.5549424526731,494.55494245267306,109807.76150910901,109807.76150911122,494.55494245267295,494.55494245267295,54903.880754554506,54903.88075455571,2.94943542618407e-13,0.0
100.0,0.01845,1.0,1.6106286393345216e-09,7.003840841158808,494.55493731615513,494.5549373161552,109807.76036862905,109807.76036863185,494.55493731615513,494.554937316155,54903.88018431453,54903.88018431602,4.92907503778811e-13,0.0
100.0,0.018550000000000004,1.0,1.6106286393345216e-09,7.003840852810133,494.55492917097996,494.55492917098,109807.7585601271,109807.75856012957,494.5549291709799,494.5549291709799,54903.87928006355,54903.87928006487,3.009490856237788e-13,0.0
100.0,0.01865,1.0,1.6106286393345216e-09,7.003840862104682,494.554916588578,494.554916588578,109807.7557664122,109807.75576641475,494.5549165885781,494.55491658857807,54903.8778832061,54903.87788320747,3.831716590747174e-13,0.0
100.0,0.018750000000000003,1.0,1.6106286393345216e-09,7.0038408575682665,494.55489766519725,494.55489766519725,109807.75156478751,109807.75156478948,494.5548976651974,494.55489766519736,54903.875782393756,54903.87578239484,3.965277804661416e-13,0.0
100.0,0.01885,1.0,1.6106286393345216e-09,7.003840863842382,494.5548699734747,494.55486997347464,109807.74541629165,109807.7454163017,494.5548699734749,494.55486997347487,54903.87270814583,54903.87270815094,3.155916912434047e-13,0.0
100.0,0.01895,1.0,1.6106286393345216e-09,7.0038408489606025,494.5548305670841,494.5548305670841,109807.73666675991,109807.73666676244,494.55483056708454,494.5548305670844,54903.868333379956,54903.868333381324,4.640506794526331e-13,0.0
100.0,0.01905,1.0,1.6106286393345216e-09,7.003840875559501,494.55477606596213,494.55477606596213,109807.72456568525,109807.7245656867,494.5547760659622,494.5547760659622,54903.86228284262,54903.86228284345,2.962303180141843e-13,0.0
100.0,0.01915,1.0,1.6106286393345216e-09,7.003840847280528,494.55470284547823,494.5547028454782,109807.70830827742,109807.70830828746,494.55470284547835,494.55470284547846,54903.85415413871,54903.854154143824,2.0456967994846465e-13,0.0
100.0,0.019250000000000003,1.0,1.6106286393345216e-09,7.003840857362008,494.55460734045363,494.55460734045363,109807.68710297259,109807.68710297513,494.554607340454,494.554607340454,54903.843551486294,54903.84355148767,3.663841807441864e-13,0.0
100.0,0.01935,1.0,1.6106286393345216e-09,7.003840840964011,494.5544864536924,494.5544864536923,109807.66026206125,109807.66026206329,494.5544864536925,494.5544864536925,54903.83013103063,54903.83013103175,2.674301654861336e-13,0.0
100.0,0.019450000000000002,1.0,1.6106286393345216e-09,7.0038408427242524,494.55433803131854,494.55433803131854,109807.62730732375,109807.62730732549,494.55433803131876,494.5543380313186,54903.81365366188,54903.81365366283,4.62763559949721e-13,0.0
100.0,0.019549999999999998,1.0,1.6106286393345216e-09,7.003840867227097,494.55416133944215,494.55416133944215,109807.58807580655,109807.58807580883,494.55416133944226,494.55416133944226,54903.79403790327,54903.794037904496,2.1529444054968418e-13,0.0
100.0,0.01965,1.0,1.6106286393345216e-09,7.003840878159,494.5539574566966,494.5539574566966,109807.54280701221,109807.54280701476,494.5539574566967,494.5539574566967,54903.77140350611,54903.77140350747,3.203103265041012e-13,0.0
100.0,0.019750000000000004,1.0,1.6106286393345216e-09,7.003840845347074,494.5537294933669,494.5537294933669,109807.49219151602,109807.4921915185,494.55372949336686,494.55372949336686,54903.74609575801,54903.74609575932,3.0094823859083155e-13,0.0
100.0,0.01985,1.0,1.6106286393345216e-09,7.003840863114143,494.5534825656258,494.55348256562576,109807.43736528707,109807.43736528844,494.5534825656257,494.5534825656257,54903.718682643535,54903.71868264429,2.1400650048360441e-13,0.0
100.0,0.019950000000000002,1.0,1.6106286393345216e-09,7.003840851880481,494.5532234925353,494.5532234925353,109807.37984238476,109807.37984238676,494.55322349253527,494.55322349253527,54903.68992119238,54903.68992119346,3.0094815918149274e-13,0.0
