time_s,x_m,phi,De_m2_s,pH,Al_c_mol_m3_water,Al_total_mol_m3_bulk,C_c_mol_m3_water,C_total_mol_m3_bulk,Ca_c_mol_m3_water,Ca_total_mol_m3_bulk,Cl_c_mol_m3_water,Cl_total_mol_m3_bulk,H_c_mol_m3_water,H_total_mol_m3_bulk,Mg_c_mol_m3_water,Mg_total_mol_m3_bulk,Na_c_mol_m3_water,Na_total_mol_m3_bulk,O_c_mol_m3_water,O_total_mol_m3_bulk,Si_c_mol_m3_water,Si_total_mol_m3_bulk,Zz_c_mol_m3_water,Zz_total_mol_m3_bulk,Gibbsite_mol_m3_bulk,Kaolinite_mol_m3_bulk,Aragonite_mol_m3_bulk,Calcite_mol_m3_bulk,Dolomite-dis_mol_m3_bulk,Portlandite_mol_m3_bulk,Magnesite_mol_m3_bulk,Brucite_mol_m3_bulk,Quartz_mol_m3_bulk
0.0,0.0025,0.5060963798562873,5.060963798562873e-10,8.721852842223006,0.00027337441116026507,1559.4088526159585,1.8781767915960466,1048.990140220538,0.4135368507027246,775.6780218510019,170.13522632137648,86.10482212727887,110385.9363936743,58984.74022657194,0.639987612678096,272.8947648153855,170.13522632137327,86.10482212727887,55198.17491081645,71597.76335421107,0.19821875811285544,18309.863447446856,-1.3059756148962467e-10,0.0,0.0,779.7043571162316,0.0,775.4687323483046,0.0,0.0,272.57086940163225,0.0,16750.35441611947
0.0,0.0075,0.5060963798562873,5.060963798562873e-10,8.721852842223006,0.00027337441116026507,1559.4088526159585,1.8781767915960466,1048.990140220538,0.4135368507027246,775.6780218510019,170.13522632137648,86.10482212727887,110385.9363936743,58984.74022657194,0.639987612678096,272.8947648153855,170.13522632137327,86.10482212727887,55198.17491081645,71597.76335421107,0.19821875811285544,18309.863447446856,-1.3059756148962467e-10,0.0,0.0,779.7043571162316,0.0,775.4687323483046,0.0,0.0,272.57086940163225,0.0,16750.35441611947
0.0,0.0125,0.5060963798562873,5.060963798562873e-10,8.721852842223006,0.00027337441116026507,1559.4088526159585,1.8781767915960466,1048.990140220538,0.4135368507027246,775.6780218510019,170.13522632137648,86.10482212727887,110385.9363936743,58984.74022657194,0.639987612678096,272.8947648153855,170.13522632137327,86.10482212727887,55198.17491081645,71597.76335421107,0.19821875811285544,18309.863447446856,-1.3059756148962467e-10,0.0,0.0,779.7043571162316,0.0,775.4687323483046,0.0,0.0,272.57086940163225,0.0,16750.35441611947
0.0,0.0175,0.5060963798562873,5.060963798562873e-10,8.721852842223006,0.00027337441116026507,1559.4088526159585,1.8781767915960466,1048.990140220538,0.4135368507027246,775.6780218510019,170.13522632137648,86.10482212727887,110385.9363936743,58984.74022657194,0.639987612678096,272.8947648153855,170.13522632137327,86.10482212727887,55198.17491081645,71597.76335421107,0.19821875811285544,18309.863447446856,-1.3059756148962467e-10,0.0,0.0,779.7043571162316,0.0,775.4687323483046,0.0,0.0,272.57086940163225,0.0,16750.35441611947
0.0,0.0225,0.5060963798562873,5.060963798562873e-10,8.721852842223006,0.00027337441116026507,1559.4088526159585,1.8781767915960466,1048.990140220538,0.4135368507027246,775.6780218510019,170.13522632137648,86.10482212727887,110385.9363936743,58984.74022657194,0.639987612678096,272.8947648153855,170.13522632137327,86.10482212727887,55198.17491081645,71597.76335421107,0.19821875811285544,18309.863447446856,-1.3059756148962467e-10,0.0,0.0,779.7043571162316,0.0,775.4687323483046,0.0,0.0,272.57086940163225,0.0,16750.35441611947
0.0,0.0275,0.5060963798562873,5.060963798562873e-10,8.721852842223006,0.00027337441116026507,1559.4088526159585,1.8781767915960466,1048.990140220538,0.4135368507027246,775.6780218510019,170.13522632137648,86.10482212727887,110385.9363936743,58984.74022657194,0.639987612678096,272.8947648153855,170.13522632137327,86.10482212727887,55198.17491081645,71597.76335421107,0.19821875811285544,18309.863447446856,-1.3059756148962467e-10,0.0,0.0,779.7043571162316,0.0,775.4687323483046,0.0,0.0,272.57086940163225,0.0,16750.35441611947
0.0,0.0325,0.5060963798562873,5.060963798562873e-10,8.721852842223006,0.00027337441116026507,1559.4088526159585,1.8781767915960466,1048.990140220538,0.4135368507027246,775.6780218510019,170.13522632137648,86.10482212727887,110385.9363936743,58984.74022657194,0.639987612678096,272.8947648153855,170.13522632137327,86.10482212727887,55198.17491081645,71597.76335421107,0.19821875811285544,18309.863447446856,-1.3059756148962467e-10,0.0,0.0,779.7043571162316,0.0,775.4687323483046,0.0,0.0,272.57086940163225,0.0,16750.35441611947
0.0,0.037500000000000006,0.5060963798562873,5.060963798562873e-10,8.721852842223006,0.00027337441116026507,1559.4088526159585,1.8781767915960466,1048.990140220538,0.4135368507027246,775.6780218510019,170.13522632137648,86.10482212727887,110385.9363936743,58984.74022657194,0.639987612678096,272.8947648153855,170.13522632137327,86.10482212727887,55198.17491081645,71597.76335421107,0.19821875811285544,18309.863447446856,-1.3059756148962467e-10,0.0,0.0,779.7043571162316,0.0,775.4687323483046,0.0,0.0,272.57086940163225,0.0,16750.35441611947
0.0,0.042499999999999996,0.5060963798562873,5.060963798562873e-10,8.721852842223006,0.00027337441116026507,1559.4088526159585,1.8781767915960466,1048.990140220538,0.4135368507027246,775.6780218510019,170.13522632137648,86.10482212727887,110385.9363936743,58984.74022657194,0.639987612678096,272.8947648153855,170.13522632137327,86.10482212727887,55198.17491081645,71597.76335421107,0.19821875811285544,18309.863447446856,-1.3059756148962467e-10,0.0,0.0,779.7043571162316,0.0,775.4687323483046,0.0,0.0,272.57086940163225,0.0,16750.35441611947
0.0,0.0475,0.5060963798562873,5.060963798562873e-10,8.721852842223006,0.00027337441116026507,1559.4088526159585,1.8781767915960466,1048.990140220538,0.4135368507027246,775.6780218510019,170.13522632137648,86.10482212727887,110385.9363936743,58984.74022657194,0.639987612678096,272.8947648153855,170.13522632137327,86.10482212727887,55198.17491081645,71597.76335421107,0.19821875811285544,18309.863447446856,-1.3059756148962467e-10,0.0,0.0,779.7043571162316,0.0,775.4687323483046,0.0,0.0,272.57086940163225,0.0,16750.35441611947
0.0,0.052500000000000005,0.5060963798562873,5.060963798562873e-10,8.721852842223006,0.00027337441116026507,1559.4088526159585,1.8781767915960466,1048.990140220538,0.4135368507027246,775.6780218510019,170.13522632137648,86.10482212727887,110385.9363936743,58984.74022657194,0.639987612678096,272.8947648153855,170.13522632137327,86.10482212727887,55198.17491081645,71597.76335421107,0.19821875811285544,18309.863447446856,-1.3059756148962467e-10,0.0,0.0,779.7043571162316,0.0,775.4687323483046,0.0,0.0,272.57086940163225,0.0,16750.35441611947
0.0,0.057499999999999996,0.5060963798562873,5.060963798562873e-10,8.721852842223006,0.00027337441116026507,1559.4088526159585,1.8781767915960466,1048.990140220538,0.4135368507027246,775.6780218510019,170.13522632137648,86.10482212727887,110385.9363936743,58984.74022657194,0.639987612678096,272.8947648153855,170.13522632137327,86.10482212727887,55198.17491081645,71597.76335421107,0.19821875811285544,18309.863447446856,-1.3059756148962467e-10,0.0,0.0,779.7043571162316,0.0,775.4687323483046,0.0,0.0,272.57086940163225,0.0,16750.35441611947
0.0,0.0625,0.5060963798562873,5.060963798562873e-10,8.721852842223006,0.00027337441116026507,1559.4088526159585,1.8781767915960466,1048.990140220538,0.4135368507027246,775.6780218510019,170.13522632137648,86.10482212727887,110385.9363936743,58984.74022657194,0.639987612678096,272.8947648153855,170.13522632137327,86.10482212727887,55198.17491081645,71597.76335421107,0.19821875811285544,18309.863447446856,-1.3059756148962467e-10,0.0,0.0,779.7043571162316,0.0,775.4687323483046,0.0,0.0,272.57086940163225,0.0,16750.35441611947
0.0,0.0675,0.5060963798562873,5.060963798562873e-10,8.721852842223006,0.00027337441116026507,1559.4088526159585,1.8781767915960466,1048.990140220538,0.4135368507027246,775.6780218510019,170.13522632137648,86.10482212727887,110385.9363936743,58984.74022657194,0.639987612678096,272.8947648153855,170.13522632137327,86.10482212727887,55198.17491081645,71597.76335421107,0.19821875811285544,18309.863447446856,-1.3059756148962467e-10,0.0,0.0,779.7043571162316,0.0,775.4687323483046,0.0,0.0,272.57086940163225,0.0,16750.35441611947
0.0,0.07250000000000001,0.5060963798562873,5.060963798562873e-10,8.721852842223006,0.00027337441116026507,1559.4088526159585,1.8781767915960466,1048.990140220538,0.4135368507027246,775.6780218510019,170.13522632137648,86.10482212727887,110385.9363936743,58984.74022657194,0.639987612678096,272.8947648153855,170.13522632137327,86.10482212727887,55198.17491081645,71597.76335421107,0.19821875811285544,18309.863447446856,-1.3059756148962467e-10,0.0,0.0,779.7043571162316,0.0,775.4687323483046,0.0,0.0,272.57086940163225,0.0,16750.35441611947
0.0,0.0775,0.5060963798562873,5.060963798562873e-10,8.721852842223006,0.00027337441116026507,1559.4088526159585,1.8781767915960466,1048.990140220538,0.4135368507027246,775.6780218510019,170.13522632137648,86.10482212727887,110385.9363936743,58984.74022657194,0.639987612678096,272.8947648153855,170.13522632137327,86.10482212727887,55198.17491081645,71597.76335421107,0.19821875811285544,18309.863447446856,-1.3059756148962467e-10,0.0,0.0,779.7043571162316,0.0,775.4687323483046,0.0,0.0,272.57086940163225,0.0,16750.35441611947
0.0,0.0825,0.5060963798562873,5.060963798562873e-10,8.721852842223006,0.00027337441116026507,1559.4088526159585,1.8781767915960466,1048.990140220538,0.4135368507027246,775.6780218510019,170.13522632137648,86.10482212727887,110385.9363936743,58984.74022657194,0.639987612678096,272.8947648153855,170.13522632137327,86.10482212727887,55198.17491081645,71597.76335421107,0.19821875811285544,18309.863447446856,-1.3059756148962467e-10,0.0,0.0,779.7043571162316,0.0,775.4687323483046,0.0,0.0,272.57086940163225,0.0,16750.35441611947
0.0,0.0875,0.5060963798562873,5.060963798562873e-10,8.721852842223006,0.00027337441116026507,1559.4088526159585,1.8781767915960466,1048.990140220538,0.4135368507027246,775.6780218510019,170.13522632137648,86.10482212727887,110385.9363936743,58984.74022657194,0.639987612678096,272.8947648153855,170.13522632137327,86.10482212727887,55198.17491081645,71597.76335421107,0.19821875811285544,18309.863447446856,-1.3059756148962467e-10,0.0,0.0,779.7043571162316,0.0,775.4687323483046,0.0,0.0,272.57086940163225,0.0,16750.35441611947
0.0,0.0925,0.5060963798562873,5.060963798562873e-10,8.721852842223006,0.00027337441116026507,1559.4088526159585,1.8781767915960466,1048.990140220538,0.4135368507027246,775.6780218510019,170.13522632137648,86.10482212727887,110385.9363936743,58984.74022657194,0.639987612678096,272.8947648153855,170.13522632137327,86.10482212727887,55198.17491081645,71597.76335421107,0.19821875811285544,18309.863447446856,-1.3059756148962467e-10,0.0,0.0,779.7043571162316,0.0,775.4687323483046,0.0,0.0,272.57086940163225,0.0,16750.35441611947
0.0,0.0975,0.5060963798562873,5.060963798562873e-10,8.721852842223006,0.00027337441116026507,1559.4088526159585,1.8781767915960466,1048.990140220538,0.4135368507027246,775.6780218510019,170.13522632137648,86.10482212727887,110385.9363936743,58984.74022657194,0.639987612678096,272.8947648153855,170.13522632137327,86.10482212727887,55198.17491081645,71597.76335421107,0.19821875811285544,18309.863447446856,-1.3059756148962467e-10,0.0,0.0,779.7043571162316,0.0,775.4687323483046,0.0,0.0,272.57086940163225,0.0,16750.35441611947
0.0,0.10250000000000001,0.5060963798562873,5.060963798562873e-10,8.721852842223006,0.00027337441116026507,1559.4088526159585,1.8781767915960466,1048.990140220538,0.4135368507027246,775.6780218510019,170.13522632137648,86.10482212727887,110385.9363936743,58984.74022657194,0.639987612678096,272.8947648153855,170.13522632137327,86.10482212727887,55198.17491081645,71597.76335421107,0.19821875811285544,18309.863447446856,-1.3059756148962467e-10,0.0,0.0,779.7043571162316,0.0,775.4687323483046,0.0,0.0,272.57086940163225,0.0,16750.35441611947
0.0,0.1075,0.5060963798562873,5.060963798562873e-10,8.721852842223006,0.00027337441116026507,1559.4088526159585,1.8781767915960466,1048.990140220538,0.4135368507027246,775.6780218510019,170.13522632137648,86.10482212727887,110385.9363936743,58984.74022657194,0.639987612678096,272.8947648153855,170.13522632137327,86.10482212727887,55198.17491081645,71597.76335421107,0.19821875811285544,18309.863447446856,-1.3059756148962467e-10,0.0,0.0,779.7043571162316,0.0,775.4687323483046,0.0,0.0,272.57086940163225,0.0,16750.35441611947
0.0,0.1125,0.5060963798562873,5.060963798562873e-10,8.721852842223006,0.00027337441116026507,1559.4088526159585,1.8781767915960466,1048.990140220538,0.4135368507027246,775.6780218510019,170.13522632137648,86.10482212727887,110385.9363936743,58984.74022657194,0.639987612678096,272.8947648153855,170.13522632137327,86.10482212727887,55198.17491081645,71597.76335421107,0.19821875811285544,18309.863447446856,-1.3059756148962467e-10,0.0,0.0,779.7043571162316,0.0,775.4687323483046,0.0,0.0,272.57086940163225,0.0,16750.35441611947
0.0,0.1175,0.5060963798562873,5.060963798562873e-10,8.721852842223006,0.00027337441116026507,1559.4088526159585,1.8781767915960466,1048.990140220538,0.4135368507027246,775.6780218510019,170.13522632137648,86.10482212727887,110385.9363936743,58984.74022657194,0.639987612678096,272.8947648153855,170.13522632137327,86.10482212727887,55198.17491081645,71597.76335421107,0.19821875811285544,18309.863447446856,-1.3059756148962467e-10,0.0,0.0,779.7043571162316,0.0,775.4687323483046,0.0,0.0,272.57086940163225,0.0,16750.35441611947
0.0,0.1225,0.5060963798562873,5.060963798562873e-10,8.721852842223006,0.00027337441116026507,1559.4088526159585,1.8781767915960466,1048.990140220538,0.4135368507027246,775.6780218510019,170.13522632137648,86.10482212727887,110385.9363936743,58984.74022657194,0.639987612678096,272.8947648153855,170.13522632137327,86.10482212727887,55198.17491081645,71597.76335421107,0.19821875811285544,18309.863447446856,-1.3059756148962467e-10,0.0,0.0,779.7043571162316,0.0,775.4687323483046,0.0,0.0,272.57086940163225,0.0,16750.35441611947
0.0,0.1275,0.5060963798562873,5.060963798562873e-10,8.721852842223006,0.00027337441116026507,1559.4088526159585,1.8781767915960466,1048.990140220538,0.4135368507027246,775.6780218510019,170.13522632137648,86.10482212727887,110385.9363936743,58984.74022657194,0.639987612678096,272.8947648153855,170.13522632137327,86.10482212727887,55198.17491081645,71597.76335421107,0.19821875811285544,18309.863447446856,-1.3059756148962467e-10,0.0,0.0,779.7043571162316,0.0,775.4687323483046,0.0,0.0,272.57086940163225,0.0,16750.35441611947
0.0,0.1325,0.5060963798562873,5.060963798562873e-10,8.721852842223006,0.00027337441116026507,1559.4088526159585,1.8781767915960466,1048.990140220538,0.4135368507027246,775.6780218510019,170.13522632137648,86.10482212727887,110385.9363936743,58984.74022657194,0.639987612678096,272.8947648153855,170.13522632137327,86.10482212727887,55198.17491081645,71597.76335421107,0.19821875811285544,18309.863447446856,-1.3059756148962467e-10,0.0,0.0,779.7043571162316,0.0,775.4687323483046,0.0,0.0,272.57086940163225,0.0,16750.35441611947
0.0,0.1375,0.5060963798562873,5.060963798562873e-10,8.721852842223006,0.00027337441116026507,1559.4088526159585,1.8781767915960466,1048.990140220538,0.4135368507027246,775.6780218510019,170.13522632137648,86.10482212727887,110385.9363936743,58984.74022657194,0.639987612678096,272.8947648153855,170.13522632137327,86.10482212727887,55198.17491081645,71597.76335421107,0.19821875811285544,18309.863447446856,-1.3059756148962467e-10,0.0,0.0,779.7043571162316,0.0,775.4687323483046,0.0,0.0,272.57086940163225,0.0,16750.35441611947
0.0,0.14250000000000002,0.5060963798562873,5.060963798562873e-10,8.721852842223006,0.00027337441116026507,1559.4088526159585,1.8781767915960466,1048.990140220538,0.4135368507027246,775.6780218510019,170.13522632137648,86.10482212727887,110385.9363936743,58984.74022657194,0.639987612678096,272.8947648153855,170.13522632137327,86.10482212727887,55198.17491081645,71597.76335421107,0.19821875811285544,18309.863447446856,-1.3059756148962467e-10,0.0,0.0,779.7043571162316,0.0,775.4687323483046,0.0,0.0,272.57086940163225,0.0,16750.35441611947
0.0,0.1475,0.5060963798562873,5.060963798562873e-10,8.721852842223006,0.00027337441116026507,1559.4088526159585,1.8781767915960466,1048.990140220538,0.4135368507027246,775.6780218510019,170.13522632137648,86.10482212727887,110385.9363936743,58984.74022657194,0.639987612678096,272.8947648153855,170.13522632137327,86.10482212727887,55198.17491081645,71597.76335421107,0.19821875811285544,18309.863447446856,-1.3059756148962467e-10,0.0,0.0,779.7043571162316,0.0,775.4687323483046,0.0,0.0,272.57086940163225,0.0,16750.35441611947
0.0,0.1525,0.5060963798562873,5.060963798562873e-10,8.721852842223006,0.00027337441116026507,1559.4088526159585,1.8781767915960466,1048.990140220538,0.4135368507027246,775.6780218510019,170.13522632137648,86.10482212727887,110385.9363936743,58984.74022657194,0.639987612678096,272.8947648153855,170.13522632137327,86.10482212727887,55198.17491081645,71597.76335421107,0.19821875811285544,18309.863447446856,-1.3059756148962467e-10,0.0,0.0,779.7043571162316,0.0,775.4687323483046,0.0,0.0,272.57086940163225,0.0,16750.35441611947
0.0,0.1575,0.5060963798562873,5.060963798562873e-10,8.721852842223006,0.00027337441116026507,1559.4088526159585,1.8781767915960466,1048.990140220538,0.4135368507027246,775.6780218510019,170.13522632137648,86.10482212727887,110385.9363936743,58984.74022657194,0.639987612678096,272.8947648153855,170.13522632137327,86.10482212727887,55198.17491081645,71597.76335421107,0.19821875811285544,18309.863447446856,-1.3059756148962467e-10,0.0,0.0,779.7043571162316,0.0,775.4687323483046,0.0,0.0,272.57086940163225,0.0,16750.35441611947
0.0,0.1625,0.5060963798562873,5.060963798562873e-10,8.721852842223006,0.00027337441116026507,1559.4088526159585,1.8781767915960466,1048.990140220538,0.4135368507027246,775.6780218510019,170.13522632137648,86.10482212727887,110385.9363936743,58984.74022657194,0.639987612678096,272.8947648153855,170.13522632137327,86.10482212727887,55198.17491081645,71597.76335421107,0.19821875811285544,18309.863447446856,-1.3059756148962467e-10,0.0,0.0,779.7043571162316,0.0,775.4687323483046,0.0,0.0,272.57086940163225,0.0,16750.35441611947
0.0,0.1675,0.5060963798562873,5.060963798562873e-10,8.721852842223006,0.00027337441116026507,1559.4088526159585,1.8781767915960466,1048.990140220538,0.4135368507027246,775.6780218510019,170.13522632137648,86.10482212727887,110385.9363936743,58984.74022657194,0.639987612678096,272.8947648153855,170.13522632137327,86.10482212727887,55198.17491081645,71597.76335421107,0.19821875811285544,18309.863447446856,-1.3059756148962467e-10,0.0,0.0,779.7043571162316,0.0,775.4687323483046,0.0,0.0,272.57086940163225,0.0,16750.35441611947
0.0,0.17250000000000001,0.5060963798562873,5.060963798562873e-10,8.721852842223006,0.00027337441116026507,1559.4088526159585,1.8781767915960466,1048.990140220538,0.4135368507027246,775.6780218510019,170.13522632137648,86.10482212727887,110385.9363936743,58984.74022657194,0.639987612678096,272.8947648153855,170.13522632137327,86.10482212727887,55198.17491081645,71597.76335421107,0.19821875811285544,18309.863447446856,-1.3059756148962467e-10,0.0,0.0,779.7043571162316,0.0,775.4687323483046,0.0,0.0,272.57086940163225,0.0,16750.35441611947
0.0,0.1775,0.5060963798562873,5.060963798562873e-10,8.721852842223006,0.00027337441116026507,1559.4088526159585,1.8781767915960466,1048.990140220538,0.4135368507027246,775.6780218510019,170.13522632137648,86.10482212727887,110385.9363936743,58984.74022657194,0.639987612678096,272.8947648153855,170.13522632137327,86.10482212727887,55198.17491081645,71597.76335421107,0.19821875811285544,18309.863447446856,-1.3059756148962467e-10,0.0,0.0,779.7043571162316,0.0,775.4687323483046,0.0,0.0,272.57086940163225,0.0,16750.35441611947
0.0,0.1825,0.5060963798562873,5.060963798562873e-10,8.721852842223006,0.00027337441116026507,1559.4088526159585,1.8781767915960466,1048.990140220538,0.4135368507027246,775.6780218510019,170.13522632137648,86.10482212727887,110385.9363936743,58984.74022657194,0.639987612678096,272.8947648153855,170.13522632137327,86.10482212727887,55198.17491081645,71597.76335421107,0.19821875811285544,18309.863447446856,-1.3059756148962467e-10,0.0,0.0,779.7043571162316,0.0,775.4687323483046,0.0,0.0,272.57086940163225,0.0,16750.35441611947
0.0,0.1875,0.5060963798562873,5.060963798562873e-10,8.721852842223006,0.00027337441116026507,1559.4088526159585,1.8781767915960466,1048.990140220538,0.4135368507027246,775.6780218510019,170.13522632137648,86.10482212727887,110385.9363936743,58984.74022657194,0.639987612678096,272.8947648153855,170.13522632137327,86.10482212727887,55198.17491081645,71597.76335421107,0.19821875811285544,18309.863447446856,-1.3059756148962467e-10,0.0,0.0,779.7043571162316,0.0,775.4687323483046,0.0,0.0,272.57086940163225,0.0,16750.35441611947
0.0,0.1925,0.5060963798562873,5.060963798562873e-10,8.721852842223006,0.00027337441116026507,1559.4088526159585,1.8781767915960466,1048.990140220538,0.4135368507027246,775.6780218510019,170.13522632137648,86.10482212727887,110385.9363936743,58984.74022657194,0.639987612678096,272.8947648153855,170.13522632137327,86.10482212727887,55198.17491081645,71597.76335421107,0.19821875811285544,18309.863447446856,-1.3059756148962467e-10,0.0,0.0,779.7043571162316,0.0,775.4687323483046,0.0,0.0,272.57086940163225,0.0,16750.35441611947
0.0,0.1975,0.5060963798562873,5.060963798562873e-10,8.721852842223006,0.00027337441116026507,1559.4088526159585,1.8781767915960466,1048.990140220538,0.4135368507027246,775.6780218510019,170.13522632137648,86.10482212727887,110385.9363936743,58984.74022657194,0.639987612678096,272.8947648153855,170.13522632137327,86.10482212727887,55198.17491081645,71597.76335421107,0.19821875811285544,18309.863447446856,-1.3059756148962467e-10,0.0,0.0,779.7043571162316,0.0,775.4687323483046,0.0,0.0,272.57086940163225,0.0,16750.35441611947
0.0,0.2025,0.5060963798562873,5.060963798562873e-10,8.721852842223006,0.00027337441116026507,1559.4088526159585,1.8781767915960466,1048.990140220538,0.4135368507027246,775.6780218510019,170.13522632137648,86.10482212727887,110385.9363936743,58984.74022657194,0.639987612678096,272.8947648153855,170.13522632137327,86.10482212727887,55198.17491081645,71597.76335421107,0.19821875811285544,18309.863447446856,-1.3059756148962467e-10,0.0,0.0,779.7043571162316,0.0,775.4687323483046,0.0,0.0,272.57086940163225,0.0,16750.35441611947
0.0,0.20750000000000002,0.5060963798562873,5.060963798562873e-10,8.721852842223006,0.00027337441116026507,1559.4088526159585,1.8781767915960466,1048.990140220538,0.4135368507027246,775.6780218510019,170.13522632137648,86.10482212727887,110385.9363936743,58984.74022657194,0.639987612678096,272.8947648153855,170.13522632137327,86.10482212727887,55198.17491081645,71597.76335421107,0.19821875811285544,18309.863447446856,-1.3059756148962467e-10,0.0,0.0,779.7043571162316,0.0,775.4687323483046,0.0,0.0,272.57086940163225,0.0,16750.35441611947
0.0,0.2125,0.5060963798562873,5.060963798562873e-10,8.721852842223006,0.00027337441116026507,1559.4088526159585,1.8781767915960466,1048.990140220538,0.4135368507027246,775.6780218510019,170.13522632137648,86.10482212727887,110385.9363936743,58984.74022657194,0.639987612678096,272.8947648153855,170.13522632137327,86.10482212727887,55198.17491081645,71597.76335421107,0.19821875811285544,18309.863447446856,-1.3059756148962467e-10,0.0,0.0,779.7043571162316,0.0,775.4687323483046,0.0,0.0,272.57086940163225,0.0,16750.35441611947
0.0,0.2175,0.5060963798562873,5.060963798562873e-10,8.721852842223006,0.00027337441116026507,1559.4088526159585,1.8781767915960466,1048.990140220538,0.4135368507027246,775.6780218510019,170.13522632137648,86.10482212727887,110385.9363936743,58984.74022657194,0.639987612678096,272.8947648153855,170.13522632137327,86.10482212727887,55198.17491081645,71597.76335421107,0.19821875811285544,18309.863447446856,-1.3059756148962467e-10,0.0,0.0,779.7043571162316,0.0,775.4687323483046,0.0,0.0,272.57086940163225,0.0,16750.35441611947
0.0,0.2225,0.5060963798562873,5.060963798562873e-10,8.721852842223006,0.00027337441116026507,1559.4088526159585,1.8781767915960466,1048.990140220538,0.4135368507027246,775.6780218510019,170.13522632137648,86.10482212727887,110385.9363936743,58984.74022657194,0.639987612678096,272.8947648153855,170.13522632137327,86.10482212727887,55198.17491081645,71597.76335421107,0.19821875811285544,18309.863447446856,-1.3059756148962467e-10,0.0,0.0,779.7043571162316,0.0,775.4687323483046,0.0,0.0,272.57086940163225,0.0,16750.35441611947
0.0,0.2275,0.5060963798562873,5.060963798562873e-10,8.721852842223006,0.00027337441116026507,1559.4088526159585,1.8781767915960466,1048.990140220538,0.4135368507027246,775.6780218510019,170.13522632137648,86.10482212727887,110385.9363936743,58984.74022657194,0.639987612678096,272.8947648153855,170.13522632137327,86.10482212727887,55198.17491081645,71597.76335421107,0.19821875811285544,18309.863447446856,-1.3059756148962467e-10,0.0,0.0,779.7043571162316,0.0,775.4687323483046,0.0,0.0,272.57086940163225,0.0,16750.35441611947
0.0,0.2325,0.5060963798562873,5.060963798562873e-10,8.721852842223006,0.00027337441116026507,1559.4088526159585,1.8781767915960466,1048.990140220538,0.4135368507027246,775.6780218510019,170.13522632137648,86.10482212727887,110385.9363936743,58984.74022657194,0.639987612678096,272.8947648153855,170.13522632137327,86.10482212727887,55198.17491081645,71597.76335421107,0.19821875811285544,18309.863447446856,-1.3059756148962467e-10,0.0,0.0,779.7043571162316,0.0,775.4687323483046,0.0,0.0,272.57086940163225,0.0,16750.35441611947
0.0,0.2375,0.5060963798562873,5.060963798562873e-10,8.721852842223006,0.00027337441116026507,1559.4088526159585,1.8781767915960466,1048.990140220538,0.4135368507027246,775.6780218510019,170.13522632137648,86.10482212727887,110385.9363936743,58984.74022657194,0.639987612678096,272.8947648153855,170.13522632137327,86.10482212727887,55198.17491081645,71597.76335421107,0.19821875811285544,18309.863447446856,-1.3059756148962467e-10,0.0,0.0,779.7043571162316,0.0,775.4687323483046,0.0,0.0,272.57086940163225,0.0,16750.35441611947
0.0,0.2425,0.5060963798562873,5.060963798562873e-10,8.721852842223006,0.00027337441116026507,1559.4088526159585,1.8781767915960466,1048.990140220538,0.4135368507027246,775.6780218510019,170.13522632137648,86.10482212727887,110385.9363936743,58984.74022657194,0.639987612678096,272.8947648153855,170.13522632137327,86.10482212727887,55198.17491081645,71597.76335421107,0.19821875811285544,18309.863447446856,-1.3059756148962467e-10,0.0,0.0,779.7043571162316,0.0,775.4687323483046,0.0,0.0,272.57086940163225,0.0,16750.35441611947
0.0,0.2475,0.5060963798562873,5.060963798562873e-10,8.721852842223006,0.00027337441116026507,1559.4088526159585,1.8781767915960466,1048.990140220538,0.4135368507027246,775.6780218510019,170.13522632137648,86.10482212727887,110385.9363936743,58984.74022657194,0.639987612678096,272.8947648153855,170.13522632137327,86.10482212727887,55198.17491081645,71597.76335421107,0.19821875811285544,18309.863447446856,-1.3059756148962467e-10,0.0,0.0,779.7043571162316,0.0,775.4687323483046,0.0,0.0,272.57086940163225,0.0,16750.35441611947
0.0,0.2525,0.5202131437594824,5.202131437594824e-10,12.53169096423043,9.20802811883819e-06,4.790137255526526e-06,0.009833702940419336,12928.196158015355,26.763441979530793,13011.590804181835,170.23532703761907,88.55865465716343,110506.04000031318,57625.64860796735,5.3953226297280135e-06,2.8067177468074875e-06,170.23532703761907,88.55865465716343,55279.80317728557,67680.80745943521,2.4266081145491823e-05,1.2623534359419002e-05,-1.8440688474752517e-14,0.0,0.0,0.0,0.0,12928.191042393464,0.0,69.47706749752503,0.0,0.0,0.0
0.0,0.2575,0.5202131437594824,5.202131437594824e-10,12.53169096423043,9.20802811883819e-06,4.790137255526526e-06,0.009833702940419336,12928.196158015355,26.763441979530793,13011.590804181835,170.23532703761907,88.55865465716343,110506.04000031318,57625.64860796735,5.3953226297280135e-06,2.8067177468074875e-06,170.23532703761907,88.55865465716343,55279.80317728557,67680.80745943521,2.4266081145491823e-05,1.2623534359419002e-05,-1.8440688474752517e-14,0.0,0.0,0.0,0.0,12928.191042393464,0.0,69.47706749752503,0.0,0.0,0.0
0.0,0.2625,0.5202131437594824,5.202131437594824e-10,12.53169096423043,9.20802811883819e-06,4.790137255526526e-06,0.009833702940419336,12928.196158015355,26.763441979530793,13011.590804181835,170.23532703761907,88.55865465716343,110506.04000031318,57625.64860796735,5.3953226297280135e-06,2.8067177468074875e-06,170.23532703761907,88.55865465716343,55279.80317728557,67680.80745943521,2.4266081145491823e-05,1.2623534359419002e-05,-1.8440688474752517e-14,0.0,0.0,0.0,0.0,12928.191042393464,0.0,69.47706749752503,0.0,0.0,0.0
0.0,0.2675,0.5202131437594824,5.202131437594824e-10,12.53169096423043,9.20802811883819e-06,4.790137255526526e-06,0.009833702940419336,12928.196158015355,26.763441979530793,13011.590804181835,170.23532703761907,88.55865465716343,110506.04000031318,57625.64860796735,5.3953226297280135e-06,2.8067177468074875e-06,170.23532703761907,88.55865465716343,55279.80317728557,67680.80745943521,2.4266081145491823e-05,1.2623534359419002e-05,-1.8440688474752517e-14,0.0,0.0,0.0,0.0,12928.191042393464,0.0,69.47706749752503,0.0,0.0,0.0
0.0,0.2725,0.5202131437594824,5.202131437594824e-10,12.53169096423043,9.20802811883819e-06,4.790137255526526e-06,0.009833702940419336,12928.196158015355,26.763441979530793,13011.590804181835,170.23532703761907,88.55865465716343,110506.04000031318,57625.64860796735,5.3953226297280135e-06,2.8067177468074875e-06,170.23532703761907,88.55865465716343,55279.80317728557,67680.80745943521,2.4266081145491823e-05,1.2623534359419002e-05,-1.8440688474752517e-14,0.0,0.0,0.0,0.0,12928.191042393464,0.0,69.47706749752503,0.0,0.0,0.0
0.0,0.2775,0.5202131437594824,5.202131437594824e-10,12.53169096423043,9.20802811883819e-06,4.790137255526526e-06,0.009833702940419336,12928.196158015355,26.763441979530793,13011.590804181835,170.23532703761907,88.55865465716343,110506.04000031318,57625.64860796735,5.3953226297280135e-06,2.8067177468074875e-06,170.23532703761907,88.55865465716343,55279.80317728557,67680.80745943521,2.4266081145491823e-05,1.2623534359419002e-05,-1.8440688474752517e-14,0.0,0.0,0.0,0.0,12928.191042393464,0.0,69.47706749752503,0.0,0.0,0.0
0.0,0.28250000000000003,0.5202131437594824,5.202131437594824e-10,12.53169096423043,9.20802811883819e-06,4.790137255526526e-06,0.009833702940419336,12928.196158015355,26.763441979530793,13011.590804181835,170.23532703761907,88.55865465716343,110506.04000031318,57625.64860796735,5.3953226297280135e-06,2.8067177468074875e-06,170.23532703761907,88.55865465716343,55279.80317728557,67680.80745943521,2.4266081145491823e-05,1.2623534359419002e-05,-1.8440688474752517e-14,0.0,0.0,0.0,0.0,12928.191042393464,0.0,69.47706749752503,0.0,0.0,0.0
0.0,0.2875,0.5202131437594824,5.202131437594824e-10,12.53169096423043,9.20802811883819e-06,4.790137255526526e-06,0.009833702940419336,12928.196158015355,26.763441979530793,13011.590804181835,170.23532703761907,88.55865465716343,110506.04000031318,57625.64860796735,5.3953226297280135e-06,2.8067177468074875e-06,170.23532703761907,88.55865465716343,55279.80317728557,67680.80745943521,2.4266081145491823e-05,1.2623534359419002e-05,-1.8440688474752517e-14,0.0,0.0,0.0,0.0,12928.191042393464,0.0,69.47706749752503,0.0,0.0,0.0
0.0,0.2925,0.5202131437594824,5.202131437594824e-10,12.53169096423043,9.20802811883819e-06,4.790137255526526e-06,0.009833702940419336,12928.196158015355,26.763441979530793,13011.590804181835,170.23532703761907,88.55865465716343,110506.04000031318,57625.64860796735,5.3953226297280135e-06,2.8067177468074875e-06,170.23532703761907,88.55865465716343,55279.80317728557,67680.80745943521,2.4266081145491823e-05,1.2623534359419002e-05,-1.8440688474752517e-14,0.0,0.0,0.0,0.0,12928.191042393464,0.0,69.47706749752503,0.0,0.0,0.0
0.0,0.2975,0.5202131437594824,5.202131437594824e-10,12.53169096423043,9.20802811883819e-06,4.790137255526526e-06,0.009833702940419336,12928.196158015355,26.763441979530793,13011.590804181835,170.23532703761907,88.55865465716343,110506.04000031318,57625.64860796735,5.3953226297280135e-06,2.8067177468074875e-06,170.23532703761907,88.55865465716343,55279.80317728557,67680.80745943521,2.4266081145491823e-05,1.2623534359419002e-05,-1.8440688474752517e-14,0.0,0.0,0.0,0.0,12928.191042393464,0.0,69.47706749752503,0.0,0.0,0.0
0.0,0.3025,0.5202131437594824,5.202131437594824e-10,12.53169096423043,9.20802811883819e-06,4.790137255526526e-06,0.009833702940419336,12928.196158015355,26.763441979530793,13011.590804181835,170.23532703761907,88.55865465716343,110506.04000031318,57625.64860796735,5.3953226297280135e-06,2.8067177468074875e-06,170.23532703761907,88.55865465716343,55279.80317728557,67680.80745943521,2.4266081145491823e-05,1.2623534359419002e-05,-1.8440688474752517e-14,0.0,0.0,0.0,0.0,12928.191042393464,0.0,69.47706749752503,0.0,0.0,0.0
0.0,0.3075,0.5202131437594824,5.202131437594824e-10,12.53169096423043,9.20802811883819e-06,4.790137255526526e-06,0.009833702940419336,12928.196158015355,26.763441979530793,13011.590804181835,170.23532703761907,88.55865465716343,110506.04000031318,57625.64860796735,5.3953226297280135e-06,2.8067177468074875e-06,170.23532703761907,88.55865465716343,55279.80317728557,67680.80745943521,2.4266081145491823e-05,1.2623534359419002e-05,-1.8440688474752517e-14,0.0,0.0,0.0,0.0,12928.191042393464,0.0,69.47706749752503,0.0,0.0,0.0
0.0,0.3125,0.5202131437594824,5.202131437594824e-10,12.53169096423043,9.20802811883819e-06,4.790137255526526e-06,0.009833702940419336,12928.196158015355,26.763441979530793,13011.590804181835,170.23532703761907,88.55865465716343,110506.04000031318,57625.64860796735,5.3953226297280135e-06,2.8067177468074875e-06,170.23532703761907,88.55865465716343,55279.80317728557,67680.80745943521,2.4266081145491823e-05,1.2623534359419002e-05,-1.8440688474752517e-14,0.0,0.0,0.0,0.0,12928.191042393464,0.0,69.47706749752503,0.0,0.0,0.0
0.0,0.3175,0.5202131437594824,5.202131437594824e-10,12.53169096423043,9.20802811883819e-06,4.790137255526526e-06,0.009833702940419336,12928.196158015355,26.763441979530793,13011.590804181835,170.23532703761907,88.55865465716343,110506.04000031318,57625.64860796735,5.3953226297280135e-06,2.8067177468074875e-06,170.23532703761907,88.55865465716343,55279.80317728557,67680.80745943521,2.4266081145491823e-05,1.2623534359419002e-05,-1.8440688474752517e-14,0.0,0.0,0.0,0.0,12928.191042393464,0.0,69.47706749752503,0.0,0.0,0.0
0.0,0.3225,0.5202131437594824,5.202131437594824e-10,12.53169096423043,9.20802811883819e-06,4.790137255526526e-06,0.009833702940419336,12928.196158015355,26.763441979530793,13011.590804181835,170.23532703761907,88.55865465716343,110506.04000031318,57625.64860796735,5.3953226297280135e-06,2.8067177468074875e-06,170.23532703761907,88.55865465716343,55279.80317728557,67680.80745943521,2.4266081145491823e-05,1.2623534359419002e-05,-1.8440688474752517e-14,0.0,0.0,0.0,0.0,12928.191042393464,0.0,69.47706749752503,0.0,0.0,0.0
0.0,0.3275,0.5202131437594824,5.202131437594824e-10,12.53169096423043,9.20802811883819e-06,4.790137255526526e-06,0.009833702940419336,12928.196158015355,26.763441979530793,13011.590804181835,170.23532703761907,88.55865465716343,110506.04000031318,57625.64860796735,5.3953226297280135e-06,2.8067177468074875e-06,170.23532703761907,88.55865465716343,55279.80317728557,67680.80745943521,2.4266081145491823e-05,1.2623534359419002e-05,-1.8440688474752517e-14,0.0,0.0,0.0,0.0,12928.191042393464,0.0,69.47706749752503,0.0,0.0,0.0
0.0,0.3325,0.5202131437594824,5.202131437594824e-10,12.53169096423043,9.20802811883819e-06,4.790137255526526e-06,0.009833702940419336,12928.196158015355,26.763441979530793,13011.590804181835,170.23532703761907,88.55865465716343,110506.04000031318,57625.64860796735,5.3953226297280135e-06,2.8067177468074875e-06,170.23532703761907,88.55865465716343,55279.80317728557,67680.80745943521,2.4266081145491823e-05,1.2623534359419002e-05,-1.8440688474752517e-14,0.0,0.0,0.0,0.0,12928.191042393464,0.0,69.47706749752503,0.0,0.0,0.0
0.0,0.3375,0.5202131437594824,5.202131437594824e-10,12.53169096423043,9.20802811883819e-06,4.790137255526526e-06,0.009833702940419336,12928.196158015355,26.763441979530793,13011.590804181835,170.23532703761907,88.55865465716343,110506.04000031318,57625.64860796735,5.3953226297280135e-06,2.8067177468074875e-06,170.23532703761907,88.55865465716343,55279.80317728557,67680.80745943521,2.4266081145491823e-05,1.2623534359419002e-05,-1.8440688474752517e-14,0.0,0.0,0.0,0.0,12928.191042393464,0.0,69.47706749752503,0.0,0.0,0.0
0.0,0.3425,0.5202131437594824,5.202131437594824e-10,12.53169096423043,9.20802811883819e-06,4.790137255526526e-06,0.009833702940419336,12928.196158015355,26.763441979530793,13011.590804181835,170.23532703761907,88.55865465716343,110506.04000031318,57625.64860796735,5.3953226297280135e-06,2.8067177468074875e-06,170.23532703761907,88.55865465716343,55279.80317728557,67680.80745943521,2.4266081145491823e-05,1.2623534359419002e-05,-1.8440688474752517e-14,0.0,0.0,0.0,0.0,12928.191042393464,0.0,69.47706749752503,0.0,0.0,0.0
0.0,0.34750000000000003,0.5202131437594824,5.202131437594824e-10,12.53169096423043,9.20802811883819e-06,4.790137255526526e-06,0.009833702940419336,12928.196158015355,26.763441979530793,13011.590804181835,170.23532703761907,88.55865465716343,110506.04000031318,57625.64860796735,5.3953226297280135e-06,2.8067177468074875e-06,170.23532703761907,88.55865465716343,55279.80317728557,67680.80745943521,2.4266081145491823e-05,1.2623534359419002e-05,-1.8440688474752517e-14,0.0,0.0,0.0,0.0,12928.191042393464,0.0,69.47706749752503,0.0,0.0,0.0
0.0,0.35250000000000004,0.5202131437594824,5.202131437594824e-10,12.53169096423043,9.20802811883819e-06,4.790137255526526e-06,0.009833702940419336,12928.196158015355,26.763441979530793,13011.590804181835,170.23532703761907,88.55865465716343,110506.04000031318,57625.64860796735,5.3953226297280135e-06,2.8067177468074875e-06,170.23532703761907,88.55865465716343,55279.80317728557,67680.80745943521,2.4266081145491823e-05,1.2623534359419002e-05,-1.8440688474752517e-14,0.0,0.0,0.0,0.0,12928.191042393464,0.0,69.47706749752503,0.0,0.0,0.0
0.0,0.3575,0.5202131437594824,5.202131437594824e-10,12.53169096423043,9.20802811883819e-06,4.790137255526526e-06,0.009833702940419336,12928.196158015355,26.763441979530793,13011.590804181835,170.23532703761907,88.55865465716343,110506.04000031318,57625.64860796735,5.3953226297280135e-06,2.8067177468074875e-06,170.23532703761907,88.55865465716343,55279.80317728557,67680.80745943521,2.4266081145491823e-05,1.2623534359419002e-05,-1.8440688474752517e-14,0.0,0.0,0.0,0.0,12928.191042393464,0.0,69.47706749752503,0.0,0.0,0.0
0.0,0.3625,0.5202131437594824,5.202131437594824e-10,12.53169096423043,9.20802811883819e-06,4.790137255526526e-06,0.009833702940419336,12928.196158015355,26.763441979530793,13011.590804181835,170.23532703761907,88.55865465716343,110506.04000031318,57625.64860796735,5.3953226297280135e-06,2.8067177468074875e-06,170.23532703761907,88.55865465716343,55279.80317728557,67680.80745943521,2.4266081145491823e-05,1.2623534359419002e-05,-1.8440688474752517e-14,0.0,0.0,0.0,0.0,12928.191042393464,0.0,69.47706749752503,0.0,0.0,0.0
0.0,0.3675,0.5202131437594824,5.202131437594824e-10,12.53169096423043,9.20802811883819e-06,4.790137255526526e-06,0.009833702940419336,12928.196158015355,26.763441979530793,13011.590804181835,170.23532703761907,88.55865465716343,110506.04000031318,57625.64860796735,5.3953226297280135e-06,2.8067177468074875e-06,170.23532703761907,88.55865465716343,55279.80317728557,67680.80745943521,2.4266081145491823e-05,1.2623534359419002e-05,-1.8440688474752517e-14,0.0,0.0,0.0,0.0,12928.191042393464,0.0,69.47706749752503,0.0,0.0,0.0
0.0,0.3725,0.5202131437594824,5.202131437594824e-10,12.53169096423043,9.20802811883819e-06,4.790137255526526e-06,0.009833702940419336,12928.196158015355,26.763441979530793,13011.590804181835,170.23532703761907,88.55865465716343,110506.04000031318,57625.64860796735,5.3953226297280135e-06,2.8067177468074875e-06,170.23532703761907,88.55865465716343,55279.80317728557,67680.80745943521,2.4266081145491823e-05,1.2623534359419002e-05,-1.8440688474752517e-14,0.0,0.0,0.0,0.0,12928.191042393464,0.0,69.47706749752503,0.0,0.0,0.0
0.0,0.3775,0.5202131437594824,5.202131437594824e-10,12.53169096423043,9.20802811883819e-06,4.790137255526526e-06,0.009833702940419336,12928.196158015355,26.763441979530793,13011.590804181835,170.23532703761907,88.55865465716343,110506.04000031318,57625.64860796735,5.3953226297280135e-06,2.8067177468074875e-06,170.23532703761907,88.55865465716343,55279.80317728557,67680.80745943521,2.4266081145491823e-05,1.2623534359419002e-05,-1.8440688474752517e-14,0.0,0.0,0.0,0.0,12928.191042393464,0.0,69.47706749752503,0.0,0.0,0.0
0.0,0.3825,0.5202131437594824,5.202131437594824e-10,12.53169096423043,9.20802811883819e-06,4.790137255526526e-06,0.009833702940419336,12928.196158015355,26.763441979530793,13011.590804181835,170.23532703761907,88.55865465716343,110506.04000031318,57625.64860796735,5.3953226297280135e-06,2.8067177468074875e-06,170.23532703761907,88.55865465716343,55279.80317728557,67680.80745943521,2.4266081145491823e-05,1.2623534359419002e-05,-1.8440688474752517e-14,0.0,0.0,0.0,0.0,12928.191042393464,0.0,69.47706749752503,0.0,0.0,0.0
0.0,0.3875,0.5202131437594824,5.202131437594824e-10,12.53169096423043,9.20802811883819e-06,4.790137255526526e-06,0.009833702940419336,12928.196158015355,26.763441979530793,13011.590804181835,170.23532703761907,88.55865465716343,110506.04000031318,57625.64860796735,5.3953226297280135e-06,2.8067177468074875e-06,170.23532703761907,88.55865465716343,55279.80317728557,67680.80745943521,2.4266081145491823e-05,1.2623534359419002e-05,-1.8440688474752517e-14,0.0,0.0,0.0,0.0,12928.191042393464,0.0,69.47706749752503,0.0,0.0,0.0
0.0,0.3925,0.5202131437594824,5.202131437594824e-10,12.53169096423043,9.20802811883819e-06,4.790137255526526e-06,0.009833702940419336,12928.196158015355,26.763441979530793,13011.590804181835,170.23532703761907,88.55865465716343,110506.04000031318,57625.64860796735,5.3953226297280135e-06,2.8067177468074875e-06,170.23532703761907,88.55865465716343,55279.80317728557,67680.80745943521,2.4266081145491823e-05,1.2623534359419002e-05,-1.8440688474752517e-14,0.0,0.0,0.0,0.0,12928.191042393464,0.0,69.47706749752503,0.0,0.0,0.0
0.0,0.3975,0.5202131437594824,5.202131437594824e-10,12.53169096423043,9.20802811883819e-06,4.790137255526526e-06,0.009833702940419336,12928.196158015355,26.763441979530793,13011.590804181835,170.23532703761907,88.55865465716343,110506.04000031318,57625.64860796735,5.3953226297280135e-06,2.8067177468074875e-06,170.23532703761907,88.55865465716343,55279.80317728557,67680.80745943521,2.4266081145491823e-05,1.2623534359419002e-05,-1.8440688474752517e-14,0.0,0.0,0.0,0.0,12928.191042393464,0.0,69.47706749752503,0.0,0.0,0.0
0.0,0.4025,0.5202131437594824,5.202131437594824e-10,12.53169096423043,9.20802811883819e-06,4.790137255526526e-06,0.009833702940419336,12928.196158015355,26.763441979530793,13011.590804181835,170.23532703761907,88.55865465716343,110506.04000031318,57625.64860796735,5.3953226297280135e-06,2.8067177468074875e-06,170.23532703761907,88.55865465716343,55279.80317728557,67680.80745943521,2.4266081145491823e-05,1.2623534359419002e-05,-1.8440688474752517e-14,0.0,0.0,0.0,0.0,12928.191042393464,0.0,69.47706749752503,0.0,0.0,0.0
0.0,0.40750000000000003,0.5202131437594824,5.202131437594824e-10,12.53169096423043,9.20802811883819e-06,4.790137255526526e-06,0.009833702940419336,12928.196158015355,26.763441979530793,13011.590804181835,170.23532703761907,88.55865465716343,110506.04000031318,57625.64860796735,5.3953226297280135e-06,2.8067177468074875e-06,170.23532703761907,88.55865465716343,55279.80317728557,67680.80745943521,2.4266081145491823e-05,1.2623534359419002e-05,-1.8440688474752517e-14,0.0,0.0,0.0,0.0,12928.191042393464,0.0,69.47706749752503,0.0,0.0,0.0
0.0,0.41250000000000003,0.5202131437594824,5.202131437594824e-10,12.53169096423043,9.20802811883819e-06,4.790137255526526e-06,0.009833702940419336,12928.196158015355,26.763441979530793,13011.590804181835,170.23532703761907,88.55865465716343,110506.04000031318,57625.64860796735,5.3953226297280135e-06,2.8067177468074875e-06,170.23532703761907,88.55865465716343,55279.80317728557,67680.80745943521,2.4266081145491823e-05,1.2623534359419002e-05,-1.8440688474752517e-14,0.0,0.0,0.0,0.0,12928.191042393464,0.0,69.47706749752503,0.0,0.0,0.0
0.0,0.4175,0.5202131437594824,5.202131437594824e-10,12.53169096423043,9.20802811883819e-06,4.790137255526526e-06,0.009833702940419336,12928.196158015355,26.763441979530793,13011.590804181835,170.23532703761907,88.55865465716343,110506.04000031318,57625.64860796735,5.3953226297280135e-06,2.8067177468074875e-06,170.23532703761907,88.55865465716343,55279.80317728557,67680.80745943521,2.4266081145491823e-05,1.2623534359419002e-05,-1.8440688474752517e-14,0.0,0.0,0.0,0.0,12928.191042393464,0.0,69.47706749752503,0.0,0.0,0.0
0.0,0.4225,0.5202131437594824,5.202131437594824e-10,12.53169096423043,9.20802811883819e-06,4.790137255526526e-06,0.009833702940419336,12928.196158015355,26.763441979530793,13011.590804181835,170.23532703761907,88.55865465716343,110506.04000031318,57625.64860796735,5.3953226297280135e-06,2.8067177468074875e-06,170.23532703761907,88.55865465716343,55279.80317728557,67680.80745943521,2.4266081145491823e-05,1.2623534359419002e-05,-1.8440688474752517e-14,0.0,0.0,0.0,0.0,12928.191042393464,0.0,69.47706749752503,0.0,0.0,0.0
0.0,0.4275,0.5202131437594824,5.202131437594824e-10,12.53169096423043,9.20802811883819e-06,4.790137255526526e-06,0.009833702940419336,12928.196158015355,26.763441979530793,13011.590804181835,170.23532703761907,88.55865465716343,110506.04000031318,57625.64860796735,5.3953226297280135e-06,2.8067177468074875e-06,170.23532703761907,88.55865465716343,55279.80317728557,67680.80745943521,2.4266081145491823e-05,1.2623534359419002e-05,-1.8440688474752517e-14,0.0,0.0,0.0,0.0,12928.191042393464,0.0,69.47706749752503,0.0,0.0,0.0
0.0,0.4325,0.5202131437594824,5.202131437594824e-10,12.53169096423043,9.20802811883819e-06,4.790137255526526e-06,0.009833702940419336,12928.196158015355,26.763441979530793,13011.590804181835,170.23532703761907,88.55865465716343,110506.04000031318,57625.64860796735,5.3953226297280135e-06,2.8067177468074875e-06,170.23532703761907,88.55865465716343,55279.80317728557,67680.80745943521,2.4266081145491823e-05,1.2623534359419002e-05,-1.8440688474752517e-14,0.0,0.0,0.0,0.0,12928.191042393464,0.0,69.47706749752503,0.0,0.0,0.0
0.0,0.4375,0.5202131437594824,5.202131437594824e-10,12.53169096423043,9.20802811883819e-06,4.790137255526526e-06,0.009833702940419336,12928.196158015355,26.763441979530793,13011.590804181835,170.23532703761907,88.55865465716343,110506.04000031318,57625.64860796735,5.3953226297280135e-06,2.8067177468074875e-06,170.23532703761907,88.55865465716343,55279.80317728557,67680.80745943521,2.4266081145491823e-05,1.2623534359419002e-05,-1.8440688474752517e-14,0.0,0.0,0.0,0.0,12928.191042393464,0.0,69.47706749752503,0.0,0.0,0.0
0.0,0.4425,0.5202131437594824,5.202131437594824e-10,12.53169096423043,9.20802811883819e-06,4.790137255526526e-06,0.009833702940419336,12928.196158015355,26.763441979530793,13011.590804181835,170.23532703761907,88.55865465716343,110506.04000031318,57625.64860796735,5.3953226297280135e-06,2.8067177468074875e-06,170.23532703761907,88.55865465716343,55279.80317728557,67680.80745943521,2.4266081145491823e-05,1.2623534359419002e-05,-1.8440688474752517e-14,0.0,0.0,0.0,0.0,12928.191042393464,0.0,69.47706749752503,0.0,0.0,0.0
0.0,0.4475,0.5202131437594824,5.202131437594824e-10,12.53169096423043,9.20802811883819e-06,4.790137255526526e-06,0.009833702940419336,12928.196158015355,26.763441979530793,13011.590804181835,170.23532703761907,88.55865465716343,110506.04000031318,57625.64860796735,5.3953226297280135e-06,2.8067177468074875e-06,170.23532703761907,88.55865465716343,55279.80317728557,67680.80745943521,2.4266081145491823e-05,1.2623534359419002e-05,-1.8440688474752517e-14,0.0,0.0,0.0,0.0,12928.191042393464,0.0,69.47706749752503,0.0,0.0,0.0
0.0,0.4525,0.5202131437594824,5.202131437594824e-10,12.53169096423043,9.20802811883819e-06,4.790137255526526e-06,0.009833702940419336,12928.196158015355,26.763441979530793,13011.590804181835,170.23532703761907,88.55865465716343,110506.04000031318,57625.64860796735,5.3953226297280135e-06,2.8067177468074875e-06,170.23532703761907,88.55865465716343,55279.80317728557,67680.80745943521,2.4266081145491823e-05,1.2623534359419002e-05,-1.8440688474752517e-14,0.0,0.0,0.0,0.0,12928.191042393464,0.0,69.47706749752503,0.0,0.0,0.0
0.0,0.4575,0.5202131437594824,5.202131437594824e-10,12.53169096423043,9.20802811883819e-06,4.790137255526526e-06,0.009833702940419336,12928.196158015355,26.763441979530793,13011.590804181835,170.23532703761907,88.55865465716343,110506.04000031318,57625.64860796735,5.3953226297280135e-06,2.8067177468074875e-06,170.23532703761907,88.55865465716343,55279.80317728557,67680.80745943521,2.4266081145491823e-05,1.2623534359419002e-05,-1.8440688474752517e-14,0.0,0.0,0.0,0.0,12928.191042393464,0.0,69.47706749752503,0.0,0.0,0.0
0.0,0.4625,0.5202131437594824,5.202131437594824e-10,12.53169096423043,9.20802811883819e-06,4.790137255526526e-06,0.009833702940419336,12928.196158015355,26.763441979530793,13011.590804181835,170.23532703761907,88.55865465716343,110506.04000031318,57625.64860796735,5.3953226297280135e-06,2.8067177468074875e-06,170.23532703761907,88.55865465716343,55279.80317728557,67680.80745943521,2.4266081145491823e-05,1.2623534359419002e-05,-1.8440688474752517e-14,0.0,0.0,0.0,0.0,12928.191042393464,0.0,69.47706749752503,0.0,0.0,0.0
0.0,0.4675,0.5202131437594824,5.202131437594824e-10,12.53169096423043,9.20802811883819e-06,4.790137255526526e-06,0.009833702940419336,12928.196158015355,26.763441979530793,13011.590804181835,170.23532703761907,88.55865465716343,110506.04000031318,57625.64860796735,5.3953226297280135e-06,2.8067177468074875e-06,170.23532703761907,88.55865465716343,55279.80317728557,67680.80745943521,2.4266081145491823e-05,1.2623534359419002e-05,-1.8440688474752517e-14,0.0,0.0,0.0,0.0,12928.191042393464,0.0,69.47706749752503,0.0,0.0,0.0
0.0,0.47250000000000003,0.5202131437594824,5.202131437594824e-10,12.53169096423043,9.20802811883819e-06,4.790137255526526e-06,0.009833702940419336,12928.196158015355,26.763441979530793,13011.590804181835,170.23532703761907,88.55865465716343,110506.04000031318,57625.64860796735,5.3953226297280135e-06,2.8067177468074875e-06,170.23532703761907,88.55865465716343,55279.80317728557,67680.80745943521,2.4266081145491823e-05,1.2623534359419002e-05,-1.8440688474752517e-14,0.0,0.0,0.0,0.0,12928.191042393464,0.0,69.47706749752503,0.0,0.0,0.0
0.0,0.47750000000000004,0.5202131437594824,5.202131437594824e-10,12.53169096423043,9.20802811883819e-06,4.790137255526526e-06,0.009833702940419336,12928.196158015355,26.763441979530793,13011.590804181835,170.23532703761907,88.55865465716343,110506.04000031318,57625.64860796735,5.3953226297280135e-06,2.8067177468074875e-06,170.23532703761907,88.55865465716343,55279.80317728557,67680.80745943521,2.4266081145491823e-05,1.2623534359419002e-05,-1.8440688474752517e-14,0.0,0.0,0.0,0.0,12928.191042393464,0.0,69.47706749752503,0.0,0.0,0.0
0.0,0.4825,0.5202131437594824,5.202131437594824e-10,12.53169096423043,9.20802811883819e-06,4.790137255526526e-06,0.009833702940419336,12928.196158015355,26.763441979530793,13011.590804181835,170.23532703761907,88.55865465716343,110506.04000031318,57625.64860796735,5.3953226297280135e-06,2.8067177468074875e-06,170.23532703761907,88.55865465716343,55279.80317728557,67680.80745943521,2.4266081145491823e-05,1.2623534359419002e-05,-1.8440688474752517e-14,0.0,0.0,0.0,0.0,12928.191042393464,0.0,69.47706749752503,0.0,0.0,0.0
0.0,0.4875,0.5202131437594824,5.202131437594824e-10,12.53169096423043,9.20802811883819e-06,4.790137255526526e-06,0.009833702940419336,12928.196158015355,26.763441979530793,13011.590804181835,170.23532703761907,88.55865465716343,110506.04000031318,57625.64860796735,5.3953226297280135e-06,2.8067177468074875e-06,170.23532703761907,88.55865465716343,55279.80317728557,67680.80745943521,2.4266081145491823e-05,1.2623534359419002e-05,-1.8440688474752517e-14,0.0,0.0,0.0,0.0,12928.191042393464,0.0,69.47706749752503,0.0,0.0,0.0
0.0,0.4925,0.5202131437594824,5.202131437594824e-10,12.53169096423043,9.20802811883819e-06,4.790137255526526e-06,0.009833702940419336,12928.196158015355,26.763441979530793,13011.590804181835,170.23532703761907,88.55865465716343,110506.04000031318,57625.64860796735,5.3953226297280135e-06,2.8067177468074875e-06,170.23532703761907,88.55865465716343,55279.80317728557,67680.80745943521,2.4266081145491823e-05,1.2623534359419002e-05,-1.8440688474752517e-14,0.0,0.0,0.0,0.0,12928.191042393464,0.0,69.47706749752503,0.0,0.0,0.0
0.0,0.4975,0.5202131437594824,5.202131437594824e-10,12.53169096423043,9.20802811883819e-06,4.790137255526526e-06,0.009833702940419336,12928.196158015355,26.763441979530793,13011.590804181835,170.23532703761907,88.55865465716343,110506.04000031318,57625.64860796735,5.3953226297280135e-06,2.8067177468074875e-06,170.23532703761907,88.55865465716343,55279.80317728557,67680.80745943521,2.4266081145491823e-05,1.2623534359419002e-05,-1.8440688474752517e-14,0.0,0.0,0.0,0.0,12928.191042393464,0.0,69.47706749752503,0.0,0.0,0.0
10000.0,0.0025,0.5060963795308001,5.060963795308001e-10,8.72173401391371,0.00027335805958565815,1559.4088526159585,1.8781664940570342,1048.990140220538,0.41353379467905393,775.6780218510019,170.13522643086353,86.10482212727888,110385.9364881364,58984.74022657194,0.639977817634462,272.8947648153855,170.13522643080458,86.10482212727885,55198.174885021224,71597.76335421107,0.19821775521396437,18309.863447446856,-1.0098289225313117e-10,0.0,0.0,779.704354540073,0.0,775.4687368289025,0.0,0.0,272.5708800401134,0.0,16750.354421333235
10000.0,0.0075,0.5060963797734029,5.06096379773403e-10,8.72183853151037,0.0002733798742635851,1559.4088526159585,1.8781755734102101,1048.990140220538,0.4135360383156197,775.6780218510019,170.1352263492401,86.1048221272789,110385.93641605986,58984.74022657195,0.6399872175448479,272.8947648153855,170.13522634924007,86.10482212727888,55198.17491656278,71597.76335421109,0.19821201105905922,18309.863447446856,6.557018992779258e-14,0.0,0.0,779.7043571272557,0.0,775.4687327562265,0.0,0.0,272.5708696033184,0.0,16750.354418811196
10000.0,0.0125,0.5060963795954255,5.060963795954256e-10,8.721838504867998,0.00027335515049673733,1559.4088526159585,1.878162869616151,1048.990140220538,0.4135282133864605,775.6780218510019,170.1352264090711,86.10482212727891,110385.93645594725,58984.74022657196,0.6399823354757884,272.8947648153855,170.13522640907416,86.10482212727888,55198.17490578099,71597.76335421109,0.19821572249033884,18309.863447446856,-1.9539713268815883e-12,0.0,0.0,779.7043571369231,0.0,775.4687367188471,0.0,0.0,272.5708720723231,0.0,16750.35441711331
10000.0,0.0175,0.5060963798245359,5.060963798245359e-10,8.721838539575204,0.00027337923290513314,1559.4088526159585,1.8781775574721469,1048.990140220538,0.41353613767290087,775.6780218510019,170.13522633205136,86.1048221272789,110385.93640478795,58984.74022657195,0.6399890997713823,272.8947648153855,170.1352263320512,86.10482212727887,55198.17492119835,71597.76335421109,0.19821414242754443,18309.863447446856,1.0486490229384428e-12,0.0,0.0,779.7043571299502,0.0,775.4687327088027,0.0,0.0,272.5708686488481,0.0,16750.354417801613
10000.0,0.0225,0.5060963794968898,5.060963794968899e-10,8.721838492927581,0.00027335874730587947,1559.4088526159585,1.878161627999608,1048.990140220538,0.41353091683906895,775.6780218510019,170.13522644219597,86.1048221272789,110385.93647628571,58984.74022657196,0.639978389909598,272.8947648153855,170.13522644219572,86.10482212727888,55198.17489519409,71597.76335421109,0.19820721300770586,18309.863447446856,1.6294087062272656e-13,0.0,0.0,779.7043571350293,0.0,775.4687353511652,0.0,0.0,272.57087406929776,0.0,16750.354421224863
10000.0,0.0275,0.5060963795954255,5.060963795954256e-10,8.721838504867998,0.00027335515049673733,1559.4088526159585,1.878162869616151,1048.990140220538,0.4135282133864605,775.6780218510019,170.1352264090711,86.10482212727891,110385.93645594725,58984.74022657196,0.6399823354757884,272.8947648153855,170.13522640907416,86.10482212727888,55198.17490578099,71597.76335421109,0.19821572249033884,18309.863447446856,-1.9539713268815883e-12,0.0,0.0,779.7043571369231,0.0,775.4687367188471,0.0,0.0,272.5708720723231,0.0,16750.35441711331
10000.0,0.0325,0.5060963798455105,5.060963798455105e-10,8.721838542893213,0.00027338170305675334,1559.4088526159585,1.8781782115329775,1048.990140220538,0.4135362065198089,775.6780218510019,170.13522632499954,86.10482212727891,110385.93640029617,58984.74022657197,0.6399896840504542,272.8947648153855,170.13522632499988,86.10482212727891,55198.17492258663,71597.76335421109,0.19821500226118396,18309.863447446856,1.0804137672935456e-12,0.0,0.0,779.704357129292,0.0,775.4687326739011,0.0,0.0,272.57086835315306,0.0,16750.35441730203
10000.0,0.037500000000000006,0.5060963796738183,5.060963796738183e-10,8.721838516551808,0.0002733796819888705,1559.4088526159585,1.8781730531610261,1048.990140220538,0.4135369743890603,775.6780218510019,170.13522638271766,86.1048221272789,110385.93643775898,58984.74022657196,0.6399837577678351,272.8947648153855,170.13522638271763,86.1048221272789,55198.17490800162,71597.76335421109,0.1982061034645087,18309.863447446856,-5.066044489714268e-14,0.0,0.0,779.7043571297452,0.0,775.4687322854,0.0,0.0,272.5708713525291,0.0,16750.354421795753
10000.0,0.042499999999999996,0.5060963795954255,5.060963795954256e-10,8.721838504867998,0.00027335515049673733,1559.4088526159585,1.878162869616151,1048.990140220538,0.4135282133864605,775.6780218510019,170.1352264090711,86.10482212727891,110385.93645594725,58984.74022657196,0.6399823354757884,272.8947648153855,170.13522640907416,86.10482212727888,55198.17490578099,71597.76335421109,0.19821572249033884,18309.863447446856,-1.9539713268815883e-12,0.0,0.0,779.7043571369231,0.0,775.4687367188471,0.0,0.0,272.5708720723231,0.0,16750.35441711331
10000.0,0.0475,0.5060963798969478,5.060963798969478e-10,8.721838544551245,0.00027337497521332925,1559.4088526159585,1.8781797764762045,1048.990140220538,0.4135357674859207,775.6780218510019,170.1352263077079,86.10482212727892,110385.93638908019,58984.74022657197,0.6399916883478278,272.8947648153855,170.13522630770782,86.1048221272789,55198.17492703453,71597.76335421109,0.1982177115925375,18309.863447446856,-3.084066295860747e-14,0.0,0.0,779.7043571309365,0.0,775.4687328961194,0.0,0.0,272.57086733874854,0.0,16750.35441591871
10000.0,0.052500000000000005,0.5060963796738183,5.060963796738183e-10,8.721838516551808,0.0002733796819888705,1559.4088526159585,1.8781730531610261,1048.990140220538,0.4135369743890603,775.6780218510019,170.13522638271766,86.1048221272789,110385.93643775898,58984.74022657196,0.6399837577678351,272.8947648153855,170.13522638271763,86.1048221272789,55198.17490800162,71597.76335421109,0.1982061034645087,18309.863447446856,-5.066044489714268e-14,0.0,0.0,779.7043571297452,0.0,775.4687322854,0.0,0.0,272.5708713525291,0.0,16750.354421795753
10000.0,0.057499999999999996,0.5060963795954255,5.060963795954256e-10,8.721838504867998,0.00027335515049673733,1559.4088526159585,1.878162869616151,1048.990140220538,0.4135282133864605,775.6780218510019,170.1352264090711,86.10482212727891,110385.93645594725,58984.74022657196,0.6399823354757884,272.8947648153855,170.13522640907416,86.10482212727888,55198.17490578099,71597.76335421109,0.19821572249033884,18309.863447446856,-1.9539713268815883e-12,0.0,0.0,779.7043571369231,0.0,775.4687367188471,0.0,0.0,272.5708720723231,0.0,16750.35441711331
10000.0,0.0625,0.5060963795954255,5.060963795954256e-10,8.721838504867998,0.00027335515049673733,1559.4088526159585,1.878162869616151,1048.990140220538,0.4135282133864605,775.6780218510019,170.1352264090711,86.10482212727891,110385.93645594725,58984.74022657196,0.6399823354757884,272.8947648153855,170.13522640907416,86.10482212727888,55198.17490578099,71597.76335421109,0.19821572249033884,18309.863447446856,-1.9539713268815883e-12,0.0,0.0,779.7043571369231,0.0,775.4687367188471,0.0,0.0,272.5708720723231,0.0,16750.35441711331
10000.0,0.0675,0.5060963794968898,5.060963794968899e-10,8.721838492927581,0.00027335874730587947,1559.4088526159585,1.878161627999608,1048.990140220538,0.41353091683906895,775.6780218510019,170.13522644219597,86.1048221272789,110385.93647628571,58984.74022657196,0.639978389909598,272.8947648153855,170.13522644219572,86.10482212727888,55198.17489519409,71597.76335421109,0.19820721300770586,18309.863447446856,1.6294087062272656e-13,0.0,0.0,779.7043571350293,0.0,775.4687353511652,0.0,0.0,272.57087406929776,0.0,16750.354421224863
10000.0,0.07250000000000001,0.5060963793690095,5.060963793690096e-10,8.721855589202663,0.00027331780062499216,1559.4088526159585,1.8781481160914277,1048.990140220538,0.41352027406193675,775.6780218510019,170.13522648518406,86.1048221272789,110385.93653337525,58984.74022657196,0.6399754757533225,272.8947648153855,170.13522648500808,86.10482212727891,55198.17494154294,71597.76335421109,0.19822229989679213,18309.863447446856,-6.224220625499417e-11,0.0,0.0,779.7043571165307,0.0,775.4687407240294,0.0,0.0,272.5708755457816,0.0,16750.354416372465
10000.0,0.0775,0.5060963794968898,5.060963794968899e-10,8.721838492927581,0.00027335874730587947,1559.4088526159585,1.878161627999608,1048.990140220538,0.41353091683906895,775.6780218510019,170.13522644219597,86.1048221272789,110385.93647628571,58984.74022657196,0.639978389909598,272.8947648153855,170.13522644219572,86.10482212727888,55198.17489519409,71597.76335421109,0.19820721300770586,18309.863447446856,1.6294087062272656e-13,0.0,0.0,779.7043571350293,0.0,775.4687353511652,0.0,0.0,272.57087406929776,0.0,16750.354421224863
10000.0,0.0825,0.5060963794935571,5.060963794935572e-10,8.721838491882544,0.00027335849135005073,1559.4088526159585,1.8781613929334082,1048.990140220538,0.413530846178819,775.6780218510019,170.13522644331636,86.10482212727891,110385.93647712452,58984.74022657197,0.6399782484354772,272.8947648153855,170.13522644331624,86.1048221272789,55198.17489476545,71597.76335421109,0.19820712669753657,18309.863447446856,1.1376634103052049e-13,0.0,0.0,779.704357119102,0.0,775.4687353903943,0.0,0.0,272.5708741534706,0.0,16750.3544212738
10000.0,0.0875,0.5060963792312063,5.060963792312064e-10,8.721838452042336,0.0002733583868504866,1559.4088526159585,1.8781337624204149,1048.990140220538,0.41353593320274096,775.6780218510019,170.1352265315029,86.10482212727891,110385.93653134648,58984.74022657196,0.6399569021366173,272.8947648153855,170.13522653150375,86.1048221272789,55198.174886839304,71597.76335421109,0.19820585746486036,18309.863447446856,3.152446016830736e-11,0.0,0.0,779.7043590095591,0.0,775.4687287998815,0.0,0.0,272.57088974503665,0.0,16750.35441601776
10000.0,0.0925,0.5060963796766099,5.0609637967661e-10,8.721838524708556,0.0002733856668625329,1559.4088526159585,1.878174874004549,1048.990140220538,0.41353881830725275,775.6780218510019,170.13522638177915,86.10482212727888,110385.93643716347,58984.74022657196,0.6399837347094142,272.8947648153855,170.13522638177918,86.10482212727888,55198.17490767898,71597.76335421109,0.19820336865732271,18309.863447446856,-9.8738144093358e-14,0.0,0.0,779.7043571282258,0.0,775.4687313522052,0.0,0.0,272.5708713641959,0.0,16750.35442318411
10000.0,0.0975,0.5060963798479723,5.060963798479723e-10,8.721838546266692,0.0002733898178118874,1559.4088526159585,1.8781805825963322,1048.990140220538,0.4135388765605345,775.6780218510019,170.13522632417204,86.10482212727888,110385.93639980508,58984.740226571965,0.6399893741287902,272.8947648153855,170.13522632417204,86.10482212727888,55198.17492186283,71597.76335421109,0.19821120721257446,18309.863447446856,-1.8542751381183679e-13,0.0,0.0,779.7043571237259,0.0,775.4687313297145,0.0,0.0,272.5708684976946,0.0,16750.35441922764
10000.0,0.10250000000000001,0.5060963794968898,5.060963794968899e-10,8.721838492927581,0.00027335874730587947,1559.4088526159585,1.878161627999608,1048.990140220538,0.41353091683906895,775.6780218510019,170.13522644219597,86.1048221272789,110385.93647628571,58984.74022657196,0.639978389909598,272.8947648153855,170.13522644219572,86.10482212727888,55198.17489519409,71597.76335421109,0.19820721300770586,18309.863447446856,1.6294087062272656e-13,0.0,0.0,779.7043571350293,0.0,775.4687353511652,0.0,0.0,272.57087406929776,0.0,16750.354421224863
10000.0,0.1075,0.5060963796331802,5.060963796331803e-10,8.721746543489651,0.0002733990645136099,1559.4088526159585,1.878168052548431,1048.990140220538,0.41354855859081313,775.6780218510019,170.13522639637884,86.1048221272789,110385.93644578836,58984.74022657196,0.6399699361447359,272.8947648153855,170.1352263963816,86.10482212727887,55198.17489292427,71597.76335421109,0.19819221353555264,18309.863447446856,-5.137362021558524e-11,0.0,0.0,779.7043549992908,0.0,775.4687265626909,0.0,0.0,272.5708808310065,0.0,16750.354430542066
10000.0,0.1125,0.5060963794935571,5.060963794935572e-10,8.721838491882544,0.00027335849135005073,1559.4088526159585,1.8781613929334082,1048.990140220538,0.413530846178819,775.6780218510019,170.13522644331636,86.10482212727891,110385.93647712452,58984.74022657197,0.6399782484354772,272.8947648153855,170.13522644331624,86.10482212727888,55198.17489476545,71597.76335421109,0.19820712669753657,18309.863447446856,1.1376634103052049e-13,0.0,0.0,779.704357119102,0.0,775.4687353903943,0.0,0.0,272.5708741534706,0.0,16750.3544212738
10000.0,0.1175,0.5060963792312063,5.060963792312064e-10,8.721838452042336,0.0002733583868504866,1559.4088526159585,1.8781337624204149,1048.990140220538,0.41353593320274096,775.6780218510019,170.1352265315029,86.10482212727891,110385.93653134648,58984.74022657196,0.6399569021366173,272.8947648153855,170.13522653150375,86.1048221272789,55198.174886839304,71597.76335421109,0.19820585746486036,18309.863447446856,3.152446016830736e-11,0.0,0.0,779.7043590095591,0.0,775.4687287998815,0.0,0.0,272.57088974503665,0.0,16750.35441601776
10000.0,0.1225,0.5060963794968898,5.060963794968899e-10,8.721838492927581,0.00027335874730587947,1559.4088526159585,1.878161627999608,1048.990140220538,0.41353091683906895,775.6780218510019,170.13522644219597,86.1048221272789,110385.93647628571,58984.74022657196,0.639978389909598,272.8947648153855,170.13522644219572,86.10482212727888,55198.17489519409,71597.76335421109,0.19820721300770586,18309.863447446856,1.6294087062272656e-13,0.0,0.0,779.7043571350293,0.0,775.4687353511652,0.0,0.0,272.57087406929776,0.0,16750.354421224863
10000.0,0.1275,0.5060963795954255,5.060963795954256e-10,8.721838504867998,0.00027335515049673733,1559.4088526159585,1.878162869616151,1048.990140220538,0.4135282133864605,775.6780218510019,170.1352264090711,86.10482212727891,110385.93645594725,58984.74022657196,0.6399823354757884,272.8947648153855,170.13522640907416,86.10482212727888,55198.17490578099,71597.76335421109,0.19821572249033884,18309.863447446856,-1.9539713268815883e-12,0.0,0.0,779.7043571369231,0.0,775.4687367188471,0.0,0.0,272.5708720723231,0.0,16750.35441711331
10000.0,0.1325,0.5060963794968898,5.060963794968899e-10,8.721838492927581,0.00027335874730587947,1559.4088526159585,1.878161627999608,1048.990140220538,0.41353091683906895,775.6780218510019,170.13522644219597,86.1048221272789,110385.93647628571,58984.74022657196,0.639978389909598,272.8947648153855,170.13522644219572,86.10482212727888,55198.17489519409,71597.76335421109,0.19820721300770586,18309.863447446856,1.6294087062272656e-13,0.0,0.0,779.7043571350293,0.0,775.4687353511652,0.0,0.0,272.57087406929776,0.0,16750.354421224863
10000.0,0.1375,0.506096380124256,5.060963801242559e-10,8.721838559936984,0.0002733930139972801,1559.4088526159585,1.8781897522799065,1048.990140220538,0.4135396342523991,775.6780218510019,170.13522623128335,86.10482212727891,110385.93633571257,58984.740226571965,0.6399978121469924,272.8947648153855,170.13522623128748,86.1048221272789,55198.17494699707,71597.76335421109,0.19822361985931305,18309.863447446856,2.3593511587048815e-12,0.0,0.0,779.7043571267081,0.0,775.4687309443044,0.0,0.0,272.57086423957537,0.0,16750.354412923283
10000.0,0.14250000000000002,0.506096379791415,5.06096379791415e-10,8.72183853438688,0.00027337989539253814,1559.4088526159585,1.8781757721335068,1048.990140220538,0.41353584832994544,775.6780218510021,170.135226343185,86.10482212727891,110385.93641168564,58984.74022657196,0.63998760320542,272.89476481538543,170.13522634318477,86.10482212727888,55198.174917726006,71597.76335421109,0.1982133764032043,18309.863447446856,-1.3964238920432043e-12,0.0,0.0,779.7043571298354,0.0,775.468732855187,0.0,0.0,272.570869406298,0.0,16750.3544180882
10000.0,0.1475,0.5060963798094269,5.060963798094269e-10,8.721838535941298,0.0002733788913720421,1559.4088526159585,1.8781762268322668,1048.990140220538,0.4135355318628667,775.6780218510025,170.1352263371299,86.10482212727891,110385.93640830461,58984.74022657197,0.6399883734943522,272.89476481538543,170.1352263371316,86.1048221272789,55198.1749189714,71597.76335421109,0.19821416835572972,18309.863447446856,-4.259110555778343e-12,0.0,0.0,779.7043571319416,0.0,775.4687330155297,0.0,0.0,272.57086901647585,0.0,16750.354417505478
10000.0,0.1525,0.5060963796347677,5.060963796347678e-10,8.721838517252227,0.00027335273014048945,1559.4088526159585,1.878163807255361,1048.9901402205378,0.4135277166779162,775.6780218510046,170.1352263958454,86.10482212727892,110385.93644615852,58984.74022657197,0.6399838517102788,272.8947648153854,170.13522639584545,86.1048221272789,55198.174907867906,71597.76335421109,0.19821776833580082,18309.863447446856,9.912520422663191e-13,0.0,0.0,779.7043571425684,0.0,775.4687369919209,0.0,0.0,272.5708713189621,0.0,16750.354415840364
10000.0,0.1575,0.5060963799570809,5.06096379957081e-10,8.721838558388818,0.00027338440676828805,1559.4088526159585,1.8781844587244716,1048.9901402205371,0.4135387661623482,775.6780218510137,170.1352262874929,86.10482212727895,110385.9363758661,58984.74022657201,0.6399933721772524,272.8947648153852,170.1352262874934,86.10482212727892,55198.17493105074,71597.76335421111,0.19821596951858164,18309.863447446856,-2.3571141486616193e-13,0.0,0.0,779.7043571287163,0.0,775.468731378601,0.0,0.0,272.5708664865477,0.0,16750.35441680087
10000.0,0.1625,0.5060963791039332,5.060963791039333e-10,8.721838421573409,0.00027329125989304865,1559.4088526159585,1.8781286544864815,1048.9901402205344,0.41350946922765963,775.678021851052,170.13522657429715,86.10482212727906,110385.9365618795,58984.74022657218,0.6399668634152957,272.89476481538424,170.13522657429718,86.10482212727906,55198.17486895938,71597.76335421123,0.1982222205633324,18309.863447446856,4.805135709457509e-15,0.0,0.0,779.7043571521192,0.0,775.4687462059574,0.0,0.0,272.5708799030523,0.0,16750.354413594534
10000.0,0.1675,0.506096379866732,5.06096379866732e-10,8.721838543829735,0.0002733594295986874,1559.4088526159585,1.8781735533979103,1048.9901402205228,0.4135297817021765,775.6780218512156,170.1352263178671,86.10482212727969,110385.93639563346,58984.74022657294,0.6399914514318513,272.89476481538026,170.13522631786716,86.1048221272797,55198.17492647311,71597.76335421174,0.198225133782117,18309.863447446856,-5.1143021020748174e-14,0.0,0.0,779.7043571348703,0.0,775.4687359257244,0.0,0.0,272.57086745866417,0.0,16750.354412153232
10000.0,0.17250000000000001,0.5060963794752231,5.060963794752232e-10,8.721838498369776,0.0002733584499315853,1559.4088526159585,1.8781609008875109,1048.9901402204734,0.4135309170412904,775.6780218519136,170.13522644948654,86.10482212728236,110385.93648103872,58984.74022657611,0.6399776644317995,272.8947648153633,170.13522644948648,86.10482212728233,55198.17489338676,71597.76335421391,0.1982062232352739,18309.86344744685,2.3911660893739278e-14,0.0,0.0,779.7043571351213,0.0,775.4687353519837,0.0,0.0,272.5708744364672,0.0,16750.354421724656
10000.0,0.1775,0.5060963794679547,5.060963794679548e-10,8.721838501366273,0.0002733584137910526,1559.4088526159583,1.8781607347879685,1048.9901402202622,0.413530974418776,775.6780218548909,170.13522645195232,86.10482212729367,110385.9364826394,58984.74022658968,0.639977447068529,272.894764815291,170.13522645195232,86.10482212729366,55198.17489281047,71597.76335422313,0.19820577380719112,18309.863447446827,7.40399801983806e-14,0.0,0.0,779.7043571351277,0.0,775.4687353259383,0.0,0.0,272.5708745463885,0.0,16750.35442195163
10000.0,0.1825,0.5060963799383841,5.060963799383842e-10,8.721838580166457,0.00027337478394455093,1559.4088526159583,1.8781809330538457,1048.9901402193618,0.4135357047896367,775.6780218675904,170.13522629390263,86.10482212734192,110385.93638019089,58984.74022664757,0.6399929419944704,272.8947648149826,170.13522629390266,86.10482212734192,55198.17493052371,71597.76335426247,0.19821992644970693,18309.863447446733,3.0276011718288806e-14,0.0,0.0,779.7043571309852,0.0,775.4687329444205,0.0,0.0,272.570866703853,0.0,16750.35441479762
10000.0,0.1875,0.5060963799530385,5.060963799530385e-10,8.721838678410661,0.00027338454244239585,1559.4088526159578,1.8781842245580265,1048.9901402155208,0.41353873937165686,775.678021921761,170.13522628938284,86.10482212754768,110385.93637751564,58984.74022689448,0.6399933068405854,272.8947648136669,170.13522628938284,86.10482212754769,55198.17493126849,71597.76335443028,0.19821595552175436,18309.863447446325,-8.971521062134014e-14,0.0,0.0,779.7043571263033,0.0,775.468731465492,0.0,0.0,272.5708665144522,0.0,16750.354416813716
10000.0,0.1925,0.5060963795684184,5.060963795684184e-10,8.721839009346391,0.00027333068074109486,1559.4088526159553,1.8781526102135642,1048.990140199137,0.413519106173782,775.6780221528294,170.13522642041573,86.10482212842551,110385.93646336143,58984.7402279477,0.6399818070406746,272.89476480805473,170.13522642041565,86.1048221284255,55198.1749066816,71597.7633551461,0.1982294269799646,18309.863447444586,-3.6264294681891636e-14,0.0,0.0,779.7043571421332,0.0,775.4687416303161,0.0,0.0,272.57087233252116,0.0,16750.354409964053
10000.0,0.1975,0.5060963797093946,5.060963797093946e-10,8.72184147612562,0.0002733665344058527,1559.4088526159455,1.878170463223319,1048.9901401292502,0.4135325175585762,775.6780231384663,170.13522638042437,86.10482213216984,110385.93642945917,58984.74023244026,0.6399882594134587,272.89476478411575,170.13522638038467,86.10482213216984,55198.17494036952,71597.76335819946,0.19822042857472535,18309.863447437172,-1.1203367152475263e-10,0.0,0.0,779.7043571701164,0.0,775.4687358244665,0.0,0.0,272.57086904612294,0.0,16750.35441713776
10000.0,0.2025,0.5060963796188493,5.060963796188494e-10,8.721847885061475,0.00027338939229659996,1559.4088526159035,1.8781638648480279,1048.990139831144,0.41353501190521036,775.6780273427644,170.1352264424193,86.10482214814155,110385.93649918429,58984.740251603565,0.6399878889364116,272.8947646820024,170.13522644241922,86.10482214814155,55198.17494365093,71597.76337122377,0.19821665645129968,18309.86344740555,1.670128356119278e-13,0.0,0.0,779.7043571272606,0.0,775.4687387703593,0.0,0.0,272.5708691284131,0.0,16750.354416419355
10000.0,0.20750000000000002,0.5060963785892727,5.060963785892727e-10,8.721878348542571,0.000273389265716322,1559.4088526157236,1.8780902157324308,1048.9901385595526,0.41351351473045717,775.6780452764689,170.13522692314928,86.10482221626997,110385.9368852998,58984.74033334589,0.6399728225612497,272.8947642464315,170.13522692314922,86.10482221626995,55198.17499341797,71597.76342677986,0.1982369512285335,18309.863447270658,-5.3061462603195945e-14,0.0,0.0,779.7043571272109,0.0,775.4687675841611,0.0,0.0,272.5708763185383,0.0,16750.354406013208
10000.0,0.2125,0.5060963733901004,5.060963733901005e-10,8.72200821174458,0.00027346573589744235,1559.4088526149567,1.8777925195926195,1048.9901331354974,0.41346732045463364,775.6781217738408,170.13522924517423,86.10482250687602,110385.9387083638,58984.74068202306,0.6398795105033822,272.8947623884758,170.13522924517403,86.10482250687599,55198.17512616678,71597.76366375785,0.19821494493702013,18309.863446695275,1.609892321041293e-13,0.0,0.0,779.7043571075887,0.0,775.4688674625158,0.0,0.0,272.57092168881024,0.0,16750.354416633054
10000.0,0.2175,0.506096353562558,5.06096353562558e-10,8.722611667025522,0.00027384121495594246,1559.4088526116855,1.8765813184350346,1048.9901099988413,0.41329662810471723,775.6784480783097,170.13523835996364,86.10482374647479,110385.94596716548,58984.74216932799,0.6395137708888278,272.8947544632458,170.13523835996062,86.10482374647479,55198.17584881635,71597.76467460279,0.19824265029556146,18309.86344424093,-1.8299463464768405e-11,0.0,0.0,779.7043570109516,0.0,775.4692801601387,0.0,0.0,272.571098875493,0.0,16750.35440031673
10000.0,0.2225,0.5060962683485282,5.060962683485282e-10,8.724931240957284,0.0002753037032329314,1559.4088525977313,1.8714438671595695,1048.9900113079427,0.4123720948456304,775.6798399510479,170.1352774543014,86.10482903406343,110385.97709737498,58984.74851352298,0.6381791374349212,272.89472065766677,170.13527745430142,86.10482903406341,55198.17909487194,71597.76898642699,0.19834713113728122,18309.863433771763,-6.657611268365647e-14,0.0,0.0,779.7043566337817,0.0,775.4711399726741,0.0,0.0,272.57174057767287,0.0,16750.3543377619
10000.0,0.2275,0.5060959061858372,5.060959061858372e-10,8.735099123951688,0.00028178660910172225,1559.4088525382099,1.8495384108753965,1048.9895903355562,0.4085944378091609,775.6857770739015,170.13544376902317,86.10485158861333,110386.10957408033,58984.77557509547,0.6323288485240538,272.8945764577909,170.13544376902328,86.10485158861331,55198.19287307901,71597.78737879099,0.19883158219807281,18309.863389114864,-2.212042560405222e-12,0.0,0.0,779.704354963065,0.0,775.4789891014623,0.0,0.0,272.57455741622096,0.0,16750.354051329774
10000.0,0.2325,0.5060943711949746,5.060943711949746e-10,8.779683365061553,0.000312164784207057,1559.4088522843167,1.7566185117120425,1048.9877946507147,0.39270859068175884,775.7111022540038,170.1361498907622,86.10494779649923,110386.67252406706,58984.89100797667,0.6076655254082928,272.8939613639286,170.13614989076214,86.10494779649923,55198.25238208674,71597.86583260476,0.2010202962273016,18309.863198627987,3.2546106382984035e-14,0.0,0.0,779.7043471496697,0.0,775.5123546437611,0.0,0.0,272.586425260913,0.0,16750.352769089397
10000.0,0.2375,0.5060880693069064,5.060880693069064e-10,8.995225962974278,0.0005119426027072891,1559.4088512013188,1.3719160125213394,1048.980135041315,0.3294581156979559,775.8191284416109,170.1390793411874,86.10535817743609,110389.02040637952,58985.38339436971,0.5096080340472692,272.8913376414241,170.13907934118743,86.1053581774361,55198.52486671996,71598.20048240272,0.21549866101168882,18309.862386093926,-2.3891331238298064e-14,0.0,0.0,779.7042960566375,0.0,775.6523936199186,0.0,0.0,272.6334310953697,0.0,16750.344732679452
10000.0,0.2425,0.5060774827295074,5.060774827295074e-10,10.216936270769096,0.008512238788670426,1559.4088465817224,0.3609993789974536,1048.947462483857,0.29490404619532856,776.2799211057409,170.1460974302806,86.10710868376592,110395.49580722276,58987.48370025711,0.4861982086510282,272.8801459840163,170.14609743028075,86.10710868376599,55200.89815090465,71599.62795267976,0.8171886870631262,18309.85892017754,1.5322643685504853e-14,0.0,0.0,779.7022693646725,0.0,776.1306768083944,0.0,0.0,272.63409201847446,0.0,16750.040820652746
10000.0,0.2475,0.5060180138463559,5.060180138463559e-10,10.345470522713642,0.01144786944559389,1559.4088268765354,0.30272329703119555,1048.8080955846965,0.3354643921284009,778.2454619067181,170.18084974235848,86.11457558131336,110418.42754377445,58996.44269035742,0.576251650841834,272.83240724818546,170.18084974235907,86.11457558131367,55212.85814593121,71605.71691912855,1.0550186971101692,18309.844136087853,4.967600171070089e-13,0.0,0.0,779.701517023955,0.0,778.0757108812713,0.0,0.0,270.5792012617942,1.9616122705633927,16749.907243551967
10000.0,0.2525,0.5202963529351361,5.202963529351361e-10,12.531684536845685,5.867725200866275e-05,3.052956022036312e-05,0.009830880738576277,12928.378202651196,26.792250096795538,13009.023364126118,170.18935593839936,88.54890120312893,110476.27087729369,57613.94614418188,0.00012758319627974844,0.06236037391774533,170.1893559383987,88.54890120312862,55265.02184459578,67672.85389451773,0.03714033825023453,0.019323982538374355,-1.5497240728454322e-14,0.0,0.0,0.0,0.0,12928.373087679553,0.0,66.71036643371089,0.0,0.06229399284602517,0.0
10000.0,0.2575,0.5202326522043803,5.202326522043803e-10,12.531689863004926,2.0792017256955417e-05,1.0824373367661997e-05,0.009832981873449624,12928.238835752036,26.770199922680025,13010.988904927095,170.22454804679552,88.5563681006764,110499.06013167473,57622.90513428218,0.00012724000563257642,0.01462163808693458,170.22454804679532,88.55636810067631,55276.33754298152,67678.94286096652,0.008726658801754422,0.004539892853319428,-3.1840464991106217e-09,0.0,0.0,0.0,0.0,12928.233720313416,0.0,68.82845250229325,0.0,0.014555443681337845,0.0
10000.0,0.2625,0.5202177187317707,5.202177187317708e-10,12.53169113622441,1.1927269241090187e-05,6.204776795299555e-06,0.009833424999190439,12928.206163194578,26.765043988683345,13011.449697591224,170.23279949575814,88.55811860700621,110504.4035278114,57625.00544016959,0.0001271794385606585,0.0034299806790932894,170.23279949575763,88.5581186070062,55278.99074859506,67680.37033124355,0.0020644749822877214,0.001073976465664531,5.211115570997392e-13,0.0,0.0,0.0,0.0,12928.20104767953,0.0,69.32499979044687,0.0,0.0033638196816956766,0.0
10000.0,0.2675,0.5202142167449806,5.202142167449807e-10,12.531691355907538,9.811587932711098e-06,5.121779072369693e-06,0.009833651637574322,12928.198503585178,26.763774156834415,13011.557723778833,170.23473434090374,88.55852898794308,110505.65635479378,57625.497826562634,0.00012713786933169256,0.0008062581746182144,170.23473434090425,88.55852898794306,55279.612765703656,67680.70498104153,0.0005025668231604315,0.00026144240627241645,7.411874529310485e-08,0.0,0.0,0.0,0.0,12928.193387981853,0.0,69.44143995380333,0.0,0.0007401192475052024,0.0
10000.0,0.2725,0.5202133973236118,5.202133973236118e-10,12.53169152217002,9.289720196257546e-06,4.867885891547744e-06,0.00983368230833972,12928.196707900337,26.763567737018736,13011.583048958935,170.23518742778347,88.55862519582904,110505.94991342326,57625.61325944387,0.00012713359862451704,0.00019116431232165843,170.2351874277838,88.55862519582904,55279.758605589355,67680.7834348553,0.00013639696137747982,7.095552666279623e-05,5.77336838117713e-08,0.0,0.0,0.0,0.0,12928.191592293964,0.0,69.4686901960476,0.0,0.000125027711067222,0.0
10000.0,0.2775,0.520213204275405,5.20213204275405e-10,12.531691380640208,9.21772449884265e-06,4.808364300778839e-06,0.009833662894104412,12928.19628692795,26.76349175376205,13011.588986081788,170.23529395746613,88.55864775037892,110506.01880653901,57625.64032101634,9.027920866760419e-05,4.696443646222986e-05,170.23529395746613,88.55864775037892,55279.79276760412,67680.80182721929,5.0553556879145365e-05,2.6298627811619153e-05,1.28453749635015e-08,0.0,0.0,0.0,0.0,12928.191171322704,0.0,69.47509297256686,0.0,0.0,0.0
10000.0,0.28250000000000003,0.5202131591460963,5.202131591460963e-10,12.531691154393334,9.250119164686952e-06,4.794410323140719e-06,0.009833761742348747,12928.196188237052,26.763523307713957,13011.590377954526,170.23531888991832,88.55865303796753,110506.03491622466,57625.64666521132,2.529512614178545e-05,1.315885739135735e-05,170.23531888991832,88.55865303796753,55279.800748876536,67680.8061390435,3.042880079566952e-05,1.5829462590942487e-05,3.635504903147429e-08,0.0,0.0,0.0,0.0,12928.19107259317,0.0,69.47656834417172,0.0,0.0,0.0
10000.0,0.2875,0.5202131468532862,5.202131468532862e-10,12.53169097566112,9.209953734385927e-06,4.791139014538078e-06,0.009833733095667357,12928.196165100395,26.763431238469366,13011.590704258995,170.2353252955028,88.55865427756635,110506.03885773069,57625.648152516245,1.0060544343250773e-05,5.2336274318595125e-06,170.23532529550272,88.55865427756635,55279.80260282786,67680.80714988842,2.5710841853919288e-05,1.337511794907453e-05,-2.3203799822265235e-13,0.0,0.0,0.0,0.0,12928.191049463527,0.0,69.47696601750255,0.0,0.0,0.0
10000.0,0.2925,0.5202131457995405,5.202131457995405e-10,12.53169106004833,9.14053510137618e-06,4.790372103464315e-06,0.009833734158160254,12928.19615967634,26.76351587287573,13011.590780756367,170.2353261989609,88.55865456817237,110506.03960601568,57625.648501193406,6.489016730528702e-06,3.3756716849916735e-06,170.23532619896065,88.55865456817237,55279.80305571156,67680.80738686642,2.4604784374821666e-05,1.279973228134536e-05,1.101762964544816e-08,0.0,0.0,0.0,0.0,12928.191044038098,0.0,69.47700395242381,0.0,0.0,0.0
10000.0,0.2975,0.520213144719916,5.20213144719916e-10,12.531691028402522,9.208133936742555e-06,4.790192312235024e-06,0.009833711833184794,12928.19615840475,26.763487306175424,13011.590798690071,170.2353266832213,88.55865463630077,110506.03986152186,57625.64858293574,5.6517233626752295e-06,2.9401007835842994e-06,170.2353266832214,88.55865463630077,55279.803153630775,67680.8074424225,2.434548520539763e-05,1.2664841418432089e-05,-4.1013663524927506e-14,0.0,0.0,0.0,0.0,12928.191042779736,0.0,69.47703801476224,0.0,0.0,0.0
10000.0,0.3025,0.5202131449810978,5.202131449810978e-10,12.53169105395849,9.214434431193439e-06,4.790150162776976e-06,0.009833716366822768,12928.196158106643,26.763510480522154,13011.59080289437,170.23532662845403,88.55865465227251,110506.03987195903,57625.64860209905,5.45543205774009e-06,2.8379874741189538e-06,170.23532662845406,88.55865465227251,55279.803181748466,67680.80745544682,2.4284696234483965e-05,1.263321820305153e-05,1.5890446371873763e-08,0.0,0.0,0.0,0.0,12928.191042478564,0.0,69.47703045098979,0.0,0.0,0.0
10000.0,0.3075,0.5202131456429209,5.202131456429209e-10,12.531691118036136,9.208033902190253e-06,4.790140281445051e-06,0.009833723119835061,12928.196158036755,26.763550821640596,13011.590803880006,170.23532641907576,88.55865465601681,110506.03981668653,57625.6486065916,5.409414403502718e-06,2.8140484829322737e-06,170.23532641907556,88.55865465601681,55279.803194286826,67680.80745850019,2.4270445109856453e-05,1.2625804596752273e-05,1.694151035415778e-13,0.0,0.0,0.0,0.0,12928.191042401419,0.0,69.47701051832703,0.0,0.0,0.0
10000.0,0.3125,0.5202131453147538,5.202131453147538e-10,12.531691080002185,9.203794499810312e-06,4.79013796490944e-06,0.009833708805602009,12928.196158020372,26.763532196566935,13011.590804111074,170.23532652815302,88.55865465689463,110506.03985017925,57625.64860764483,5.398626237359164e-06,2.808436332057559e-06,170.23532652815302,88.55865465689463,55279.80319246125,67680.807459216,2.4267104161983526e-05,1.2624066583786204e-05,3.327665550237439e-09,0.0,0.0,0.0,0.0,12928.191042397157,0.0,69.47702044949679,0.0,0.0,0.0
10000.0,0.3175,0.5202131451272223,5.202131451272222e-10,12.53169105677529,9.22072897296125e-06,4.790137421831109e-06,0.00983374782331747,12928.196158016532,26.76352140325624,13011.590804165246,170.23532658991667,88.5586546571004,110506.03986858267,57625.64860789173,5.396097072819519e-06,2.807120644308022e-06,170.23532658991664,88.5586546571004,55279.80319090751,67680.80745938381,2.426632093014665e-05,1.262365913173813e-05,1.9370902854983014e-09,0.0,0.0,0.0,0.0,12928.191042367982,0.0,69.47702615455279,0.0,0.0,0.0
10000.0,0.3225,0.52021314514068,5.202131451406799e-10,12.531691074344161,9.208028169335953e-06,4.790137294514234e-06,0.009833719814853824,12928.196158015631,26.763522211898874,13011.590804177946,170.2353265856055,88.55865465714864,110506.03986746524,57625.64860794962,5.39550418233047e-06,2.8068122003098266e-06,170.23532658560543,88.55865465714864,55279.803191111125,67680.80745942316,2.426613731007147e-05,1.2623563610487875e-05,1.8439139168468383e-14,0.0,0.0,0.0,0.0,12928.1910423851,0.0,69.47702572836074,0.0,0.0,0.0
10000.0,0.3275,0.5202131433574273,5.202131433574273e-10,12.53169093174396,8.937008840152176e-06,4.790137264666632e-06,0.009833694405409236,12928.19615801542,26.763418782742875,13011.590804180922,170.23532716918155,88.55865465715996,110506.04003876627,57625.6486079632,5.395365489236359e-06,2.8067398900674787e-06,170.23532716918274,88.55865465715996,55279.80317340194,67680.80745943238,2.4266094346325346e-05,1.2623541216909802e-05,-9.852794055193187e-08,0.0,0.0,0.0,0.0,12928.191042483631,0.0,69.47707955816712,0.0,0.0,0.0
10000.0,0.3325,0.5202131451250376,5.202131451250376e-10,12.531691060917904,9.17412966584949e-06,4.7901372576692924e-06,0.009833737486250735,12928.19615801537,26.76352139763766,13011.59080418162,170.23532659075127,88.55865465716263,110506.03986883195,57625.64860796638,5.395333077111961e-06,2.806722937975109e-06,170.23532659075107,88.55865465716263,55279.803190826126,67680.80745943454,2.4266084172141683e-05,1.2623535967058721e-05,1.0539589751112715e-07,0.0,0.0,0.0,0.0,12928.191042386354,0.0,69.47702620010574,0.0,0.0,0.0
10000.0,0.3375,0.5202131448991358,5.202131448991358e-10,12.531691055558186,9.208028099631409e-06,4.7901372560288674e-06,0.009833718529337569,12928.196158015358,26.76350818488915,13011.590804181784,170.23532666467682,88.55865465716325,110506.03989071577,57625.648607967116,5.395324957322995e-06,2.8067189638017912e-06,170.23532666467682,88.55865465716325,55279.80318872333,67680.80745943505,2.4266081816818577e-05,1.2623534736306925e-05,-6.886054535061295e-14,0.0,0.0,0.0,0.0,12928.191042385462,0.0,69.47703303418629,0.0,0.0,0.0
10000.0,0.3425,0.5202131451814069,5.20213145181407e-10,12.531691061001927,9.216496176158887e-06,4.790137255644293e-06,0.009833761875700486,12928.196158015357,26.763524563357414,13011.590804181822,170.23532657230626,88.55865465716339,110506.03986356349,57625.6486079673,5.395323166319307e-06,2.806718032114232e-06,170.2353265723062,88.55865465716339,55279.803191565756,67680.80745943516,2.4266081249009773e-05,1.2623534447774937e-05,1.1175216553830213e-08,0.0,0.0,0.0,0.0,12928.191042372284,0.0,69.47702451076712,0.0,0.0,0.0
10000.0,0.34750000000000003,0.5202131451514452,5.202131451514452e-10,12.531691058803018,9.208028094252836e-06,4.790137255554135e-06,0.009833749926116677,12928.196158015355,26.76352285176509,13011.590804181831,170.23532658211107,88.55865465716343,110506.03986643809,57625.64860796734,5.395322743865764e-06,2.8067178136935348e-06,170.23532658211107,88.55865465716343,55279.80319126975,67680.8074594352,2.4266081120379597e-05,1.2623534380132778e-05,3.6472558142604667e-13,0.0,0.0,0.0,0.0,12928.191042364697,0.0,69.47702542552408,0.0,0.0,0.0
10000.0,0.35250000000000004,0.5202131438132622,5.202131438132622e-10,12.53169097339512,9.258837296234382e-06,4.790137255532999e-06,0.00983370019927093,12928.196158015355,26.76344510524092,13011.590804181833,170.2353270200201,88.55865465716344,110506.03999498417,57625.64860796734,5.395322793839817e-06,2.8067177624879554e-06,170.23532702002012,88.55865465716344,55279.80317777775,67680.8074594352,2.4266081152317902e-05,1.2623534364275047e-05,-3.129010012001922e-09,0.0,0.0,0.0,0.0,12928.191042395209,0.0,69.47706586883966,0.0,0.0,0.0
10000.0,0.3575,0.5202131449043118,5.202131449043118e-10,12.531691046522061,9.208028098577061e-06,4.790137255528045e-06,0.009833728941663723,12928.196158015355,26.763508502212808,13011.590804181835,170.23532666298334,88.55865465716344,110506.03989034286,57625.64860796735,5.395322624921014e-06,2.806717750483547e-06,170.2353266629837,88.55865465716344,55279.80318879596,67680.80745943521,2.4266081094278022e-05,1.2623534360557433e-05,6.680817873618178e-14,0.0,0.0,0.0,0.0,12928.191042372953,0.0,69.4770328915997,0.0,0.0,0.0
10000.0,0.3625,0.5202131457118162,5.202131457118163e-10,12.531691123111196,9.23343948543338e-06,4.790137255526883e-06,0.009833725556181052,12928.196158015355,26.763555372901905,13011.590804181835,170.23532639873446,88.55865465716344,110506.03981252117,57625.64860796734,5.395322534586809e-06,2.8067177476692863e-06,170.23532639873451,88.55865465716344,55279.803196819645,67680.8074594352,2.4266081054935487e-05,1.2623534359685894e-05,-7.684948111644843e-09,0.0,0.0,0.0,0.0,12928.19104237543,0.0,69.47700846341381,0.0,0.0,0.0
10000.0,0.3675,0.520213145505013,5.20213145505013e-10,12.53169111452587,9.212258491903774e-06,4.79013725552661e-06,0.009833700295630956,12928.196158015355,26.763543386794872,13011.590804181835,170.23532646640908,88.55865465716344,110506.0398325316,57625.64860796734,5.395322601035003e-06,2.806717747009524e-06,170.23532646640908,88.55865465716344,55279.80319475463,67680.8074594352,2.4266081064189342e-05,1.262353435948157e-05,1.0779478165199172e-08,0.0,0.0,0.0,0.0,12928.19104239639,0.0,69.47701469538714,0.0,0.0,0.0
10000.0,0.3725,0.520213145420974,5.202131454209739e-10,12.531691098862296,9.208031973320505e-06,4.790137255526546e-06,0.009833723423534722,12928.196158015355,26.76353849289944,13011.590804181835,170.23532649391012,88.55865465716344,110506.03984051991,57625.64860796735,5.395322609869692e-06,2.8067177468548523e-06,170.23532649391012,88.55865465716344,55279.80319398379,67680.80745943521,2.426608106801739e-05,1.2623534359433673e-05,-7.023953821255223e-09,0.0,0.0,0.0,0.0,12928.191042380628,0.0,69.47701725501027,0.0,0.0,0.0
10000.0,0.3775,0.520213145695617,5.202131456956171e-10,12.531691123517113,9.224954682932057e-06,4.79013725552653e-06,0.009833724206235786,12928.196158015355,26.76355447646697,13011.590804181835,170.2353264040355,88.55865465716344,110506.03981403008,57625.648607967334,5.395322751913503e-06,2.8067177468185917e-06,170.2353264040356,88.55865465716344,55279.80319661163,67680.8074594352,2.4266081055184687e-05,1.2623534359422444e-05,1.996228374654165e-08,0.0,0.0,0.0,0.0,12928.191042397766,0.0,69.47700892845208,0.0,0.0,0.0
10000.0,0.3825,0.5202131451523002,5.202131451523002e-10,12.531691060295058,9.140275237763403e-06,4.790137255526527e-06,0.009833755299442509,12928.196158015355,26.763522821963782,13011.590804181835,170.23532658183137,88.55865465716344,110506.03986640011,57625.64860796735,5.395322271057962e-06,2.806717746810091e-06,170.235326581831,88.55865465716344,55279.80319112995,67680.80745943521,2.426608108052341e-05,1.262353435941981e-05,-3.860291458121437e-08,0.0,0.0,0.0,0.0,12928.191042370278,0.0,69.47702539342836,0.0,0.0,0.0
10000.0,0.3875,0.5202131450261874,5.202131450261874e-10,12.531691056543439,9.301237453809473e-06,4.790137255526526e-06,0.009833728399703702,12928.196158015355,26.763515485845634,13011.590804181835,170.23532662310066,88.55865465716344,110506.03987839074,57625.64860796734,5.3953226871174425e-06,2.8067177468080978e-06,170.23532662310066,88.55865465716344,55279.80318996328,67680.8074594352,2.4266081086404922e-05,1.2623534359419188e-05,-3.22432875947904e-08,0.0,0.0,0.0,0.0,12928.191042367362,0.0,69.47702921134875,0.0,0.0,0.0
10000.0,0.3925,0.5202131450444969,5.20213145044497e-10,12.531691056996424,9.208028096092802e-06,4.790137255526527e-06,0.00983372845261416,12928.196158015355,26.763516628825187,13011.590804181835,170.23532661710902,88.55865465716344,110506.03987686381,57625.648607967356,5.395322616400928e-06,2.8067177468076306e-06,170.23532661710902,88.55865465716344,55279.803190200015,67680.80745943521,2.4266081085550584e-05,1.2623534359419048e-05,-6.85553868361037e-14,0.0,0.0,0.0,0.0,12928.191042378698,0.0,69.4770286448597,0.0,0.0,0.0
10000.0,0.3975,0.5202131456363068,5.202131456363068e-10,12.531691118186192,9.275777061288367e-06,4.790137255526529e-06,0.00983372316179379,12928.196158015355,26.763550953837896,13011.590804181835,170.23532642344432,88.55865465716347,110506.03981980687,57625.64860796737,5.395322586218142e-06,2.8067177468075214e-06,170.23532642344426,88.55865465716347,55279.80319611033,67680.80745943522,2.4266081057944707e-05,1.2623534359419017e-05,-6.578807948150434e-08,0.0,0.0,0.0,0.0,12928.191042378448,0.0,69.47701074404804,0.0,0.0,0.0
10000.0,0.4025,0.520213143241147,5.20213143241147e-10,12.531690934544875,9.208028128012981e-06,4.790137255526527e-06,0.009833691114723861,12928.196158015355,26.76341186817937,13011.590804181835,170.23532720723995,88.55865465716344,110506.0400501565,57625.64860796735,5.395322635103877e-06,2.8067177468074955e-06,170.23532720723995,88.55865465716344,55279.80317207994,67680.80745943521,2.426608116967032e-05,1.2623534359419005e-05,1.4717833906612328e-14,0.0,0.0,0.0,0.0,12928.191042399952,0.0,69.47708316890173,0.0,0.0,0.0
10000.0,0.40750000000000003,0.5202131449370917,5.202131449370917e-10,12.531691063539494,9.208028097993927e-06,4.790137255526527e-06,0.009833702897423002,12928.196158015355,26.7635103933919,13011.590804181835,170.23532665225648,88.55865465716344,110506.03988710862,57625.648607967356,5.395322617514595e-06,2.8067177468074896e-06,170.2353266522565,88.55865465716344,55279.803189080754,67680.80745943521,2.4266081090560564e-05,1.2623534359419004e-05,-7.227580300688057e-15,0.0,0.0,0.0,0.0,12928.191042393702,0.0,69.47703187688928,0.0,0.0,0.0
10000.0,0.41250000000000003,0.5202131449370899,5.2021314493709e-10,12.531691063539494,9.208028097993957e-06,4.790137255526527e-06,0.009833702897423035,12928.196158015355,26.763510393393577,13011.590804181835,170.23532665225704,88.55865465716344,110506.03988710897,57625.648607967356,5.395322617514611e-06,2.8067177468074883e-06,170.23532665225702,88.55865465716344,55279.80318908093,67680.80745943521,2.426608109056065e-05,1.2623534359419004e-05,-5.3912537995504217e-14,0.0,0.0,0.0,0.0,12928.191042393702,0.0,69.47703187694317,0.0,0.0,0.0
10000.0,0.4175,0.5202131450686761,5.202131450686761e-10,12.531691059240618,9.186847935717807e-06,4.790137255526527e-06,0.009833730465224374,12928.196158015355,26.7635180215914,13011.590804181835,170.2353266091966,88.55865465716346,110506.03987438904,57625.64860796735,5.395322569637063e-06,2.8067177468074875e-06,170.23532660919662,88.55865465716346,55279.8031904183,67680.8074594352,2.4266081084422618e-05,1.2623534359419004e-05,-1.7187917295019995e-08,0.0,0.0,0.0,0.0,12928.191042376613,0.0,69.47702791581473,0.0,0.0,0.0
10000.0,0.4225,0.5202131445306379,5.20213144530638e-10,12.53169101527388,9.258892696454057e-06,4.790137255526527e-06,0.00983375176577336,12928.196158015355,26.763486703879185,13011.590804181835,170.2353267852649,88.55865465716344,110506.039926034,57625.64860796735,5.395322600999801e-06,2.806717746807488e-06,170.23532678526507,88.55865465716344,55279.803185026816,67680.80745943521,2.4266081109520177e-05,1.2623534359419004e-05,-5.056431492005e-08,0.0,0.0,0.0,0.0,12928.191042363589,0.0,69.47704420496306,0.0,0.0,0.0
10000.0,0.4275,0.5202131452899427,5.202131452899427e-10,12.531691081864688,8.801458891225968e-06,4.790137255526527e-06,0.00983373204062742,12928.196158015355,26.763530935582857,13011.590804181835,170.23532653678902,88.55865465716344,110506.0398528497,57625.64860796734,5.3953230124407e-06,2.8067177468074875e-06,170.23532653678953,88.55865465716344,55279.80319190328,67680.80745943521,2.4266081074101342e-05,1.2623534359419004e-05,2.1941182280110036e-07,0.0,0.0,0.0,0.0,12928.191042378356,0.0,69.4770212209876,0.0,0.0,0.0
10000.0,0.4325,0.5202131434018022,5.202131434018022e-10,12.531690934618185,9.208028125169302e-06,4.790137255526526e-06,0.009833706991358297,12928.196158015355,26.763421204365788,13011.590804181835,170.2353271546669,88.55865465716344,110506.04003469797,57625.64860796734,5.395322633437647e-06,2.8067177468074875e-06,170.23532715466686,88.55865465716344,55279.8031736867,67680.80745943521,2.4266081162176322e-05,1.2623534359419002e-05,7.00360142010196e-14,0.0,0.0,0.0,0.0,12928.191042392627,0.0,69.47707831757859,0.0,0.0,0.0
10000.0,0.4375,0.5202131445306379,5.20213144530638e-10,12.53169101527388,9.258892696454057e-06,4.790137255526526e-06,0.00983375176577336,12928.196158015355,26.763486703879185,13011.590804181835,170.2353267852649,88.55865465716344,110506.039926034,57625.64860796735,5.395322600999801e-06,2.806717746807488e-06,170.23532678526507,88.55865465716344,55279.803185026816,67680.80745943521,2.4266081109520177e-05,1.2623534359419004e-05,-5.056431492005e-08,0.0,0.0,0.0,0.0,12928.191042363589,0.0,69.47704420496306,0.0,0.0,0.0
10000.0,0.4425,0.5202131454966122,5.202131454966123e-10,12.531691102903064,9.208028088090138e-06,4.790137255526526e-06,0.009833722620930872,12928.196158015355,26.76354289574291,13011.590804181835,170.23532646915814,88.55865465716344,110506.03983327036,57625.64860796734,5.395322611711598e-06,2.8067177468074875e-06,170.23532646915817,88.55865465716344,55279.803194714805,67680.8074594352,2.426608106446093e-05,1.2623534359419004e-05,7.118848339003044e-15,0.0,0.0,0.0,0.0,12928.191042383476,0.0,69.47701496392081,0.0,0.0,0.0
10000.0,0.4475,0.5202131451939123,5.202131451939123e-10,12.531691063122674,9.208023594034001e-06,4.790137255526526e-06,0.009833742851742513,12928.196158015355,26.7635253256209,13011.590804181835,170.2353265682141,88.55865465716344,110506.03986238858,57625.64860796734,5.395322512419801e-06,2.806717746807487e-06,170.2353265682143,88.55865465716344,55279.80319167525,67680.8074594352,2.4266081078580804e-05,1.2623534359419002e-05,2.371291368338514e-08,0.0,0.0,0.0,0.0,12928.191042380358,0.0,69.4770241234823,0.0,0.0,0.0
10000.0,0.4525,0.5202131449370899,5.2021314493709e-10,12.531691063539494,9.208028097993957e-06,4.790137255526527e-06,0.009833702897423035,12928.196158015355,26.763510393393577,13011.590804181835,170.23532665225704,88.55865465716344,110506.03988710897,57625.648607967356,5.395322617514611e-06,2.806717746807488e-06,170.23532665225702,88.55865465716344,55279.80318908093,67680.80745943521,2.426608109056065e-05,1.2623534359419004e-05,-5.3912537995504217e-14,0.0,0.0,0.0,0.0,12928.191042393702,0.0,69.47703187694317,0.0,0.0,0.0
10000.0,0.4575,0.5202131451432382,5.202131451432383e-10,12.531691058379772,9.208028094345034e-06,4.790137255526528e-06,0.009833749557319558,12928.196158015355,26.76352253950461,13011.590804181835,170.2353265847968,88.55865465716346,110506.0398700109,57625.648607967356,5.39532261537657e-06,2.8067177468074875e-06,170.2353265847895,88.55865465716346,55279.80319272691,67680.80745943521,2.426608108094456e-05,1.2623534359419004e-05,1.5919245629330191e-12,0.0,0.0,0.0,0.0,12928.191042617731,0.0,69.47702539108379,0.0,0.0,0.0
10000.0,0.4625,0.5202131434018022,5.202131434018022e-10,12.531690934618185,9.208028125169302e-06,4.790137255526527e-06,0.009833706991358297,12928.196158015355,26.763421204365788,13011.590804181835,170.2353271546669,88.55865465716344,110506.04003469797,57625.64860796734,5.395322633437647e-06,2.8067177468074875e-06,170.23532715466686,88.55865465716344,55279.8031736867,67680.80745943521,2.4266081162176322e-05,1.2623534359419002e-05,7.00360142010196e-14,0.0,0.0,0.0,0.0,12928.191042392627,0.0,69.47707831757859,0.0,0.0,0.0
10000.0,0.4675,0.5202131449370899,5.2021314493709e-10,12.531691063539494,9.208028097993957e-06,4.790137255526527e-06,0.009833702897423035,12928.196158015355,26.763510393393577,13011.590804181835,170.23532665225704,88.55865465716344,110506.03988710897,57625.648607967356,5.395322617514611e-06,2.806717746807488e-06,170.23532665225702,88.55865465716344,55279.80318908093,67680.80745943521,2.426608109056065e-05,1.2623534359419004e-05,-5.3912537995504217e-14,0.0,0.0,0.0,0.0,12928.191042393702,0.0,69.47703187694317,0.0,0.0,0.0
10000.0,0.47250000000000003,0.5202131438092134,5.202131438092133e-10,12.531690982547744,9.208028117957926e-06,4.790137255526527e-06,0.00983368301094203,12928.196158015355,26.76344487199169,13011.590804181835,170.23532702134509,88.55865465716346,110506.03999557035,57625.64860796735,5.395322629212236e-06,2.806717746807488e-06,170.23532702134509,88.55865465716346,55279.80317777789,67680.80745943521,2.4266081143172057e-05,1.2623534359419005e-05,1.0539807166123564e-13,0.0,0.0,0.0,0.0,12928.191042404733,0.0,69.4770659806707,0.0,0.0,0.0
10000.0,0.47750000000000004,0.5202131452899427,5.202131452899427e-10,12.531691081864688,8.801458891225968e-06,4.790137255526527e-06,0.00983373204062742,12928.196158015355,26.763530935582857,13011.590804181835,170.23532653678902,88.55865465716344,110506.0398528497,57625.64860796734,5.3953230124407e-06,2.8067177468074875e-06,170.23532653678953,88.55865465716344,55279.80319190328,67680.80745943521,2.4266081074101342e-05,1.2623534359419004e-05,2.1941182280110036e-07,0.0,0.0,0.0,0.0,12928.191042378356,0.0,69.4770212209876,0.0,0.0,0.0
10000.0,0.4825,0.5202131445318445,5.202131445318445e-10,12.53169101527388,9.275778295240693e-06,4.790137255526527e-06,0.009833751765750028,12928.196158015355,26.7634867324198,13011.590804181835,170.23532678487015,88.55865465716344,110506.03992570212,57625.64860796735,5.3953220623543245e-06,2.8067177468074875e-06,170.23532678487106,88.55865465716344,55279.80318486616,67680.80745943521,2.4266081109463897e-05,1.2623534359419004e-05,4.662799148019235e-08,0.0,0.0,0.0,0.0,12928.191042308687,0.0,69.47704422980209,0.0,0.0,0.0
10000.0,0.4875,0.5202131451172043,5.202131451172042e-10,12.53169106094331,9.208028094805842e-06,4.790137255526525e-06,0.009833750699442352,12928.196158015355,26.763520851278116,13011.590804181835,170.2353265933161,88.55865465716342,110506.03986968273,57625.64860796733,5.395322615646577e-06,2.8067177468074866e-06,170.23532659331613,88.55865465716342,55279.80319093585,67680.8074594352,2.4266081082158953e-05,1.2623534359419e-05,5.51363079494916e-14,0.0,0.0,0.0,0.0,12928.191042369766,0.0,69.47702645558194,0.0,0.0,0.0
10000.0,0.4925,0.5202131452239043,5.202131452239043e-10,12.53169106217464,9.208028092917202e-06,4.790137255526526e-06,0.009833763770080373,12928.196158015355,26.763527021153415,13011.590804181835,170.23532655839963,88.55865465716342,110506.03985943086,57625.64860796734,5.3953226145399495e-06,2.806717746807487e-06,170.23532655839992,88.55865465716342,55279.803192094216,67680.8074594352,2.4266081077181787e-05,1.2623534359419002e-05,3.745589455800977e-14,0.0,0.0,0.0,0.0,12928.19104237257,0.0,69.47702322498422,0.0,0.0,0.0
10000.0,0.4975,0.5202131451463292,5.202131451463291e-10,12.531691081418009,9.208028094290317e-06,4.790137255526526e-06,0.009833715726854052,12928.196158015355,26.763522547691363,13011.590804181835,170.23532658378525,88.55865465716343,110506.03986695503,57625.64860796735,5.395322615344511e-06,2.8067177468074875e-06,170.23532658378525,88.55865465716343,55279.80319118835,67680.8074594352,2.4266081080800386e-05,1.2623534359419002e-05,-2.2693057772534073e-14,0.0,0.0,0.0,0.0,12928.191042386821,0.0,69.47702555555524,0.0,0.0,0.0
20000.0,0.0025,0.5060963799330664,5.060963799330665e-10,8.721839051957588,0.0002733848761261466,1559.4088526179858,1.878183578627456,1048.990141017446,0.4135386815675273,775.6780219429287,170.13522627902384,86.1048221189071,110385.93636581674,58984.74021889424,0.63999312284962,272.89476582451414,170.13522627903703,86.10482211891413,55198.17493526378,71597.76335771919,0.1982158589265287,18309.863446850522,-3.7016887502770983e-13,0.0,0.0,779.7043571284191,0.0,775.4687315343766,0.0,0.0,272.5708675709257,0.0,16750.35441626783
20000.0,0.0075,0.5060963787425858,5.060963787425859e-10,8.721839738584999,0.0002733568566700939,1559.4088526120129,1.8781311779703278,1048.9901384146876,0.4135273101016085,775.6780210372497,170.1352267194983,86.10482213928692,110385.9366598226,58984.74023617768,0.6399510845344498,272.89476359007523,170.1352267194882,86.1048221392818,55198.17482609986,71597.76335052644,0.1981771205521113,18309.863448266795,1.0071524757105706e-14,0.0,0.0,779.7043571335471,0.0,775.4687363630951,0.0,0.0,272.5708866636199,0.0,16750.354437276692
20000.0,0.0125,0.5060963796132536,5.060963796132536e-10,8.721838450346155,0.0002733594694998412,1559.4088526197295,1.8781687670857385,1048.9901423216754,0.41353169704744375,775.678023192855,170.13522638491295,86.10482211809737,110385.93644653556,58984.74022081092,0.639984648735102,272.89476552041884,170.13522638497795,86.10482211809548,55198.17490060001,71597.76335554177,0.19822001459078128,18309.863446947464,2.6151450776147054e-11,0.0,0.0,779.7043571399112,0.0,775.4687362976039,0.0,0.0,272.57087160569256,0.0,16750.354417576455
20000.0,0.0175,0.5060963797007685,5.060963797007685e-10,8.721838527181406,0.00027336749856514024,1559.4088526121727,1.8781548430777657,1048.9901376186913,0.41353058657397745,775.6780207324719,170.13522640514032,86.10482214321364,110385.93647404519,58984.74023711995,0.6399830731228735,272.89476331916273,170.13522640514154,86.10482214321361,55198.17490151797,71597.76335062453,0.19822042508193435,18309.863447057654,2.191150758392204e-11,0.0,0.0,779.7043542701584,0.0,775.4687355977198,0.0,0.0,272.5708750842607,0.0,16750.354423150453
20000.0,0.0225,0.5060963798816005,5.060963798816006e-10,8.721838551032471,0.00027337407247885723,1559.4088526177068,1.8781821992076841,1048.9901419064097,0.4135359122312276,775.6780221284615,170.13522628552994,86.10482211344362,110385.93637494004,58984.74021772275,0.6399939607007132,272.89476622095765,170.13522628553036,86.10482211344384,55198.174932760645,71597.76335770424,0.19822053950531623,18309.863448902135,-3.6876852762281015e-14,0.0,0.0,779.7043571320194,0.0,775.4687331003357,0.0,0.0,272.5708675943012,0.0,16750.354415942358
20000.0,0.0275,0.5060963788496867,5.060963788496868e-10,8.72183841591176,0.00027335952396283784,1559.4088526190644,1.8781388955116558,1048.9901417185806,0.4135297329189816,775.678022944063,170.1352266485336,86.10482212159361,110385.93660979,58984.7402226805,0.6399568428460128,272.8947652196239,170.13522664853238,86.104822121593,55198.17484359265,71597.76335499823,0.19818214578025395,18309.86344657125,-3.119935854443204e-14,0.0,0.0,779.7043571353133,0.0,775.4687370381253,0.0,0.0,272.5708853853736,0.0,16750.354433028115
20000.0,0.0325,0.5060963798932627,5.060963798932627e-10,8.721838534311297,0.00027335229293204145,1559.408852612928,1.878172391262809,1048.9901381397472,0.4135304023663517,775.6780210788131,170.13522633667944,86.10482214131436,110385.93640805488,58984.740235781246,0.639989667952858,272.89476350663585,170.13522633667986,86.10482214131457,55198.174921940124,71597.76335111278,0.19822153146163746,18309.863446722466,1.737929440309273e-14,0.0,0.0,779.7043571351622,0.0,775.4687348391956,0.0,0.0,272.57086705251567,0.0,16750.354413252946
20000.0,0.037500000000000006,0.5060963799371156,5.060963799371157e-10,8.721838557230763,0.00027338368591567136,1559.4088526136763,1.8781842112477405,1048.9901397340584,0.4135385552128278,775.678020939772,170.13522628844586,86.10482212436446,110385.93637680262,58984.74022478055,0.63999333545228,272.8947652401309,170.13522628844652,86.10482212436477,55198.1749312037,71597.76335536833,0.1982161945333873,18309.863449201854,3.5796099071165476e-14,0.0,0.0,779.7043571276063,0.0,775.4687305740033,0.0,0.0,272.57086692987383,0.0,16750.35441844803
20000.0,0.042499999999999996,0.5060963796394353,5.060963796394353e-10,8.721838524143642,0.00027336475160427644,1559.4088526201115,1.878170745836278,1048.9901426553924,0.4135328454684966,775.6780233451833,170.1352263719941,86.104822116002,110385.9364303585,58984.74021905614,0.639985579263771,272.8947657560361,170.1352263719929,86.10482211600139,55198.17491159737,71597.76335625935,0.1982132282100456,18309.863446696938,-6.009414565454001e-14,0.0,0.0,779.7043571356052,0.0,775.4687358692305,0.0,0.0,272.5708713713493,0.0,16750.354417428116
20000.0,0.0475,0.5060963800468998,5.060963800468999e-10,8.721838556134367,0.00027338214487821204,1559.4088526144808,1.8781836212824001,1048.9901379535058,0.41353811342276414,775.6780212290341,170.13522629050377,86.10482214408411,110385.93637815671,58984.74023758839,0.6399931874100302,272.8947631702964,170.13522629050428,86.10482214408434,55198.174930857356,71597.76335039086,0.19821656430710594,18309.863446178693,-2.3139554320286348e-14,0.0,0.0,779.7043571283912,0.0,775.4687310868206,0.0,0.0,272.57086493489373,0.0,16750.35441523473
20000.0,0.052500000000000005,0.5060963799241434,5.060963799241434e-10,8.721838555509144,0.0002733802912029718,1559.4088526128069,1.878182844235503,1048.9901395431855,0.41353759672594914,775.6780207702584,170.1352262938994,86.1048221249174,110385.93638042558,58984.74022518428,0.6399929272068273,272.89476521892635,170.1352262938997,86.10482212491758,55198.174930299676,71597.7633553606,0.1982168707791477,18309.863449371544,-3.402306617935214e-14,0.0,0.0,779.7043571280151,0.0,775.4687308895925,0.0,0.0,272.57086711528996,0.0,16750.354418275263
20000.0,0.057499999999999996,0.5060963799063052,5.060963799063052e-10,8.721838552010338,0.0002733776580897938,1559.4088526180508,1.8781816637124158,1048.990141190694,0.4135368815631846,775.6780226543448,170.1352262990156,86.10482212447181,110385.93638335438,58984.74022474215,0.6399924622857498,272.89476498258756,170.1352262990134,86.1048221244707,55198.174928897766,71597.76335469546,0.19821714474500185,18309.86344663314,-1.4399791038227654e-13,0.0,0.0,779.7043571312801,0.0,775.4687331356239,0.0,0.0,272.5708671142582,0.0,16750.354415392118
20000.0,0.0625,0.5060963795110907,5.060963795110907e-10,8.721838495733342,0.0002733594503401989,1559.4088526161097,1.8781616768341587,1048.9901401097366,0.4135310934725613,775.6780221128769,170.135226443482,86.10482213034581,110385.93647787199,58984.74022893053,0.6399782655063136,272.8947644444371,170.1352264434752,86.10482213034237,55198.17489632653,71597.76335411737,0.19820682931723788,18309.863446728596,-1.8203455610774307e-14,0.0,0.0,779.7043571349517,0.0,775.4687355236554,0.0,0.0,272.570873761298,0.0,16750.354420698866
20000.0,0.0675,0.5060963798475423,5.060963798475424e-10,8.721838557899186,0.00027338473243999185,1559.408852612726,1.8781793967762574,1048.9901393801533,0.413537095356265,775.6780208578886,170.1352263240079,86.10482212712269,110385.93640413259,58984.74022872215,0.6399899957677859,272.8947649757523,170.1352263239829,86.10482212711005,55198.17493070951,71597.76335866301,0.19821424281638533,18309.863449335004,6.876140191759794e-14,0.0,0.0,779.7043571268506,0.0,775.4687312310019,0.0,0.0,272.5708683557554,0.0,16750.354419568877
20000.0,0.07250000000000001,0.506096379083987,5.060963790839871e-10,8.721840567578294,0.0002733607694782231,1559.4088526238038,1.8781476497975318,1048.9901427595585,0.4135310000853147,775.6780238745956,170.13522656369022,86.10482211851738,110385.9365440529,58984.740215289676,0.6399644367878852,272.89476538599183,170.13522656375721,86.10482211855125,55198.17484412657,71597.7633455235,0.19819087943363342,18309.863444719755,2.837007618186007e-14,0.0,0.0,779.7043571384393,0.0,775.4687373328077,0.0,0.0,272.5708817017906,0.0,16750.35442675691
20000.0,0.0775,0.5060963798285781,5.060963798285781e-10,8.721838857334559,0.0002733834114913629,1559.4088526130486,1.878177144419018,1048.9901388098588,0.4135367154609729,775.678021177745,170.1352263390727,86.10482213152044,110385.93641336127,58984.74023143705,0.6399884937694834,272.8947642730592,170.13522633904753,86.10482213150753,55198.174927454944,71597.76335757902,0.19821284918918175,18309.863448557586,4.633317631631656e-13,0.0,0.0,779.704357127434,0.0,775.4687317430792,0.0,0.0,272.57086841323553,0.0,16750.354419497584
20000.0,0.0825,0.5060963798204761,5.060963798204761e-10,8.721839892589355,0.00027338460041788067,1559.408852615871,1.878174982168356,1048.9901382907547,0.41353651108737527,775.6780222197842,170.13522634433312,86.10482213280426,110385.93641340766,58984.74023042981,0.6399877980891131,272.89476335075426,170.13522634432715,86.10482213280126,55198.174922721795,71597.76335481433,0.19821251059384967,18309.863447580497,-3.7868576029557304e-14,0.0,0.0,779.7043571284573,0.0,775.4687328885959,0.0,0.0,272.5708678430121,0.0,16750.35441868964
20000.0,0.0875,0.5060963795286861,5.060963795286862e-10,8.721837844150176,0.00027335153731954646,1559.4088526183978,1.8781710608603992,1048.9901468119283,0.41353004355572276,775.6780215734943,170.1352263851888,86.10482210383744,110385.93644065034,58984.740212050056,0.6399843772663247,272.8947694985563,170.135226385187,86.10482210383653,55198.1749018055,71597.76335735223,0.19821473314624594,18309.863447536194,-1.658634557904834e-14,0.0,0.0,779.7043571380905,0.0,775.468735515625,0.0,0.0,272.570875722267,0.0,16750.35441750081
20000.0,0.0925,0.5060963798475775,5.060963798475775e-10,8.721839922035672,0.0002733842819224983,1559.4088526131627,1.8781748680532282,1048.9901370214518,0.413536383212644,775.6780213478191,170.1352263428655,86.10482213667244,110385.93641153444,58984.740232472715,0.6399878469007996,272.89476297113305,170.13522634286528,86.10482213667231,55198.17492128014,71597.76335318471,0.19821276740285484,18309.86344833245,1.0398633204709435e-14,0.0,0.0,779.7043571271831,0.0,775.4687320813402,0.0,0.0,272.57086743866995,0.0,16750.354419314208
20000.0,0.0975,0.5060963799624694,5.060963799624694e-10,8.721838964895179,0.00027339025102632487,1559.4088526126443,1.8781798971967747,1048.9901371505862,0.41353874189937445,775.678021294846,170.13522632340639,86.1048221463714,110385.93639916918,58984.74023888858,0.6399893430964599,272.89476255885666,170.13522632340636,86.10482214637139,55198.174922697515,71597.76334981977,0.19821151976852916,18309.863446116047,-1.1223897229822253e-14,0.0,0.0,779.7043571254014,0.0,775.4687308345984,0.0,0.0,272.5708662691008,0.0,16750.354417732044
20000.0,0.10250000000000001,0.5060963798722106,5.060963798722106e-10,8.721839033680514,0.00027338047564077133,1559.4088526216656,1.8781817329019308,1048.9901420867916,0.4135373729323325,775.6780239093509,170.1352262915949,86.1048221149155,110385.9363784699,58984.74021848249,0.6399926224453706,272.8947649184215,170.13522629159527,86.10482211491572,55198.174930279674,71597.76335615192,0.1982169199521119,18309.86344656115,-1.7522131179106645e-14,0.0,0.0,779.7043571323966,0.0,775.4687341419719,0.0,0.0,272.57086696905696,0.0,16750.354415431066
20000.0,0.1075,0.5060963788985255,5.060963788985256e-10,8.721839150496463,0.000273362508519575,1559.4088526088258,1.8781395009986468,1048.9901388443373,0.4135291251188157,775.6780187129158,170.13522665953482,86.10482213547046,110385.93661756543,58984.74023199388,0.6399574166812859,272.89476625492273,170.13522665953366,86.10482213546987,55198.17484399819,71597.76335498792,0.1981830780946725,18309.863450361718,-5.793202136548963e-14,0.0,0.0,779.7043571305159,0.0,775.4687331201263,0.0,0.0,272.570886123691,0.0,16750.354436362843
20000.0,0.1125,0.5060963799124325,5.060963799124325e-10,8.721840238209436,0.0002733777150233904,1559.4088526190933,1.8781775666189306,1048.990138783228,0.4135360016959754,775.67802356388,170.13522630701266,86.10482212956155,110385.9363880496,58984.74022776637,0.63999129891442,272.894762705027,170.13522630701314,86.10482212956181,55198.17492982338,71597.7633536855,0.1982172755297316,18309.863446310766,5.961384256691342e-15,0.0,0.0,779.7043571318367,0.0,775.468734490456,0.0,0.0,272.57086542546995,0.0,16750.354414999747
20000.0,0.1175,0.5060963793975939,5.060963793975939e-10,8.721837801094624,0.00027335552202473315,1559.408852616716,1.878165429140955,1048.9901457421395,0.4135305338786053,775.6780211583275,170.13522643843794,86.10482210848323,110385.93647497523,58984.74021494242,0.6399783447289472,272.8947688893398,170.13522643843774,86.10482210848313,55198.174887732384,71597.76335601229,0.19820728262243806,18309.863447609452,9.289675750263572e-15,0.0,0.0,779.7043571362349,0.0,775.4687348523596,0.0,0.0,272.57087816617957,0.0,16750.35442134846
20000.0,0.1225,0.5060963798093159,5.060963798093159e-10,8.721839920014665,0.0002733842584835037,1559.4088526159971,1.878174869034689,1048.9901384186835,0.4135363766460524,775.6780221343773,170.13522634302691,86.10482213024447,110385.93641173339,58984.740228352224,0.6399878515474361,272.89476358036984,170.13522634302763,86.10482213024481,55198.17492134645,71597.76335460243,0.1982127821693171,18309.86344798623,1.2356756235251334e-14,0.0,0.0,779.704357128601,0.0,775.4687328712363,0.0,0.0,272.57086804557974,0.0,16750.354418958996
20000.0,0.1275,0.5060963798055538,5.060963798055538e-10,8.721838862636018,0.000273384832468778,1559.4088526173778,1.8781767197898742,1048.9901400648816,0.41353734730017233,775.6780226483096,170.13522634575696,86.10482213098608,110385.93641311378,58984.74022863984,0.6399874458531201,272.89476406190795,170.13522634575585,86.10482213098551,55198.17491732448,71597.76335304121,0.19821045622640784,18309.863446090872,1.463930849047708e-14,0.0,0.0,779.7043571291571,0.0,775.4687328939222,0.0,0.0,272.57086873244054,0.0,16750.35441823716
20000.0,0.1325,0.5060963797414135,5.060963797414136e-10,8.721838625864198,0.0002733901518568508,1559.4088526186658,1.8781808240262052,1048.990142578694,0.4135388736995141,775.6780224190959,170.1352263208473,86.10482210746687,110385.93639713364,58984.74021351079,0.6399897186062067,272.89476665342573,170.1352263208485,86.10482210746746,55198.174923392704,71597.76335927134,0.19821175311792075,18309.863449418783,1.2186501439785122e-14,0.0,0.0,779.7043571307534,0.0,775.4687318939427,0.0,0.0,272.5708701820562,0.0,16750.354420894793
20000.0,0.1375,0.5060963796200066,5.060963796200067e-10,8.721838553485636,0.0002733607085706238,1559.4088526111998,1.8781526769413233,1048.990136125922,0.4135282772468674,775.6780205664736,170.13522646135965,86.10482215792408,110385.936517855,58984.74024716559,0.6399798797421808,272.89476201368336,170.1352264613825,86.10482215792334,55198.17488936105,71597.76334657679,0.19822011229843992,18309.86344506645,1.470057467275437e-10,0.0,0.0,779.7043556722076,0.0,775.46874162041,0.0,0.0,272.5708751657088,0.0,16750.354410655113
20000.0,0.14250000000000002,0.5060963798236042,5.060963798236043e-10,8.721838555901208,0.0002733900429209837,1559.408852615819,1.878180860990558,1048.9901407455077,0.4135388968702065,775.6780218304237,170.13522632118065,86.10482212161911,110385.93639750834,58984.740222711174,0.6399896532279866,272.8947653659181,170.13522632118153,86.10482212161953,55198.17492299034,71597.76335582777,0.19821160257833143,18309.86344825071,-8.484813892122612e-14,0.0,0.0,779.7043571270618,0.0,775.4687312918126,0.0,0.0,272.57086891929555,0.0,16750.354419828076
20000.0,0.1475,0.506096379945383,5.060963799453831e-10,8.72183856410602,0.0002733782245702107,1559.4088526139578,1.8781818975000002,1048.9901393720945,0.41353702830552047,775.6780212870499,170.13522629850524,86.10482213086206,110385.93638294315,58984.74022876566,0.6399925624972483,272.8947645379358,170.13522629850456,86.10482213086179,55198.174929344845,71597.76335367623,0.19821709950058958,18309.863447859643,5.734787796450091e-13,0.0,0.0,779.7043571298914,0.0,775.4687316938808,0.0,0.0,272.5708666188906,0.0,16750.354416634622
20000.0,0.1525,0.5060963798756711,5.060963798756712e-10,8.721838529887501,0.00027338105149230305,1559.4088526198275,1.8781829178439935,1048.990142393197,0.4135377760147607,775.67802312887,170.13522629313337,86.1048221162829,110385.93637929506,58984.7402194355,0.6399929502812776,272.8947656946284,170.13522629313343,86.10482211628307,55198.17492986394,71597.76335643728,0.19821675583432535,18309.863447079402,1.040183694201716e-12,0.0,0.0,779.7043571715401,0.0,775.4687331261046,0.0,0.0,272.5708675812049,0.0,16750.354416004564
20000.0,0.1575,0.5060963800023377,5.060963800023378e-10,8.721838548383468,0.0002733782859850904,1559.4088526060978,1.8781770623713252,1048.9901341088105,0.4135359105708273,775.67801861802,170.13522633449494,86.10482215876628,110385.93640640336,58984.74024699666,0.639988843445656,272.89476194269594,170.13522633449475,86.10482215876623,55198.174920229736,71597.7633474117,0.19821401156675358,18309.863448112843,9.319295509693404e-13,0.0,0.0,779.7043571251506,0.0,775.468729590683,0.0,0.0,272.57086590577904,0.0,16750.35441844959
20000.0,0.1625,0.5060963785331509,5.060963785331509e-10,8.721838416658052,0.00027330925622644773,1559.4088526308885,1.8781285830414964,1048.990149239062,0.41351878763432104,775.6780264438917,170.1352266727206,86.10482207998064,110385.93662574839,58984.74019590414,0.6399574770537045,272.8947692433019,170.13522667272073,86.10482207998069,55198.17484254175,71597.76336454459,0.198193126897264,18309.863446737232,-2.0553574140424526e-14,0.0,0.0,779.7043571550363,0.0,775.4687460830158,0.0,0.0,272.57088908174967,0.0,16750.354427603954
20000.0,0.1675,0.5060963802622958,5.060963802622958e-10,8.721838584686761,0.00027339423791398776,1559.4088526113635,1.8781900244305743,1048.9901359501246,0.41354024070818485,775.6780206448456,170.13522624534994,86.10482215787833,110385.93634866117,58984.740246419344,0.639997468955344,272.89476175380423,170.13522624534994,86.10482215787835,55198.17494106236,71597.76334697963,0.1982194351005331,18309.86344527683,2.7835133149350337e-14,0.0,0.0,779.704357123767,0.0,775.468729425934,0.0,0.0,272.57086135139,0.0,16750.35441289064
20000.0,0.17250000000000001,0.506096379063784,5.060963790637841e-10,8.721838458740894,0.0002733382965433976,1559.4088526153464,1.8781437468345916,1048.9901411117191,0.413524922284171,775.6780215358878,170.1352265652791,86.10482211588428,110385.9365559659,58984.740219193154,0.6399665226935174,272.89476603181043,170.13522656527942,86.10482211588426,55198.17486667074,71597.7633571884,0.19819983397677146,18309.86344943628,8.064468400509138e-13,0.0,0.0,779.7043571400569,0.0,775.4687380700881,0.0,0.0,272.5708812919809,0.0,16750.354426946174
20000.0,0.1775,0.5060963794105761,5.060963794105761e-10,8.72183856067303,0.0002733591760205904,1559.4088526173216,1.8781621836049467,1048.9901421819395,0.4135311390096326,775.678022184697,170.13522643858786,86.10482211076783,110385.93647409962,58984.74021593316,0.6399788026670993,272.8947664833349,170.13522643858775,86.10482211076777,55198.174896402634,71597.76335838722,0.19820748233438568,18309.86344922619,3.36889223272477e-14,0.0,0.0,779.7043571356301,0.0,775.4687355724737,0.0,0.0,272.57087552840494,0.0,16750.35442286432
20000.0,0.1825,0.5060963800256018,5.060963800256017e-10,8.721838813456248,0.00027337919742409755,1559.4088526144028,1.8781817258748887,1048.9901378493319,0.4135371562151002,775.678021302759,170.13522630067868,86.10482214561003,110385.936385071,58984.74023873507,0.6399925661089556,272.8947631528002,170.13522630067837,86.10482214560987,55198.17492993638,71597.7633506482,0.19821703298684237,18309.86344607439,-8.38808851296324e-14,0.0,0.0,779.7043571290843,0.0,775.4687316449856,0.0,0.0,272.57086523184887,0.0,16750.354414895042
20000.0,0.1875,0.5060963799204214,5.060963799204214e-10,8.72183958657874,0.0002733905290190763,1559.4088526109415,1.8781783810227246,1048.9901361451605,0.4135385018407906,775.6780199084465,170.1352263419038,86.10482214857905,110385.9364133996,58984.74024144988,0.6399888241760074,272.89476332308084,170.1352263419025,86.10482214857838,55198.17492395682,71597.76335271154,0.19821132710001266,18309.863448663687,-6.627336342738647e-14,0.0,0.0,779.7043571244973,0.0,775.4687295697088,0.0,0.0,272.57086729597677,0.0,16750.354420380245
20000.0,0.1925,0.5060963796934632,5.060963796934632e-10,8.721842657483242,0.00027339262485496065,1559.4088526271346,1.8781719523837088,1048.9901419182684,0.41353735708132894,775.6780251298269,170.1352263937327,86.10482213619586,110385.93645317845,58984.74023655931,0.6399872792289857,272.8947657672543,170.13522639372692,86.10482213619295,55198.17493074968,71597.76336384632,0.1982118137684207,18309.863445467538,-9.854586040526462e-15,0.0,0.0,779.7043571320587,0.0,775.4687353705415,0.0,0.0,272.57087052218685,0.0,16750.354416922877
20000.0,0.1975,0.5060963792893152,5.060963792893152e-10,8.721855619934907,0.00027336709181275233,1559.4088526258645,1.8781245423611748,1048.990126900453,0.4135239548383439,775.6780218245258,170.1352267201997,86.10482223265981,110385.93670184632,58984.74031724125,0.6399679939815822,272.8947615055703,170.13522672021554,86.10482223266743,55198.17491320953,71597.76336957648,0.19820806242848835,18309.863448695003,-7.201461800928439e-12,0.0,0.0,779.7043571385339,0.0,775.4687388488062,0.0,0.0,272.57087602096266,0.0,16750.35442225441
20000.0,0.2025,0.5060963790789548,5.060963790789548e-10,8.721901834691803,0.00027342972100154205,1559.4088526559367,1.8780432063320345,1048.9900909571836,0.413515135866179,775.6780239781076,170.135227400092,86.10482254096112,110385.93725027452,58984.74057215101,0.6399527996146994,272.894752422368,170.1352274000862,86.1048225409582,55198.17502047757,71597.76342910883,0.19821451004064441,18309.86345239783,-2.3141943496949532e-14,0.0,0.0,779.7043571379081,0.0,775.468745465477,0.0,0.0,272.5708746256868,0.0,16750.354422480883
20000.0,0.20750000000000002,0.5060963764764077,5.060963764764077e-10,8.722083864292582,0.00027354349828817576,1559.4088527975864,1.8776466858018737,1048.9899657896644,0.41344676821325305,775.6780435914762,170.13523050893002,86.10482367154783,110385.93971195522,58984.741530884356,0.6398462501556762,272.894719794163,170.13523050892837,86.10482367154707,55198.17529720849,71597.7636523594,0.1982221104422981,18309.86345629791,1.7380690734806707e-14,0.0,0.0,779.7043571791115,0.0,775.4687996802228,0.0,0.0,272.5708959254561,0.0,16750.354422448247
20000.0,0.2125,0.5060963648628756,5.060963648628757e-10,8.722780044986099,0.0002739587270722126,1559.408853354541,1.8761267637287207,1048.9895179343514,0.41318012451988095,775.6781300551438,170.1352424340472,86.10482773093413,110385.94914306108,58984.74502316427,0.6394417768999375,272.89461421275905,170.13524243405385,86.10482773093375,55198.17637677346,71597.76457898393,0.19826315745742096,18309.863503734035,-2.3207543358625635e-12,0.0,0.0,779.7043579036132,0.0,775.469020097676,0.0,0.0,272.57099546340453,0.0,16750.354449399867
20000.0,0.2175,0.5060963165987242,5.060963165987243e-10,8.725410180501902,0.0002756376404891904,1559.4088556066247,1.8704257694524238,1048.9879766851852,0.41220106084110714,775.6785500371861,170.13528756806937,86.10484236166462,110385.98482430518,58984.75775591756,0.6379131691209384,272.8942699993952,170.1352875680704,86.10484236166513,55198.180541141825,71597.76826899391,0.19837413619748562,18309.863666729212,-8.1481695648784e-14,0.0,0.0,779.7043580537377,0.0,775.4699365985839,0.0,0.0,272.5714244941924,0.0,16750.35455420084
20000.0,0.2225,0.5060961104224317,5.060961104224318e-10,8.73522159389796,0.0002818871437658031,1559.4088647852411,1.849288433222149,1048.9830136589896,0.4085576987558873,775.6806720007069,170.13545576144767,86.1048924058148,110386.11768314122,58984.802230798356,0.6322626360722852,272.8931790997925,170.13545576151532,86.10489240581455,55198.19631985179,71597.78296887316,0.19883651859390006,18309.8643390744,-1.4377318444766075e-10,0.0,0.0,779.704361119093,0.0,775.4739025167813,0.0,0.0,272.5731934390669,0.0,16750.354987388997
20000.0,0.2275,0.506095238779616,5.06095238779616e-10,8.771602842483148,0.0003064162100088743,1559.40890184623,1.7730868637658763,1048.968720458702,0.39550893040660545,775.6908632910246,170.13606760679687,86.10505376048675,110386.6004865799,58984.95042511108,0.6120147889482837,272.8904092683389,170.13606760679775,86.10505376048665,55198.25561513304,71597.84137510486,0.2006074952399011,18309.86704818549,3.739942305972537e-13,0.0,0.0,779.7043734941853,0.0,775.4906979713918,0.0,0.0,272.5806716215968,0.0,16750.35677464497
20000.0,0.2325,0.506091631485921,5.06091631485921e-10,8.91070405525789,0.0004216117467299786,1559.4090498892726,1.510836697151199,1048.9368179963471,0.35172122353612334,775.739286025622,170.13820353190977,86.10552100354788,110388.28762578023,58985.40625449738,0.5440881019891521,272.88627176481293,170.13820353190974,86.10552100354789,55198.479800349014,71598.07168907838,0.20893613831237973,18309.877896598216,-7.685326983758154e-14,0.0,0.0,779.7044182575403,0.0,775.5612828577749,0.0,0.0,272.61091332960484,0.0,16750.36331925204
20000.0,0.2375,0.5060790751727019,5.06079075172702e-10,9.550944325032503,0.001837881769468924,1559.4096053784951,0.7467738261453268,1048.9192788088226,0.24895469796266814,775.9648389246113,170.14457709666837,86.1066102227324,110393.43295875915,58986.623807440126,0.3863855272479648,272.89804567050896,170.14457709666843,86.10661022273241,55199.471870236855,71598.96504971133,0.3118729659728104,18309.918647799605,9.174299670856032e-14,0.0,0.0,779.7043376324806,0.0,775.8388481613063,0.0,0.0,272.7025040402194,0.0,16750.352140153547
20000.0,0.2425,0.5060624293863036,5.060624293863036e-10,10.34547054581259,0.011446287397128987,1559.408095073655,0.3026805054246373,1049.0414979876198,0.3354175971433566,776.8929043642158,170.15707051614515,86.110100482657,110402.99887176277,58990.46143315533,0.5761710420988291,272.8802429106927,170.15707051614538,86.11010048265709,55205.14329784016,71601.79944825967,1.054871164008718,18309.80022276479,7.556079717931938e-14,0.0,0.0,779.701151268825,0.0,776.7231621201412,0.0,0.0,272.16516063556173,0.42350375782677996,16749.864089559404
20000.0,0.2475,0.5059363492533078,5.059363492533079e-10,10.345470539143951,0.011449468967694545,1559.407254292467,0.3027657138831695,1048.8099892783252,0.3355114991006579,780.8199840392172,170.2047147603813,86.11275201156789,110433.91188057046,59000.2742545741,0.5763326702520112,272.7687205458285,170.20471476038165,86.11275201156802,55220.6008258361,71609.87249058843,1.0551672900430973,18309.707899071316,5.4063481511529675e-14,0.0,0.0,779.7007307951269,0.0,780.6502365823678,0.0,0.0,268.006572510132,4.470560385387685,16749.772589989152
20000.0,0.2525,0.5203830324059198,5.203830324059198e-10,12.531648437618514,0.0019719242552295496,0.0010261294848772442,0.009828903951192007,12928.413999035865,26.952447952594937,13006.442493003022,170.1649033232377,88.55092840040659,110460.7296993069,57610.13876341557,0.00012977025600299745,0.11669577621233261,170.1649033232374,88.55092840040642,55257.75069911176,67668.67180621231,0.20532859207374643,0.10684951538318285,-5.5052433594945645e-09,0.0,0.0,0.0,0.0,12928.408884294347,0.0,64.00801205885679,0.0,0.11662824597299769,0.0
20000.0,0.2575,0.520252970237973,5.20252970237973e-10,12.531680265409566,0.00047644951056789617,0.00024795553295147235,0.009832207814245408,12928.247226880698,26.811879493639502,13010.386079792497,170.21213009214793,88.55336625097227,110491.0873558461,57619.7609826881,0.00012781840696258017,0.027358838656529064,170.21213009214748,88.55336625097216,55272.48318394762,67676.84448504339,0.053560178324448086,0.027864841859786917,6.630401099076252e-08,0.0,0.0,0.0,0.0,12928.242111775735,0.0,68.19500804850385,0.0,0.0272923407506557,0.0
20000.0,0.2625,0.5202224821836456,5.202224821836456e-10,12.53168862704683,0.00012066293578609597,6.266764604072195e-05,0.009833327469487502,12928.208130307981,26.775801437544047,13011.308881701434,170.2283209919997,88.55659968441282,110501.51950586431,57623.74044728114,0.0001273121767425405,0.00641571439211885,170.22832099200127,88.55659968441293,55277.583210670884,67679.61627613602,0.013840779603343893,0.007200284720608572,8.469629988523147e-08,0.0,0.0,0.0,0.0,12928.20301482418,0.0,69.17649273351114,0.0,0.006349483735521641,0.0
20000.0,0.2675,0.5202153338501798,5.202153338501799e-10,12.53169078277128,3.561337138032234e-05,1.8566455734492514e-05,0.009833426582014571,12928.19896471995,26.766574742292573,13011.524845660699,170.23331674374708,88.55798170227176,110504.7422389632,57625.077481192064,0.00012722104031447868,0.0015050626979126506,170.2333167437467,88.55798170227162,55279.16466158562,67680.46675253002,0.0035600085490070945,0.0018519710358312397,8.423226031007862e-08,0.0,0.0,0.0,0.0,12928.193849257295,0.0,69.40661380640675,0.0,0.0014388803619526868,0.0
20000.0,0.2725,0.5202136599341158,5.202136599341158e-10,12.531691393732991,1.552661153623624e-05,8.077155413640718e-06,0.009833695823517759,12928.196816003086,26.764294406876406,13011.575359560067,170.23476886981234,88.55845216180336,110505.67980950324,57625.48572027242,0.00012714408282634023,0.0003500432771061271,170.23476886981223,88.5584521618033,55279.6258624088,67680.71317387403,0.000922712328142177,0.0004800075572891709,1.2762917859458295e-14,0.0,0.0,0.0,0.0,12928.191700380112,0.0,69.46050763066641,0.0,0.0002839011884400702,0.0
20000.0,0.2775,0.5202132653273165,5.202132653273165e-10,12.531691411251696,1.0701271217619069e-05,5.571383184811574e-06,0.009833666704324647,12928.196312282023,26.763599261459213,13011.58719401989,170.23517578041944,88.55859666630165,110505.94248451055,57625.60361385144,0.00015817708199145127,8.228581632768441e-05,170.23517578041947,88.55859666630167,55279.75518535995,67680.7819774765,0.0002511967443641591,0.0001306758786252705,3.676423834272208e-08,0.0,0.0,0.0,0.0,12928.191196669462,0.0,69.4732179553605,0.0,0.0,0.0
20000.0,0.28250000000000003,0.5202131728967214,5.202131728967215e-10,12.531691162742598,9.526077738341641e-06,4.964421224186124e-06,0.009833709122799307,12928.196194166134,26.76349534873585,13011.589947130904,170.23528671611692,88.55863864157428,110506.01404236606,57625.6364807566,5.3554138591487464e-05,2.785956834788316e-05,170.2352867161173,88.55863864157426,55279.790414463656,67680.80069573794,8.128866204634832e-05,4.228743280366015e-05,-8.472128230326805e-08,0.0,0.0,0.0,0.0,12928.191078546075,0.0,69.47614576432699,0.0,0.0,0.0
20000.0,0.2875,0.5202131493237732,5.202131493237732e-10,12.531690970396582,9.286413439520033e-06,4.830915940529689e-06,0.009833606886958939,12928.196166493515,26.76341680910177,13011.590621924921,170.23531667915358,88.55865021579234,110506.03325788237,57625.645359680544,1.9578709871362746e-05,1.018510230906201e-05,170.23531667915353,88.55865021579233,55279.79982349584,67680.80569226839,3.85302049859044e-05,2.004391927980788e-05,1.2060246352915566e-09,0.0,0.0,0.0,0.0,12928.191050921136,0.0,69.47688966171856,0.0,0.0,0.0
20000.0,0.2925,0.5202131454784766,5.202131454784767e-10,12.531690979090124,9.25500501860623e-06,4.814575272148234e-06,0.009833710846221169,12928.196160000849,26.763436513550293,13011.59074915309,170.23532434461524,88.55865354886097,110506.03825015733,57625.64777904296,9.398693071441465e-06,4.889323686081328e-06,170.23532434461532,88.55865354886102,55279.80230797171,67680.80699973559,2.782015393127877e-05,1.4472409784285936e-05,3.064902258521041e-13,0.0,0.0,0.0,0.0,12928.191044379055,0.0,69.4770132830615,0.0,0.0,0.0
20000.0,0.2975,0.5202131453551442,5.202131453551442e-10,12.531691062369143,9.204018391039856e-06,4.788051357109438e-06,0.009833737896210617,12928.196158484085,26.763522341025233,13011.5907976981,170.23532588509946,88.55865432924557,110506.03941540733,57625.648382444466,6.492868059481371e-06,3.377675315598756e-06,170.2353258850994,88.55865432924553,55279.80296807985,67680.80734261096,2.514852646322334e-05,1.3082594052480494e-05,1.3418476579626732e-13,0.0,0.0,0.0,0.0,12928.19104285058,0.0,69.47701872120979,0.0,0.0,0.0
20000.0,0.3025,0.5202131456300337,5.202131456300338e-10,12.531691115182523,9.204305848480994e-06,4.788200898779214e-06,0.009833721993331579,12928.196158125169,26.76354862494871,13011.5908031174,170.23532625841432,88.5586545702448,110506.03970858,57625.64854952685,5.6899045992497585e-06,2.9599631699105136e-06,170.2353262584143,88.55865457024477,55279.80313879415,67680.8074297374,2.448450226194261e-05,1.273715994087084e-05,2.2852135711085975e-14,0.0,0.0,0.0,0.0,12928.191042494134,0.0,69.47701080455694,0.0,0.0,0.0
20000.0,0.3075,0.5202131453538219,5.202131453538219e-10,12.531691057399176,9.207988745996243e-06,4.790116787937299e-06,0.009833740172474743,12928.19615803963,26.763520694306987,13011.590796945236,170.23532654897664,88.55865467437812,110506.03984076445,57625.648604691065,5.47312246714781e-06,2.847190253541632e-06,170.2353265489768,88.55865467437818,55279.80317650467,67680.80745072395,2.4319993249830072e-05,1.2651580183477817e-05,4.4369836834792706e-14,0.0,0.0,0.0,0.0,12928.19104239813,0.0,69.47701926667807,0.0,0.0,0.0
20000.0,0.3125,0.5202131457410191,5.202131457410191e-10,12.53169112517531,9.209412143596674e-06,4.790857261645967e-06,0.009833724549515368,12928.19615802574,26.76355551108863,13011.590803356563,170.2353263867178,88.55865465588357,110506.03980505432,57625.64860548776,5.415610474579438e-06,2.8172717610889817e-06,170.23532638671767,88.55865465588354,55279.80319324815,67680.80745740463,2.427935447648648e-05,1.2630439368774329e-05,4.265781450885259e-14,0.0,0.0,0.0,0.0,12928.191042393191,0.0,69.47700756024234,0.0,0.0,0.0
20000.0,0.3175,0.5202131455654903,5.202131455654903e-10,12.531691091909256,9.193121825225253e-06,4.7823828222671905e-06,0.009833736997325482,12928.196158010069,26.763545836959203,13011.590803630525,170.23532644976902,88.55865465880244,110506.03982654269,57625.64860793515,5.40055914983424e-06,2.809441863147759e-06,170.23532644976905,88.55865465880245,55279.803194326414,67680.80745886752,2.4269341571980513e-05,1.26252305199633e-05,1.500002712429431e-14,0.0,0.0,0.0,0.0,12928.191042371618,0.0,69.47701289374487,0.0,0.0,0.0
20000.0,0.3225,0.5202131453407931,5.202131453407931e-10,12.531691057208967,9.177677262121907e-06,4.769938960278601e-06,0.009833742686768045,12928.196158016051,26.763519035693957,13011.59079649073,170.23532660286205,88.55865470019205,110506.03987221293,57625.6486204572,5.3966629635963315e-06,2.8074149808453475e-06,170.23532660286213,88.55865470019212,55279.80319044214,67680.8074579971,2.426688033483666e-05,1.2623950146594013e-05,-3.397386638253819e-08,0.0,0.0,0.0,0.0,12928.191042371165,0.0,69.47701969089819,0.0,0.0,0.0
20000.0,0.3275,0.5202131431887488,5.202131431887488e-10,12.531690975280428,9.306531593624245e-06,4.841380052504665e-06,0.009833701311737955,12928.196158022422,26.763447605628603,13011.59082434904,170.2353270055595,88.55865454332651,110506.03999099576,57625.64857450948,5.395663183316319e-06,2.8068949041807923e-06,170.2353270055587,88.55865454332624,55279.80317813384,67680.80746284987,2.4266276689033604e-05,1.2623636069890034e-05,-6.911480740043041e-13,0.0,0.0,0.0,0.0,12928.19104240231,0.0,69.47708475121372,0.0,0.0,0.0
20000.0,0.3325,0.5202131454387653,5.202131454387653e-10,12.53169106020297,9.148106197751317e-06,4.776586949605279e-06,0.009833755094215437,12928.196158010822,26.763522701259397,13011.590795438546,170.23532658265756,88.55865470635966,110506.03986679309,57625.64862243218,5.3954086857390025e-06,2.806762432193699e-06,170.2353265826574,88.5586547063598,55279.8031914298,67680.80745796248,2.4266128840623847e-05,1.2623559211803274e-05,-3.4641635789932464e-08,0.0,0.0,0.0,0.0,12928.191042429455,0.0,69.47701666230894,0.0,0.0,0.0
20000.0,0.3375,0.5202131451299208,5.202131451299208e-10,12.531691060608663,9.195532804348483e-06,4.783637041295487e-06,0.009833755716596346,12928.196158020168,26.763523020741896,13011.590804924896,170.23532658118845,88.55865465301925,110506.03986609855,57625.64860673057,5.395344317527066e-06,2.8067290364796007e-06,170.23532658118847,88.55865465301926,55279.80319126951,67680.80745955145,2.4266092726377118e-05,1.2623540417202937e-05,-3.3392092400738143e-15,0.0,0.0,0.0,0.0,12928.19104237132,0.0,69.47702606920016,0.0,0.0,0.0
20000.0,0.3425,0.5202131452258479,5.202131452258479e-10,12.531691057406075,9.20775168320146e-06,4.787665803527179e-06,0.009833743299430422,12928.19615800913,26.763520806779354,13011.59080087516,170.23532659364164,88.55865467582777,110506.03986971918,57625.648613446225,5.3953280558926114e-06,2.806720572628503e-06,170.23532659364176,88.55865467582778,55279.80319095866,67680.80745885841,2.426608391776328e-05,1.2623535837174e-05,-1.4365651194496623e-08,0.0,0.0,0.0,0.0,12928.191042367187,0.0,69.47702317220597,0.0,0.0,0.0
20000.0,0.34750000000000003,0.5202131452268469,5.202131452268469e-10,12.531691059685736,9.216083917733908e-06,4.794326348007559e-06,0.009833725143644348,12928.196158011298,26.763515273689684,13011.590797969426,170.23532662467946,88.55865469214409,110506.03987889581,57625.64861823865,5.395324003463148e-06,2.8067184613921658e-06,170.23532662467946,88.55865469214409,55279.80318996906,67680.80745835611,2.4266081776079233e-05,1.2623534723066047e-05,-5.50955906658464e-09,0.0,0.0,0.0,0.0,12928.191042372813,0.0,69.47702313570319,0.0,0.0,0.0
20000.0,0.35250000000000004,0.5202131450418352,5.202131450418352e-10,12.531691110226577,9.18973743984175e-06,4.780622801444095e-06,0.00983372286137603,12928.196158022978,26.76354512860586,13011.590819087041,170.23532645659108,88.5586545732068,110506.03982967472,57625.64858333346,5.3953228668358305e-06,2.806717890854483e-06,170.2353264565911,88.55865457320681,55279.8031950897,67680.80746202084,2.4266081230090228e-05,1.2623534434545884e-05,5.521993063511898e-09,0.0,0.0,0.0,0.0,12928.191042393091,0.0,69.47702870928977,0.0,0.0,0.0
20000.0,0.3575,0.5202131451845844,5.202131451845844e-10,12.53169108125714,9.219290960379814e-06,4.79599634687099e-06,0.009833718110547802,12928.196158012895,26.763524502785472,13011.590804042975,170.23532657271926,88.55865465791913,110506.03986361867,57625.648608150725,5.395322706252149e-06,2.8067177943052344e-06,170.2353265727191,88.55865465791906,55279.80319152028,67680.80745939916,2.4266081119829517e-05,1.2623534380650774e-05,-4.945144576700675e-14,0.0,0.0,0.0,0.0,12928.191042384236,0.0,69.47702440129841,0.0,0.0,0.0
20000.0,0.3625,0.5202131458179611,5.20213145817961e-10,12.531691114153,9.200779928734389e-06,4.786366670705671e-06,0.009833722339018134,12928.196158013374,26.763548279969704,13011.590797248946,170.23532643913768,88.55865469625122,110506.0398245427,57625.64861947451,5.395322663764001e-06,2.8067177756196126e-06,170.23532643913754,88.55865469625124,55279.80319560988,67680.80745824514,2.4266081070019446e-05,1.2623534370108492e-05,-2.640547112961498e-13,0.0,0.0,0.0,0.0,12928.191042379454,0.0,69.47700524824498,0.0,0.0,0.0
20000.0,0.3675,0.5202131443773742,5.202131443773743e-10,12.531691022061622,9.210740930001328e-06,4.79154850124137e-06,0.009833696459551535,12928.196158020273,26.763477030488698,13011.590803740772,170.23532684016405,88.55865465963174,110506.03994230392,57625.64860867258,5.39532262446637e-06,2.8067177474040375e-06,170.23532684016405,88.55865465963176,55279.80318332163,67680.80745936421,2.4266081119726653e-05,1.2623534361009432e-05,3.062976275116537e-15,0.0,0.0,0.0,0.0,12928.191042401711,0.0,69.47704879829948,0.0,0.0,0.0
20000.0,0.3725,0.5202131437027979,5.202131437027979e-10,12.531690976118146,9.210529497994172e-06,4.791438505318901e-06,0.009833686254133016,12928.1961580143,26.763441108586974,13011.590805440474,170.23532704255564,88.55865465008179,110506.04000178831,57625.64860588781,5.39532263770452e-06,2.8067177506511405e-06,170.23532704255567,88.55865465008179,55279.80317709212,67680.80745963258,2.426608114677115e-05,1.2623534358709017e-05,4.5595321010788897e-14,0.0,0.0,0.0,0.0,12928.191042401872,0.0,69.47706920272486,0.0,0.0,0.0
20000.0,0.3775,0.5202131452271259,5.202131452271259e-10,12.531691057057023,9.195422244208613e-06,4.78357952735124e-06,0.009833742581889958,12928.196158017312,26.76351809930255,13011.590799426043,170.2353266087175,88.55865468388798,110506.03987426168,57625.64861584013,5.395322513399421e-06,2.806717694210235e-06,170.23532660871746,88.55865468388794,55279.803190501014,67680.80745862631,2.426608108449338e-05,1.262353436330077e-05,5.848425542975837e-14,0.0,0.0,0.0,0.0,12928.19104237896,0.0,69.47702312039749,0.0,0.0,0.0
20000.0,0.3825,0.5202131456542699,5.202131456542699e-10,12.531691125920045,9.25040254299752e-06,4.812181005460998e-06,0.009833724724149338,12928.196158009448,26.763556132809796,13011.590806304084,170.2353263946836,88.55865464525972,110506.03981132689,57625.64860445053,5.39532277060518e-06,2.8067178303166318e-06,170.2353263946837,88.55865464525981,55279.80319702743,67680.80745981657,2.4266081053878572e-05,1.2623534357739654e-05,-7.075325495543686e-14,0.0,0.0,0.0,0.0,12928.191042376951,0.0,69.47701020237496,0.0,0.0,0.0
20000.0,0.3875,0.5202131435015681,5.202131435015681e-10,12.531690965511942,9.165677370523514e-06,4.768105837241223e-06,0.009833703417005596,12928.196158016992,26.763430179769017,13011.590805837004,170.23532710420295,88.55865464789511,110506.04001993132,57625.64860527479,5.395322558974221e-06,2.8067177086089045e-06,170.23532710420292,88.55865464789508,55279.80317523425,67680.80745971552,2.4266081154991064e-05,1.262353435810206e-05,-8.304999982696207e-15,0.0,0.0,0.0,0.0,12928.191042395438,0.0,69.47707529671774,0.0,0.0,0.0
20000.0,0.3925,0.5202131449564897,5.202131449564897e-10,12.531691057369475,9.225014063552752e-06,4.801175517082371e-06,0.009833728757273974,12928.196158014607,26.763513269819942,13011.590805096914,170.2353266358778,88.55865465194529,110506.03988214726,57625.648606399714,5.39532262932514e-06,2.8067177446319913e-06,170.2353266358778,88.55865465194529,55279.80318959642,67680.8074595852,2.4266081088227832e-05,1.26235343586762e-05,-7.740753227853395e-09,0.0,0.0,0.0,0.0,12928.19104237321,0.0,69.47703131303422,0.0,0.0,0.0
20000.0,0.3975,0.5202131455345367,5.202131455345367e-10,12.531691063643025,9.184904796092064e-06,4.778108215410304e-06,0.00983372694758488,12928.196158013128,26.763516650301273,13011.590789382788,170.23532661709865,88.55865474058012,110506.03987674601,57625.64863249299,5.395322625394561e-06,2.8067177541301585e-06,170.23532661709868,88.55865474058015,55279.80319019288,67680.80745687839,2.426608108554949e-05,1.2623534371309823e-05,6.058412644690197e-14,0.0,0.0,0.0,0.0,12928.191042380182,0.0,69.4770138204646,0.0,0.0,0.0
20000.0,0.4025,0.5202131449665972,5.202131449665973e-10,12.531691125433694,9.218252456233307e-06,4.795456101353188e-06,0.009833724619849568,12928.196158020002,26.763555741392224,13011.590826881555,170.23532639675074,88.55865452926888,110506.03981200262,57625.64857038761,5.3953226056652965e-06,2.8067177408025194e-06,170.23532639675074,88.55865452926888,55279.80319692837,67680.80746335507,2.4266081054139774e-05,1.2623534341188413e-05,-1.071746346048388e-14,0.0,0.0,0.0,0.0,12928.191042387261,0.0,69.4770309916068,0.0,0.0,0.0
20000.0,0.40750000000000003,0.5202131441236599,5.202131441236599e-10,12.531690971135319,9.209412114975386e-06,4.790857231861869e-06,0.009833715856287211,12928.196158015691,26.763450333562588,13011.590797521321,170.2353269905468,88.5586546946717,110506.03998644548,57625.648618983454,5.395322626404938e-06,2.8067177470436356e-06,170.23532699054678,88.5586546946717,55279.80317874079,67680.80745828644,2.4266081138781957e-05,1.2623534364765606e-05,-6.112906192392506e-16,0.0,0.0,0.0,0.0,12928.191042387774,0.0,69.47705648822387,0.0,0.0,0.0
20000.0,0.41250000000000003,0.5202131435609615,5.202131435609615e-10,12.531690960881281,9.204031745156492e-06,4.78805828758274e-06,0.009833668579398448,12928.196158018354,26.763427727467036,13011.590802763914,170.23532711790736,88.55865466513518,110506.04002395505,57625.64861029971,5.3953226277836874e-06,2.8067177447249397e-06,170.2353271179074,88.5586546651352,55279.80317479573,67680.8074591899,2.4266081156936468e-05,1.2623534360555332e-05,5.423259205246454e-14,0.0,0.0,0.0,0.0,12928.19104241383,0.0,69.47707347963961,0.0,0.0,0.0
20000.0,0.4175,0.5202131458075944,5.202131458075944e-10,12.5316911227207,9.175965417093995e-06,4.791080122273355e-06,0.009833724066097296,12928.19615801417,26.76355393209613,13011.590800493423,170.23532640730912,88.55865467792887,110506.03981507673,57625.64861406401,5.39532266962035e-06,2.8067177621064047e-06,170.23532640730895,88.55865467792889,55279.80319654562,67680.80745878437,2.42660810556447e-05,1.2623534362378998e-05,-2.2595130043825005e-08,0.0,0.0,0.0,0.0,12928.191042379405,0.0,69.47700556187118,0.0,0.0,0.0
20000.0,0.4225,0.5202131454824643,5.202131454824643e-10,12.53169111973749,9.160836516731085e-06,4.747962293474217e-06,0.009833723432049508,12928.196158010287,26.76355180393662,13011.59080926208,170.23532641896222,88.5586546286424,110506.03981847102,57625.6485995865,5.3953226813929185e-06,2.806717776513324e-06,170.23532641896222,88.5586546286424,55279.80319611368,67680.80746025227,2.426608105730579e-05,1.2623534355353488e-05,-5.122591019952475e-09,0.0,0.0,0.0,0.0,12928.191042371576,0.0,69.47701540516196,0.0,0.0,0.0
20000.0,0.4275,0.5202131434968342,5.202131434968342e-10,12.531690926782298,9.370868134435402e-06,4.8748487695089555e-06,0.009833674287998476,12928.196158015078,26.763402214006334,13011.590791429546,170.23532726148005,88.55865472890686,110506.04006624772,57625.64862909472,5.395322479929338e-06,2.806717667463177e-06,170.23532726147985,88.55865472890677,55279.80317067547,67680.80745738087,2.4266081177401943e-05,1.2623534369645624e-05,-2.881763817471974e-14,0.0,0.0,0.0,0.0,12928.191042409144,0.0,69.47707542459646,0.0,0.0,0.0
20000.0,0.4325,0.5202131450229102,5.202131450229101e-10,12.531691115786577,9.157877569899918e-06,4.764048292372402e-06,0.009833722647994224,12928.196158021952,26.76354926379951,13011.590821809827,170.2353264332472,88.55865455784127,110506.03982267997,57625.64857875011,5.395322663613164e-06,2.8067177712515886e-06,170.23532643324722,88.55865455784132,55279.80319569773,67680.80746242731,2.426608105934204e-05,1.262353434526119e-05,-8.266804911962653e-14,0.0,0.0,0.0,0.0,12928.191042389282,0.0,69.47702928598623,0.0,0.0,0.0
20000.0,0.4375,0.5202131431416304,5.202131431416303e-10,12.531690907998588,9.175215411945149e-06,4.773067648449516e-06,0.009833703792442122,12928.196158009001,26.76340785614575,13011.590805102753,170.23532723000747,88.55865465206617,110506.04005683083,57625.648606490664,5.395322653542291e-06,2.806717755862477e-06,170.2353272300075,88.55865465206615,55279.80317137774,67680.80745957827,2.4266081172915687e-05,1.262353435869241e-05,-1.9959948035275137e-14,0.0,0.0,0.0,0.0,12928.191042386943,0.0,69.47708619361902,0.0,0.0,0.0
20000.0,0.4425,0.5202131459217187,5.202131459217187e-10,12.531691118215148,9.21225055704318e-06,4.792333843298538e-06,0.009833723169157017,12928.19615801862,26.763550981115156,13011.590795539933,170.23532642358344,88.55865470582302,110506.03981990702,57625.64862226794,5.395322595492774e-06,2.8067177406638288e-06,170.23532642358347,88.55865470582302,55279.80319610957,67680.80745794624,2.426608105796452e-05,1.2623534366355151e-05,6.936505074540024e-14,0.0,0.0,0.0,0.0,12928.19104238647,0.0,69.47700210194202,0.0,0.0,0.0
20000.0,0.4475,0.5202131435057858,5.202131435057859e-10,12.53169095750267,9.208981870942537e-06,4.79063340757081e-06,0.009833690691691013,12928.196158010718,26.763424483873827,13011.590802744317,170.23532713619463,88.55865466525562,110506.04002937594,57625.64861039214,5.395322671811987e-06,2.806717767331349e-06,170.23532713619426,88.55865466525545,55279.80317429779,67680.80745921288,2.42660811595432e-05,1.2623534360572491e-05,4.323496632052883e-14,0.0,0.0,0.0,0.0,12928.19104239653,0.0,69.47707516792278,0.0,0.0,0.0
20000.0,0.4525,0.520213144846585,5.20213144846585e-10,12.531691041892547,9.20808848934575e-06,4.790168671068193e-06,0.009833742058210446,12928.196158022536,26.763506671871504,13011.590804982632,170.23532667334888,88.55865465272855,110506.03989362923,57625.648606866154,5.3953226034141235e-06,2.806717738983925e-06,170.23532667334783,88.55865465272802,55279.803188696154,67680.80745969215,2.4266081093567165e-05,1.2623534358786834e-05,-3.400094749755252e-14,0.0,0.0,0.0,0.0,12928.191042380686,0.0,69.47703462908645,0.0,0.0,0.0
20000.0,0.4575,0.5202131440750717,5.202131440750716e-10,12.531690967199339,9.207350627122919e-06,4.789784818337196e-06,0.009833711389410109,12928.196158007246,26.763442923740357,13011.59079513644,170.23532703192973,88.55865470792821,110506.03999754952,57625.64862234162,5.3953226265588016e-06,2.806717746861528e-06,170.23532703193254,88.55865470792966,55279.80317687811,67680.80745756747,2.4266081144680833e-05,1.2623534366655233e-05,4.808596450030183e-14,0.0,0.0,0.0,0.0,12928.191042381726,0.0,69.47705796468092,0.0,0.0,0.0
20000.0,0.4625,0.5202131431548648,5.202131431548647e-10,12.531690984284673,9.204919017736754e-06,4.788519854702828e-06,0.009833658390055514,12928.196158018101,26.76344055880812,13011.590821711194,170.2353270458003,88.55865455849214,110506.0400032262,57625.648579185756,5.395322631306225e-06,2.8067177443663872e-06,170.2353270457992,88.55865455849157,55279.803177210386,67680.80746257509,2.4266081146658e-05,1.2623534345353964e-05,8.379699353345277e-15,0.0,0.0,0.0,0.0,12928.191042419832,0.0,69.47708575656027,0.0,0.0,0.0
20000.0,0.4675,0.520213144015676,5.20213144015676e-10,12.531690970930605,9.19471465530932e-06,4.783211419165473e-06,0.009833679426040144,12928.196158015815,26.76343536437486,13011.590792996169,170.23532707494084,88.55865472019191,110506.04001141434,57625.64862652605,5.395322639834919e-06,2.80671775344748e-06,170.23532707494067,88.5586547201918,55279.80317615276,67680.80745751921,2.426608115081182e-05,1.262353436840335e-05,-3.182848463324062e-14,0.0,0.0,0.0,0.0,12928.191042406319,0.0,69.47705973381183,0.0,0.0,0.0
20000.0,0.47250000000000003,0.520213145282785,5.20213145282785e-10,12.531691124187073,9.117319702944659e-06,4.7605883682551415e-06,0.009833724339163153,12928.196158022894,26.763554802081668,13011.59081679938,170.23532640252324,88.55865458609823,110506.03981350841,57625.64858706233,5.395322744253329e-06,2.8067177647599218e-06,170.2353264025234,88.55865458609824,55279.803196473506,67680.80746156159,2.426608105496253e-05,1.2623534349289057e-05,1.4143601008055932e-07,0.0,0.0,0.0,0.0,12928.191042368942,0.0,69.47702144801013,0.0,0.0,0.0
20000.0,0.47750000000000004,0.520213145805378,5.20213145805378e-10,12.531691081794074,9.372304035029657e-06,4.8755957655072145e-06,0.009833750769907123,12928.196158012974,26.76353988010259,13011.590793289952,170.23532648586655,88.55865471841824,110506.0398382033,57625.64862600418,5.3953223795083915e-06,2.8067176276782174e-06,170.23532648586655,88.55865471841818,55279.80319450666,67680.80745769173,2.426608106684262e-05,1.2623534368150524e-05,-9.158230349849664e-14,0.0,0.0,0.0,0.0,12928.191042364226,0.0,69.47700564586805,0.0,0.0,0.0
20000.0,0.4825,0.5202131448749882,5.202131448749881e-10,12.531691056682558,9.123182756121535e-06,4.745999592831245e-06,0.009833742012039393,12928.196158012342,26.763518558590025,13011.590810317291,170.23532660642218,88.55865462274768,110506.03987331412,57625.64859789421,5.395322886459792e-06,2.8067178863812474e-06,170.2353266064225,88.55865462274754,55279.80319039927,67680.8074604722,2.426608108402715e-05,1.262353435451323e-05,4.179769897346897e-13,0.0,0.0,0.0,0.0,12928.191042373379,0.0,69.47703377810632,0.0,0.0,0.0
20000.0,0.4875,0.5202131442913467,5.202131442913468e-10,12.531691013278074,9.204017717831973e-06,4.7880509971066355e-06,0.009833740860258395,12928.196158015002,26.763468563264286,13011.590801939128,170.23532688775006,88.5586546697417,110506.03995615695,57625.64861164212,5.395322557189066e-06,2.8067177119413523e-06,170.23532688775018,88.55865466974176,55279.80318186143,67680.80745902681,2.426608112412884e-05,1.2623534361211959e-05,-3.866657492260609e-14,0.0,0.0,0.0,0.0,12928.191042373737,0.0,69.47705143171754,0.0,0.0,0.0
20000.0,0.4925,0.5202131451766483,5.202131451766483e-10,12.531691056308949,9.207076476092167e-06,4.789642211509839e-06,0.00983374740612537,12928.196158009421,26.763521056986022,13011.590802493622,170.23532659218895,88.55865466669651,110506.03986932008,57625.64861076825,5.3953225995253054e-06,2.8067177387417094e-06,170.23532659218884,88.55865466669647,55279.80319092988,67680.80745911543,2.426608108199828e-05,1.2623534360777892e-05,5.809846482127385e-14,0.0,0.0,0.0,0.0,12928.191042364148,0.0,69.47702466379587,0.0,0.0,0.0
20000.0,0.4975,0.5202131454139015,5.202131454139016e-10,12.531691100626412,9.207756198401562e-06,4.789995814174825e-06,0.009833700136129712,12928.1961580208,26.763538439117315,13011.59080436439,170.23532649420727,88.55865465611404,110506.03984067743,57625.64860764928,5.395322607909616e-06,2.8067177443833956e-06,170.23532649420721,88.55865465611407,55279.803193959255,67680.80745947847,2.4266081068031548e-05,1.2623534359269416e-05,1.6396665930806011e-13,0.0,0.0,0.0,0.0,12928.1910423948,0.0,69.4770174531086,0.0,0.0,0.0
30000.0,0.0025,0.506096380029972,5.06096380029972e-10,8.721838947216936,0.0002733837099584247,1559.4088526147912,1.878176996811611,1048.9901357843123,0.4135367625797934,775.6780207146433,170.13522633142438,86.10482216191386,110385.9364022999,58984.74024793923,0.6399884092348176,272.8947617662548,170.1352263314361,86.10482216191978,55198.17492182446,71597.76334686793,0.1982126964491747,18309.863443439717,6.736616777424494e-14,0.0,0.0,779.7043571281523,0.0,775.4687312560951,0.0,0.0,272.57086594908077,0.0,16750.354414453792
30000.0,0.0075,0.5060963792373065,5.060963792373065e-10,8.721840142529777,0.00027335480214993205,1559.4088526150122,1.8781645877739452,1048.9901466185024,0.4135298223076244,775.6780224933085,170.1352264101337,86.10482206688802,110385.93645867259,58984.740189039854,0.6399826227604979,272.8947706616067,170.1352264101391,86.10482206689086,55198.174901830775,71597.7633677945,0.19821426641864587,18309.86345593433,6.588636357942029e-13,0.0,0.0,779.7043571355244,0.0,775.468736547574,0.0,0.0,272.57087777346027,0.0,16750.35442614179
30000.0,0.0125,0.50609637989262,5.060963798926201e-10,8.721839777320028,0.00027338413209768245,1559.4088526209184,1.878175172276176,1048.990138928477,0.4135364177681024,775.6780229981297,170.13522633736204,86.10482214155049,110385.93640941051,58984.740236384816,0.6399879399234871,272.89476313841027,170.1352263373329,86.10482214153573,55198.17492087173,71597.76335114759,0.19821280023181448,18309.8634435483,-7.569021235905969e-14,0.0,0.0,779.704357131093,0.0,775.4687337141413,0.0,0.0,272.5708675588401,0.0,16750.35441450529
30000.0,0.0175,0.50609637950408,5.0609637950408e-10,8.721835028711057,0.00027336265318023747,1559.4088526117828,1.878169354533494,1048.9901402160892,0.41353046916014274,775.6780211823732,170.13522646812507,86.10482214158202,110385.93646415496,58984.74023247392,0.6399823162635936,272.8947633127249,170.13522646797716,86.10482214158644,55198.17486733057,71597.76335082232,0.19822016369842382,18309.863445594667,-5.16434455159657e-10,0.0,0.0,779.7043570728875,0.0,775.4687349216889,0.0,0.0,272.57087057431175,0.0,16750.354426196034
30000.0,0.0225,0.5060963798323851,5.060963798323851e-10,8.72183985949728,0.0002733591491685961,1559.408852615499,1.8781675158401177,1048.99013609617,0.41353049533933467,775.6780210904404,170.13522638105144,86.10482215341952,110385.93643147397,58984.74024532099,0.6399866656726245,272.89476226642023,170.1352263810519,86.10482215342076,55198.17490150372,71597.76334764123,0.19822001798814667,18309.863445867686,5.553235839905272e-11,0.0,0.0,779.7043581628477,0.0,775.4687335621893,0.0,0.0,272.57086855406084,0.0,16750.35441165272
30000.0,0.0275,0.5060963794141856,5.060963794141857e-10,8.7218388554479,0.00027336693023036267,1559.4088526202097,1.87817398040048,1048.9901487357865,0.4135328219948984,775.6780236456901,170.1352263348294,86.1048220588676,110385.93641098886,58984.74018250513,0.6399892074621458,272.89477172601903,170.13522633479383,86.10482205886757,55198.174909144676,71597.76337045632,0.19822040448048828,18309.863453868053,-5.83329958336693e-11,0.0,0.0,779.7043571196979,0.0,775.4687361851614,0.0,0.0,272.5708755049776,0.0,16750.354421806645
30000.0,0.0325,0.5060963801484197,5.060963801484198e-10,8.721838627600368,0.00027337294989127677,1559.4088526165858,1.8781814694226724,1048.9901366594918,0.4135355908081994,775.678021808024,170.13522628903797,86.10482216061438,110385.93637725522,58984.74024834792,0.6399936468155087,272.8947613420719,170.1352262890383,86.10482216061452,55198.174931787384,71597.76334595823,0.19822053748785246,18309.863443228645,2.029484905530112e-14,0.0,0.0,779.704357131737,0.0,775.4687329424587,0.0,0.0,272.5708628741006,0.0,16750.354410269745
30000.0,0.037500000000000006,0.506096379922475,5.060963799224751e-10,8.721838556545354,0.00027335368724697097,1559.4088526094438,1.8781736003354372,1048.9901370257305,0.41353063475081747,775.678019732273,170.13522632529572,86.10482214052313,110385.93640060248,58984.74023522519,0.6399906656310653,272.8947637497574,170.13522632529597,86.10482214052327,55198.17492450425,71597.7633516779,0.19822285639768428,18309.863448816814,-1.6244803051236048e-13,0.0,0.0,779.704357133051,0.0,775.4687333750315,0.0,0.0,272.57086679069647,0.0,16750.35441468152
30000.0,0.042499999999999996,0.5060963797898907,5.060963797898908e-10,8.721838557608125,0.0002733788032939586,1559.4088526228772,1.8781825141238742,1048.9901447450193,0.413537358581697,775.6780241980342,170.13522629517465,86.10482210272171,110385.93638075578,58984.740210569274,0.639992805832727,272.8947669954063,170.13522629517405,86.10482210272141,55198.174929424764,71597.76335941794,0.1982169298081523,18309.86344725832,3.830055911925589e-14,0.0,0.0,779.7043571404936,0.0,775.4687344380468,0.0,0.0,272.57086893540577,0.0,16750.354416113438
30000.0,0.0475,0.506096380087755,5.060963800877551e-10,8.721838557095007,0.0002733813062384324,1559.4088526127746,1.8781832746325777,1048.9901367341422,0.41353787755137184,775.6780207185885,170.13522629179718,86.10482215168958,110385.9363788609,58984.74024247641,0.6399930779652637,272.8947624620018,170.13522629179698,86.10482215168958,55198.174930539506,71597.76334862481,0.19821671796243592,18309.86344590034,1.019573542565247e-13,0.0,0.0,779.7043571277471,0.0,775.4687306957495,0.0,0.0,272.5708642819686,0.0,16750.354414879817
30000.0,0.052500000000000005,0.5060963799425383,5.060963799425384e-10,8.721838553402186,0.0002733788917640987,1559.4088526121038,1.8781822250674738,1048.9901388758994,0.4135372147024672,775.6780205479937,170.1352262966948,86.1048221294618,110385.93638217692,58984.74022809981,0.6399926914714312,272.89476477437347,170.1352262966944,86.1048221294616,55198.17492968022,71597.76335428444,0.19821703580641664,18309.863449090848,-4.8408243218880616e-14,0.0,0.0,779.7043571289732,0.0,775.4687308566661,0.0,0.0,272.5708667939429,0.0,16750.354417910752
30000.0,0.057499999999999996,0.506096379900407,5.060963799004071e-10,8.721838549210577,0.0002733898064736134,1559.4088526169885,1.8781805366417021,1048.9901396114683,0.4135388862472119,775.6780222650419,170.1352263246568,86.10482213644524,110385.93640033358,58984.740232640004,0.6399893331447665,272.8947637940013,170.1352263246542,86.10482213644391,55198.17492220727,71597.7633520461,0.19821114784787425,18309.863445664818,-5.3222903174367676e-15,0.0,0.0,779.7043571276857,0.0,775.4687317317512,0.0,0.0,272.57086750932274,0.0,16750.354417465325
30000.0,0.0625,0.5060963797516627,5.060963797516626e-10,8.721838558434317,0.00027339009928874534,1559.4088526199146,1.8781809807375323,1048.9901431883352,0.4135389027153726,775.6780231506694,170.1352263207419,86.10482210915728,110385.93639827742,58984.74021520259,0.6399897506155521,272.8947664899956,170.13522632073574,86.10482210915421,55198.17492419403,71597.76335904606,0.19821172596545963,18309.8634480111,1.931280165147731e-14,0.0,0.0,779.704357131196,0.0,775.4687326053242,0.0,0.0,272.5708699924431,0.0,16750.354419517218
30000.0,0.0675,0.5060963800099789,5.06096380009979e-10,8.721838585287252,0.000273390134522317,1559.4088526089004,1.8781809153873512,1048.9901357297877,0.41353888771079805,775.6780199503949,170.13522632128354,86.10482215338008,110385.93639931726,58984.740244202745,0.639989751729451,272.8947622477703,170.13522632127592,86.1048221533762,55198.174925211344,71597.76334960616,0.19821177031272447,18309.863447102045,-3.3095225949824667e-14,0.0,0.0,779.704357123594,0.0,775.4687294163308,0.0,0.0,272.570865751178,0.0,16750.35441859439
30000.0,0.07250000000000001,0.506096379344112,5.060963793441121e-10,8.721839563443917,0.00027335646591299817,1559.408852627706,1.8781658430939059,1048.9901482893433,0.4135304059999466,775.6780248754073,170.1352263924237,86.10482207609644,110385.9364384422,58984.74019054782,0.6399832670498398,272.89476993646446,170.13522639245747,86.10482207611352,55198.17489763083,71597.76336105938,0.19821396529195826,18309.863448965014,-2.2201994644849627e-13,0.0,0.0,779.7043571414721,0.0,775.4687386341935,0.0,0.0,272.57087672217074,0.0,16750.35441930966
30000.0,0.0775,0.5060963799684812,5.060963799684813e-10,8.721838844263491,0.0002733900053427889,1559.4088526108476,1.8781798886378842,1048.9901363501046,0.4135387732944871,775.678020611566,170.13522632726963,86.1048221493494,110385.93640321326,58984.74024157384,0.6399891716176093,272.8947623677097,170.13522632726156,86.10482214934535,55198.1749242758,71597.76335055579,0.19821118987600556,18309.863446951265,-3.227114198568347e-14,0.0,0.0,779.7043571175822,0.0,775.4687301374023,0.0,0.0,272.5708661786261,0.0,16750.354418748073
30000.0,0.0825,0.5060963799020748,5.060963799020748e-10,8.721838970276776,0.00027338995899678126,1559.4088526129221,1.8781794759989272,1048.9901377135043,0.413538720193009,775.6780216671309,170.13522632937165,86.10482213911517,110385.93640392703,58984.740234621204,0.6399889513029082,272.89476275344146,170.13522632936616,86.10482213911239,55198.174923301194,71597.76335224153,0.19821098022050926,18309.863447396983,-1.3283152108520175e-13,0.0,0.0,779.7043571256114,0.0,775.4687312178897,0.0,0.0,272.5708666620077,0.0,16750.35441928388
30000.0,0.0875,0.5060963794489071,5.060963794489071e-10,8.721838074637011,0.00027335431279845425,1559.408852624664,1.8781680833143917,1048.990147564308,0.4135306815488798,775.678022822495,170.13522639729854,86.10482209639297,110385.9364480605,58984.74020701059,0.6399829286892522,272.89477009518293,170.1352263972965,86.10482209639176,55198.17490288036,71597.76336098803,0.19821300512994527,18309.863447020525,3.214937815123057e-13,0.0,0.0,779.7043571471221,0.0,775.4687364318314,0.0,0.0,272.570877036678,0.0,16750.354417862734
30000.0,0.0925,0.5060963795618278,5.060963795618279e-10,8.721838959264305,0.00027336028849369107,1559.4088526110047,1.8781610100180157,1048.9901370730454,0.41353106842232557,775.6780210393036,170.1352264434425,86.10482213895801,110385.93647708643,58984.74023412667,0.6399781863861471,272.89476276603034,170.13522644344178,86.10482213895764,55198.17489599316,71597.76335167693,0.19820696178546646,18309.86344831512,-2.1707115216131822e-14,0.0,0.0,779.7043571321897,0.0,775.4687344627388,0.0,0.0,272.5708721229023,0.0,16750.354422225202
30000.0,0.0975,0.5060963799988089,5.060963799988088e-10,8.721838957046263,0.00027339025229102556,1559.4088526102173,1.8781799232629428,1048.9901360119518,0.41353874504853466,775.6780206722802,170.1352263233579,86.10482215252947,110385.93639916922,58984.740242893415,0.6399893566548963,272.89476203801803,170.1352263233577,86.1048221525294,55198.17492278847,71597.76334853769,0.19821153245014209,18309.86344619031,3.6533299845464076e-14,0.0,0.0,779.7043571242161,0.0,775.4687302104204,0.0,0.0,272.5708657413771,0.0,16750.35441780339
30000.0,0.10250000000000001,0.5060963799690159,5.060963799690159e-10,8.721838883034804,0.00027339025135087624,1559.4088526208714,1.8781801535819265,1048.9901385275311,0.4135387743939695,775.6780233028726,170.13522632164288,86.1048221465927,110385.93639806281,58984.74023906809,0.6399894672788511,272.894761877303,170.135226321643,86.10482214659275,55198.17492283791,71597.76334877034,0.19821162519864716,18309.863443548227,1.595006448445981e-14,0.0,0.0,779.704357129524,0.0,775.4687328261742,0.0,0.0,272.57086552469474,0.0,16750.35441510266
30000.0,0.1075,0.5060963793598814,5.060963793598815e-10,8.721838897341216,0.00027335765685981817,1559.4088526118242,1.8781700151783418,1048.9901462687567,0.41353137082019154,775.6780200876879,170.13522637418146,86.10482206954701,110385.9364323738,58984.74018914299,0.6399862062228976,272.89477256790434,170.13522637418072,86.10482206954671,55198.174913577204,71597.76337055693,0.19821619099717527,18309.86345658956,-1.5077665512013053e-13,0.0,0.0,779.7043571333537,0.0,775.468733358237,0.0,0.0,272.57087786610026,0.0,16750.35442582622
30000.0,0.1125,0.5060963797206255,5.060963797206256e-10,8.721839032389031,0.0002733603054143433,1559.4088526165906,1.8781608088246438,1048.9901351140898,0.41353103951569475,775.6780227024333,170.13522644319949,86.10482216585208,110385.93647679772,58984.7402515143,0.6399781041283082,272.8947591893774,170.13522644319966,86.10482216585216,55198.17489574402,71597.76334402504,0.1982069062122591,18309.863442914535,5.372094761002397e-15,0.0,0.0,779.7043571349473,0.0,775.4687361404464,0.0,0.0,272.5708685877792,0.0,16750.354416848688
30000.0,0.1175,0.5060963794158336,5.060963794158336e-10,8.72183811178004,0.00027335462613433986,1559.4088526213843,1.8781674612248003,1048.9901472142037,0.4135306811207485,775.6780221544991,170.13522640129796,86.10482209279003,110385.93645035147,58984.740204509064,0.6399823921169352,272.89477045967686,170.13522640129796,86.10482209279004,55198.174901147686,71597.76336170912,0.19821236565769582,18309.863448463137,-4.192895908924469e-14,0.0,0.0,779.7043571388207,0.0,775.4687357740136,0.0,0.0,272.5708776881378,0.0,16750.3544196232
30000.0,0.1225,0.5060963799119473,5.060963799119474e-10,8.721839053575225,0.00027339037514914757,1559.4088526137316,1.8781798095382247,1048.9901377918811,0.4135387108787052,775.6780217543501,170.13522632411716,86.10482213813555,110385.93639984255,58984.74023365339,0.6399893939736189,272.89476279510336,170.13522632411775,86.10482213813577,55198.174922907856,71597.76335158455,0.19821166998975842,18309.863447383366,-3.62021428916999e-15,0.0,0.0,779.7043571258731,0.0,775.4687313098269,0.0,0.0,272.57086647962984,0.0,16750.35441892316
30000.0,0.1275,0.5060963795173598,5.060963795173598e-10,8.721839019043742,0.0002733603136710522,1559.408852616767,1.8781608615695804,1048.9901396130424,0.4135310455333952,775.6780224077742,170.1352264456711,86.1048221325203,110385.93647904898,58984.74023022339,0.6399781338603585,272.8947639745586,170.13522644567144,86.10482213252048,55198.17489474776,71597.76335281137,0.1982069377732421,18309.863446484753,1.5492200573458617e-14,0.0,0.0,779.7043571350529,0.0,775.4687358428127,0.0,0.0,272.57087335804175,0.0,16750.354420400578
30000.0,0.1325,0.5060963797058138,5.060963797058139e-10,8.72183641626691,0.0002733575517384471,1559.408852615782,1.8781727184756387,1048.9901400317406,0.4135317005626394,775.6780214354532,170.13522635850214,86.10482212046819,110385.93643600603,58984.74022412173,0.6399875721918176,272.89476569006774,170.1352263585032,86.10482212047017,55198.17491782654,71597.76335614838,0.19822192663404148,18309.8634499606,3.2366871943794426e-11,0.0,0.0,779.704356699084,0.0,775.4687367142668,0.0,0.0,272.5708672694411,0.0,16750.354420107462
30000.0,0.1375,0.5060963800822608,5.060963800822608e-10,8.721836167523668,0.00027338302905405786,1559.4088526164264,1.8781897346857568,1048.9901414387477,0.41353973776683517,775.6780225159483,170.1352262531118,86.10482213117629,110385.93634387272,58984.74022414713,0.6399947658949608,272.89476389556745,170.13522625310193,86.10482213117129,55198.17493872455,71597.76335304769,0.19821574254360372,18309.86344353655,1.5225492557346186e-14,0.0,0.0,779.7043571291507,0.0,775.4687315516502,0.0,0.0,272.5708648612767,0.0,16750.354413007044
30000.0,0.14250000000000002,0.5060963792086697,5.060963792086698e-10,8.721840213853891,0.000273357690369846,1559.408852612476,1.8781487169105033,1048.9901386911938,0.41352907655490717,775.6780208493235,170.13522654507585,86.1048221303096,110385.9365469778,58984.740230520794,0.6399684731151611,272.8947648720153,170.13522654507946,86.10482213031149,55198.17487029575,71597.76335382681,0.19819804741415686,18309.86344936164,-1.21462051612979e-13,0.0,0.0,779.7043571335475,0.0,775.4687352809992,0.0,0.0,272.5708791449631,0.0,16750.354427780705
30000.0,0.1475,0.5060963797027466,5.060963797027466e-10,8.72183878853301,0.00027336474348362916,1559.4088526145154,1.878166791974953,1048.9901385541286,0.41353075581611387,775.6780212428505,170.13522639268356,86.10482213724892,110385.93643837741,58984.74023339183,0.6399840084301242,272.8947639074441,170.13522639262524,86.10482213724922,55198.17487525207,71597.76335200468,0.19822031511987115,18309.863447300006,-7.927641557066627e-11,0.0,0.0,779.7043571032249,0.0,775.4687348198495,0.0,0.0,272.5708703176716,0.0,16750.354417789244
30000.0,0.1525,0.506096379943028,5.060963799430281e-10,8.721838542573572,0.0002733716066032114,1559.4088526182677,1.8781804824794268,1048.9901407748457,0.4135352183410341,775.6780225869862,170.13522629280396,86.104822127576,110385.93638044568,58984.740226918584,0.6399931929514079,272.894764627433,170.13522629280186,86.1048221275762,55198.17493033672,71597.76335386952,0.1982205185668466,18309.863446406012,-3.5921118356867106e-12,0.0,0.0,779.7043570359659,0.0,775.4687339039049,0.0,0.0,272.57086671506727,0.0,16750.354413433924
30000.0,0.1575,0.5060963800598668,5.060963800598668e-10,8.721838563395377,0.0002733515372174518,1559.4088526013513,1.878169859126033,1048.9901311240214,0.41352987865602076,775.6780175462495,170.13522635621564,86.10482217954676,110385.93642053168,58984.74026047867,0.6399877033536135,272.8947600455192,170.13522635621553,86.10482217954676,55198.17491708606,71597.7633426669,0.19821974875551793,18309.86344685716,3.111820805535811e-14,0.0,0.0,779.7043571295833,0.0,775.4687315716076,0.0,0.0,272.5708645855693,0.0,16750.3544143002
30000.0,0.1625,0.5060963779469553,5.060963779469553e-10,8.72183836996069,0.000273305435579037,1559.4088526446255,1.8781204028681728,1048.990158997643,0.41351689174085815,775.6780298845703,170.1352267353761,86.10482201195784,110385.93666639955,58984.74015179978,0.6399512075481202,272.8947755691647,170.1352267353761,86.10482201195784,55198.17482756918,71597.76338020255,0.19818775298935165,18309.863450940855,2.677193257839091e-14,0.0,0.0,779.7043571628749,0.0,775.4687504834435,0.0,0.0,272.57089858096214,0.0,16750.354434511664
30000.0,0.1675,0.5060963804868945,5.060963804868946e-10,8.721838582946065,0.00027338291025746155,1559.4088525999816,1.8781838587873363,1048.9901272180507,0.4135383164748586,775.678017676491,170.1352262895516,86.10482221846081,110385.93637733962,58984.74028571025,0.6399932538075299,272.89475600318974,170.13522628955164,86.10482221846084,55198.17493086294,71597.76333300675,0.1982164023318984,18309.86344156467,5.954211540815987e-14,0.0,0.0,779.7043571209297,0.0,775.4687274313353,0.0,0.0,272.5708577339023,0.0,16750.354410718308
30000.0,0.17250000000000001,0.5060963792111335,5.060963792111335e-10,8.721838584597828,0.00027335966472815656,1559.408852621711,1.8781616963545866,1048.990146574994,0.4135310482737708,775.678023347535,170.13522644152587,86.10482207832254,110385.93647613704,58984.740194957594,0.6399784378082193,272.8947697297302,170.13522644152573,86.10482207832246,55198.174895771546,71597.76336616276,0.19820739974219945,18309.86345176247,-4.851839017891969e-14,0.0,0.0,779.7043571376937,0.0,775.4687367813151,0.0,0.0,272.5708789595823,0.0,16750.354425440495
30000.0,0.1775,0.5060963798048524,5.060963798048524e-10,8.721838898685855,0.0002733807956227459,1559.4088526184667,1.8781822223010447,1048.9901427470431,0.4135375475975033,775.6780224066035,170.13522629897497,86.10482210719054,110385.93638418792,58984.740213930636,0.6399927721686364,272.8947669979473,170.13522629897483,86.10482210719047,55198.17493071363,71597.76336004813,0.19821684613430257,18309.86344961533,9.389943956384316e-14,0.0,0.0,779.704357130744,0.0,775.468732550857,0.0,0.0,272.5708689728512,0.0,16750.35441852268
30000.0,0.1825,0.5060963801253842,5.060963801253842e-10,8.721839842956284,0.000273378918537668,1559.408852613625,1.8781790646055734,1048.9901343695342,0.41353651881393366,775.6780205906668,170.13522632076334,86.10482217275131,110385.93640053213,58984.74025758416,0.6399917966347202,272.8947610198582,170.13522632076288,86.10482217275107,55198.174931314294,71597.76334722381,0.19821716674504972,18309.863444536582,-9.849673580364475e-14,0.0,0.0,779.7043571287994,0.0,775.4687312554505,0.0,0.0,272.570863488272,0.0,16750.35441328574
30000.0,0.1875,0.5060963799285594,5.060963799285595e-10,8.721843359930189,0.0002733928651940292,1559.4088526106934,1.8781701284350285,1048.9901315040565,0.4135370826581809,775.6780188463949,170.13522640843124,86.10482218363289,110385.93646583745,58984.74026887928,0.6399865859757485,272.89476206963644,170.13522640843007,86.1048221836323,55198.17493023084,71597.76335563851,0.1982114449832705,18309.86344907569,-1.2000069020617968e-14,0.0,0.0,779.7043571237763,0.0,775.4687292258948,0.0,0.0,272.5708671752712,0.0,16750.354420733485
30000.0,0.1925,0.5060963797157612,5.060963797157611e-10,8.721856319705555,0.0002734011126958895,1559.40885263147,1.8781421163336816,1048.990126073792,0.4135322241356713,775.6780223230624,170.13522663368886,86.10482226143047,110385.93664352044,58984.7403353476,0.6399792072502608,272.8947611478097,170.13522663368715,86.10482226142963,55198.1749526687,71597.76337397801,0.19821227451044116,18309.863445725325,-1.3168695959174481e-15,0.0,0.0,779.704357131405,0.0,775.4687351605329,0.0,0.0,272.57086998675584,0.0,16750.35441694608
30000.0,0.1975,0.5060963793552762,5.060963793552762e-10,8.72190388475544,0.00027339880751854384,1559.4088526596045,1.8780326468767434,1048.9900809819435,0.4135074370793685,775.6780164596048,170.1352274676587,86.10482262216841,110385.937301553,58984.740628641215,0.6399518882999036,272.89475094981566,170.13522746766606,86.10482262217214,55198.17502866993,71597.76342455702,0.19822288649047048,18309.863451587888,-9.070427354275868e-14,0.0,0.0,779.7043571467161,0.0,775.4687418428609,0.0,0.0,272.5708736161862,0.0,16750.354417407096
30000.0,0.2025,0.5060963781645342,5.060963781645342e-10,8.72207222517601,0.0002735064737548202,1559.4088527588126,1.877653456663098,1048.9899173381955,0.4134434795296961,775.6780003231512,170.13523056996638,86.10482398964793,110385.93972334883,58984.74172295487,0.6398422035440723,272.8947074705371,170.13523056996505,86.10482398964723,55198.175299806346,71597.7636032246,0.19821748506571754,18309.86345999636,-1.1040919841405018e-13,0.0,0.0,779.70435716911,0.0,775.4687580755818,0.0,0.0,272.57088564872635,0.0,16750.354428506456
30000.0,0.20750000000000002,0.5060963737087889,5.06096373708789e-10,8.722667455450512,0.0002738852718115104,1559.4088532009014,1.8763646819092052,1048.9893899364638,0.4132204771420193,775.677972646465,170.13524112183268,86.10482857184918,110385.948011914,58984.745429811606,0.6395006854383245,272.8945743011603,170.13524112193045,86.10482857184934,55198.17634074146,71597.76429513523,0.19825793440071393,18309.863487014998,9.42305152018352e-12,0.0,0.0,779.7043573444811,0.0,775.4688432524906,0.0,0.0,272.57092532439185,0.0,16750.354436469097
30000.0,0.2125,0.5060963537595506,5.060963537595507e-10,8.724723004111622,0.0002752036412612821,1559.4088549140192,1.871915076936945,1048.9876687634032,0.41245791962883344,775.6779348043364,170.13527805937372,86.10484387171631,110385.97698651312,58984.7578903321,0.6383116743530746,272.89415522423553,170.13527805937255,86.10484387171572,55198.1801929862,71597.76689104798,0.1983425118518173,18309.863617435196,3.395380311683645e-14,0.0,0.0,779.704357817227,0.0,775.4691913551317,0.0,0.0,272.5711080132832,0.0,16750.354521378522
30000.0,0.2175,0.5060962689146133,5.060962689146134e-10,8.731670162118004,0.0002795919809907407,1559.408861581416,1.8568905787147354,1048.9823472947448,0.40986321729353825,775.678102906731,170.13540422386373,86.10489328797512,110386.07564731446,58984.79847414455,0.6342918065449203,272.89291896447816,170.13540422385236,86.10489328798087,55198.193492765306,71597.77646929817,0.1986707792023062,18309.864112275125,-6.848686374735125e-11,0.0,0.0,779.7043649382214,0.0,775.4706669010328,0.0,0.0,272.57190522707117,0.0,16750.354843157183
30000.0,0.2225,0.5060959112840675,5.060959112840675e-10,8.754604646512284,0.00029468757977876836,1559.4088877991605,1.808259566226508,1048.9673428504268,0.4015153601687063,775.6802035558327,170.13582057017146,86.10504315352351,110386.40046595373,58984.92341441471,0.6213298763939404,272.8896445226751,170.13582057014605,86.1050431535105,55198.239545542325,71597.81168019745,0.19975054714371426,18309.866052485384,-2.962165439808216e-12,0.0,0.0,779.7043693303889,0.0,775.4769981794782,0.0,0.0,272.57519201769566,0.0,16750.356220895635
30000.0,0.2275,0.5060944207188471,5.060944207188471e-10,8.829468988153504,0.0003499172912604828,1559.4089901827813,1.6585078613209925,1048.931699010516,0.376141190533895,775.6939624505587,170.1371387297073,86.10545666817679,110387.42580100517,58985.27792742609,0.5819525150794005,272.8832423489172,170.1371387297091,86.10545666818153,55198.39598610289,71597.94035211748,0.203754289844309,18309.873650708654,2.9669140937082917e-10,0.0,0.0,779.7044065016521,0.0,775.5036112234438,0.0,0.0,272.5887145385348,0.0,16750.361732124235
30000.0,0.2325,0.5060885305732287,5.060885305732286e-10,9.084437524197304,0.0006283805738664301,1559.409378502793,1.2401562313003727,1048.880050379934,0.3092037468538166,775.7692573185726,170.14100658117434,86.10641201091688,110390.43135771676,58986.14932252815,0.478249237304741,272.88168513969555,170.14100658119384,86.10641201091818,55198.932212206244,71598.40492329978,0.22391406647700585,18309.902575649197,-5.861083305865445e-12,0.0,0.0,779.7045302562431,0.0,775.6127728455768,0.0,0.0,272.63964868570844,0.0,16750.380194724803
30000.0,0.2375,0.5060742933394125,5.060742933394125e-10,10.001640353905078,0.0051847797623843965,1559.410337337306,0.4660951111486506,1048.9548038527143,0.2575770164579302,776.1264562869031,170.14907369693017,86.10807223352955,110396.9817691739,58987.88996256905,0.40939481153557755,272.9300061083399,170.1490736969308,86.10807223352987,55201.21853743859,71599.97699817436,0.5603567364708242,18309.975220360164,1.0036174054788363e-13,0.0,0.0,779.7038567267532,0.0,775.9961031803333,0.0,0.0,272.72282191839383,0.0,16750.283924769148
30000.0,0.2425,0.5060449089898645,5.060449089898646e-10,10.345470538470778,0.0114462291536073,1559.4069145157691,0.30275094059556434,1049.0961881671947,0.3354632975529937,777.494436049651,170.16808186428028,86.11269149998954,110410.14336094323,58993.178971483125,0.5762346905611454,272.85279590990916,170.1680818642804,86.11269149998967,55208.71596168906,71603.65188010814,1.0549557370897793,18309.706207023948,-1.6772003261652916e-13,0.0,0.0,779.700561104956,0.0,777.3246765557229,0.0,0.0,271.61830603925875,0.9428892391116128,16749.77122983315
30000.0,0.2475,0.5058534149524821,5.058534149524822e-10,10.345470509111138,0.011450157605926731,1559.406071033479,0.3028072808604292,1048.7957807265295,0.33554606135691134,783.4085831990151,170.2176209921086,86.10516486394545,110442.28582242635,59000.435794198616,0.57638263051503,272.70922262525687,170.2176209921088,86.10516486394553,55224.78811259026,71612.2446502576,1.0552411550621612,18309.604139518393,3.4921972517567053e-16,0.0,0.0,779.7001394660804,0.0,783.2388460780024,0.0,0.0,265.40375855143026,7.013898951861269,16749.670063244197
30000.0,0.2525,0.5204698483837737,5.204698483837737e-10,12.531622470835242,0.0033416917447246152,0.0017392497957221288,0.009827696757950543,12928.44596202498,27.06761997223907,13003.833786920568,170.1515110652297,88.55873116639012,110452.27358901831,57610.032151793006,0.00013132899150593763,0.17204013501530352,170.15151106522953,88.55873116639003,55253.88058808781,67666.25545658726,0.3256874740496976,0.16951051023914038,3.7223484980518343e-14,0.0,0.0,0.0,0.0,12928.440847005164,0.0,61.305059852602916,0.0,0.17197178223500603,0.0
30000.0,0.2575,0.520273320402109,5.20273320402109e-10,12.531668375671892,0.0010808500073393955,0.0005623374221751113,0.009831280020507926,12928.254718740322,26.86498538944549,13009.788159908694,170.2010465193291,88.55106360852518,110484.00350668296,57617.082727527326,0.00012854503399118133,0.0403318019941433,170.20104651932928,88.55106360852527,55269.107716683524,67674.99437056854,0.10978302319228932,0.0571171780000341,4.479259681347844e-14,0.0,0.0,0.0,0.0,12928.249603787226,0.0,67.56142097027887,0.0,0.040264923442487506,0.0
30000.0,0.2625,0.5202272523735441,5.20227252373544e-10,12.531684280220759,0.0003293811317148587,0.00017135304113570938,0.009832756064782969,12928.20988648396,26.794926027174085,13011.1721979247,170.22288866645158,88.5545856620358,110498.0335588809,57622.16312424361,0.00012755419759662563,0.009457007663295344,170.22288866645104,88.55458566203552,55275.90073464001,67678.71900853195,0.034371158224305254,0.017880813203926663,-6.108279725981896e-15,0.0,0.0,0.0,0.0,12928.204771215978,0.0,69.0279759636439,0.0,0.009390650493550938,0.0
30000.0,0.2675,0.5202164516272632,5.202164516272631e-10,12.531689327787811,0.0001007869985987729,5.243105478121558e-05,0.009833380810312405,12928.19937643925,26.77275169944174,13011.493698912367,170.23115107796588,88.55704537020397,110503.34959013076,57624.408344728035,0.00012726302890913576,0.0022181465873625282,170.23115107796588,88.55704537020398,55278.48805183387,67680.109616537,0.010279966351030328,0.005347807617980663,-1.552738329679822e-14,0.0,0.0,0.0,0.0,12928.194260953647,0.0,69.3718120704299,0.0,0.0021519422660400793,0.0
30000.0,0.2725,0.5202139210409109,5.202139210409108e-10,12.531690826988187,3.45788461403989e-05,1.798839713576728e-05,0.00983374923685119,12928.19691248953,26.766093314216146,13011.56826823996,170.23399904787982,88.55809613917225,110505.18396750816,57625.24070416494,0.00012716851302760145,0.0005176445095211469,170.23399904787976,88.5580961391722,55279.383900104534,67680.58609898391,0.0029882744615304896,0.0015545419747791927,3.599681200179309e-14,0.0,0.0,0.0,0.0,12928.19179683658,0.0,69.45237704921198,0.0,0.00045148967872611623,0.0
30000.0,0.2775,0.5202133257944199,5.202133257944198e-10,12.53169120611642,1.6086133152739192e-05,8.368220826558332e-06,0.009833655748468164,12928.196334907703,26.7641217276898,13011.585605129974,170.2349214066134,88.55847463128605,110505.77843455825,57625.521267196855,0.0001271433060395727,0.00010722499827614486,170.23492140661347,88.55847463128609,55279.67487851,67680.73992356304,0.0008604599281278662,0.0004476227209242248,-7.290206021113406e-14,0.0,0.0,0.0,0.0,12928.19121930918,0.0,69.47133304423721,0.0,4.1083356188800974e-05,0.0
30000.0,0.28250000000000003,0.5202131879547389,5.20213187954739e-10,12.531691256749538,1.1034125456078743e-05,5.740097579799261e-06,0.009833747890118231,12928.196199458078,26.763667248554043,13011.589580876034,170.2352065021711,88.55859947662773,110505.96240310119,57625.61035853664,8.276365783964436e-05,4.3054746291556606e-05,170.23520650217105,88.55859947662766,55279.765147165344,67680.78747685307,0.0002558014361771951,0.00013307128059713931,-7.875732208715401e-14,0.0,0.0,0.0,0.0,12928.191083814021,0.0,69.47568440365166,0.0,0.0,0.0
30000.0,0.2875,0.520213154568063,5.20213154568063e-10,12.531691180274633,9.684390887615791e-06,5.037947533716814e-06,0.009833760357089836,12928.196167756838,26.763582447816486,13011.59054946834,170.23529173366745,88.55863813158565,110506.01743016396,57625.63738551434,3.24337264911221e-05,1.6872451172344382e-05,170.23529173366748,88.55863813158568,55279.7921868874,67680.80169313852,8.742475444406207e-05,4.5479507296683816e-05,-1.4553193479067687e-14,0.0,0.0,0.0,0.0,12928.191052105327,0.0,69.47672970930444,0.0,0.0,0.0
30000.0,0.2925,0.5202131458897228,5.202131458897228e-10,12.531690957191163,9.346560533160979e-06,4.862203658204398e-06,0.009833659108346415,12928.196160286594,26.763439502515503,13011.590738245468,170.23531726193903,88.55864993436833,110506.03367069396,57625.64541663165,1.4241334639448974e-05,7.408529494456031e-06,170.23531726193903,88.55864993436835,55279.80005299706,67680.80582478098,4.128443889984749e-05,2.1476707836381708e-05,-7.234748738797774e-14,0.0,0.0,0.0,0.0,12928.191044686851,0.0,69.47700049981137,0.0,0.0,0.0
30000.0,0.2975,0.5202131456044026,5.202131456044025e-10,12.53169106856434,9.237621892325134e-06,4.8055323425105514e-06,0.009833695196486835,12928.196158546622,26.763515623598945,13011.590786672314,170.23532389139916,88.55865333452907,110506.03811184649,57625.6477166284,8.155546334988814e-06,4.242622413046988e-06,170.23532389139908,88.55865333452905,55279.80231855975,67680.80700350512,2.880483485677723e-05,1.4984653749459428e-05,2.1130164869994914e-14,0.0,0.0,0.0,0.0,12928.191042929,0.0,69.47701109402381,0.0,0.0,0.0
30000.0,0.3025,0.5202131458653372,5.202131458653372e-10,12.53169111435873,9.280489520723125e-06,4.792563494001405e-06,0.0098337217072387,12928.196158143188,26.76354729554769,13011.590795384322,170.2353256920854,88.55865431568999,110506.03933979433,57625.64836943191,6.226453204468681e-06,3.239083078616388e-06,170.23532569208507,88.55865431568998,55279.80295574943,67680.80733330482,2.5466001814946817e-05,1.3247748916765866e-05,-2.0824530530988747e-07,0.0,0.0,0.0,0.0,12928.19104247569,0.0,69.47700370769827,0.0,0.0,0.0
30000.0,0.3075,0.5202131443345972,5.202131443345973e-10,12.531690989364627,9.208727577607136e-06,4.7905011284677265e-06,0.009833728334793838,12928.196158040444,26.763470000439437,13011.5908013753,170.23532667541886,88.55865456664698,110506.03982177988,57625.648543828116,5.638733938734133e-06,2.9333435123350907e-06,170.23532667541892,88.55865456664701,55279.80311697432,67680.80742507354,2.458091774246701e-05,1.2787316509438851e-05,2.0720565169666968e-14,0.0,0.0,0.0,0.0,12928.191042405704,0.0,69.47705008776025,0.0,0.0,0.0
30000.0,0.3125,0.5202131458168437,5.202131458168437e-10,12.531691117469435,9.206610134484492e-06,4.789399620369414e-06,0.009833722954770585,12928.196158028974,26.763550368739494,13011.590798382887,170.23532637214726,88.55865466121183,110506.03978538811,57625.64859904045,5.465042780419707e-06,2.842987096825766e-06,170.23532637214717,88.55865466121183,55279.8031783876,67680.80744931771,2.4348144669643383e-05,1.2666224933398801e-05,-8.397508581122959e-14,0.0,0.0,0.0,0.0,12928.191042397058,0.0,69.4770052623737,0.0,0.0,0.0
30000.0,0.3175,0.5202131443915409,5.202131443915409e-10,12.531691011383648,9.197487713417172e-06,4.78465400389931e-06,0.009833703807898685,12928.196158009207,26.763470591665946,13011.590799963682,170.2353268618054,88.55865467330152,110506.03994349284,57625.648610029806,5.414932413614071e-06,2.816919017553852e-06,170.2353268618054,88.55865467330152,55279.803177545706,67680.80745627604,2.428734719872703e-05,1.263459725517887e-05,1.56985370062567e-14,0.0,0.0,0.0,0.0,12928.191042386878,0.0,69.47704838635546,0.0,0.0,0.0
30000.0,0.3225,0.5202131460590712,5.202131460590712e-10,12.531691123798785,9.207742510419955e-06,4.7811769458853686e-06,0.009833725683500511,12928.196158012452,26.763555782769583,13011.590793873373,170.23532639294885,88.55865471326874,110506.03980954362,57625.64862375074,5.400755121349142e-06,2.809543790245651e-06,170.23532639294874,88.55865471326874,55279.80319569305,67680.80745700395,2.427156351096338e-05,1.2626386413810814e-05,1.838309856863618e-08,0.0,0.0,0.0,0.0,12928.19104239178,0.0,69.47699794136605,0.0,0.0,0.0
30000.0,0.3275,0.5202131445394566,5.202131445394565e-10,12.531691122548303,9.255078759505965e-06,4.814613624442931e-06,0.009833725495034822,12928.196158031573,26.763555097964826,13011.590839454266,170.23532639919296,88.55865445782493,110506.03981238445,57625.64854920165,5.396808352666514e-06,2.8074906436174517e-06,170.23532639919276,88.55865445782483,55279.803196475215,67680.80746535443,2.426748790611092e-05,1.2624266193711191e-05,2.9566898999327534e-14,0.0,0.0,0.0,0.0,12928.191042398303,0.0,69.47704389943306,0.0,0.0,0.0
30000.0,0.3325,0.5202131442193978,5.202131442193978e-10,12.531690982458029,9.2076516498012e-06,4.7943467279382895e-06,0.009833692188950902,12928.196158006096,26.763441057469777,13011.59078980483,170.23532704253307,88.5586547380136,110506.04000157579,57625.64863165763,5.395724343398654e-06,2.8069267444075205e-06,170.2353270425333,88.55865473801373,55279.80317706779,67680.80745690648,2.4266440650854873e-05,1.2623721389994623e-05,-1.6167451271184116e-08,0.0,0.0,0.0,0.0,12928.191042385699,0.0,69.47705359466453,0.0,0.0,0.0
30000.0,0.3375,0.5202131451071461,5.202131451071462e-10,12.531691056648695,9.194761030828302e-06,4.783235554355817e-06,0.009833742180237335,12928.19615801741,26.763518703355388,13011.590803367486,170.23532660538348,88.55865466172878,110506.03987323331,57625.64860930241,5.395430355052645e-06,2.806773794208503e-06,170.23532660538348,88.55865466172878,55279.80319055928,67680.80745929501,2.4266172603271727e-05,1.2623581969660846e-05,3.115135984646219e-14,0.0,0.0,0.0,0.0,12928.191042375456,0.0,69.4770267534654,0.0,0.0,0.0
30000.0,0.3425,0.5202131456248027,5.202131456248028e-10,12.531691108302057,9.200872559672331e-06,4.7864148567600724e-06,0.009833724156284291,12928.196158008226,26.763543876870433,13011.590800818462,170.235326463657,88.55865467612423,110506.0398316463,57625.648613549274,5.395351248092352e-06,2.806732644520828e-06,170.23532646365697,88.55865467612423,55279.80319486445,67680.80745883883,2.4266104281414536e-05,1.2623546440294148e-05,-4.375844535479244e-14,0.0,0.0,0.0,0.0,12928.191042375563,0.0,69.47701109525231,0.0,0.0,0.0
30000.0,0.34750000000000003,0.5202131451679372,5.202131451679372e-10,12.531691055398179,9.226856609963134e-06,4.791120457961161e-06,0.009833741836474055,12928.196158012974,26.763517689987,13011.590800998349,170.23532661119486,88.55865467510071,110506.03987495984,57625.64861324023,5.395330057466147e-06,2.806721675789791e-06,170.2353266111948,88.55865467510073,55279.80319036823,67680.80745887753,2.426608695624002e-05,1.2623537416424277e-05,1.3223632126420604e-08,0.0,0.0,0.0,0.0,12928.191042379844,0.0,69.47702490975412,0.0,0.0,0.0
30000.0,0.35250000000000004,0.520213145246728,5.202131452467281e-10,12.531691113664927,9.470126812555705e-06,4.785487565062507e-06,0.009833722240159203,12928.196158023167,26.76354802946703,13011.59081436459,170.23532644066773,88.55865459980322,110506.03982472939,57625.6485911168,5.395324737896422e-06,2.8067187669128676e-06,170.23532644066844,88.55865459980322,55279.803195835484,67680.8074612082,2.4266082540934507e-05,1.2623535121436253e-05,3.5535692145189e-08,0.0,0.0,0.0,0.0,12928.1910423223,0.0,69.47702259077225,0.0,0.0,0.0
30000.0,0.3575,0.5202131439623034,5.202131439623034e-10,12.531691001107877,9.211635297612054e-06,4.792013759204895e-06,0.00983368273170341,12928.196158013357,26.76345726051567,13011.590806023763,170.23532695131325,88.55865464679334,110506.03997504973,57625.64860491065,5.395323142052322e-06,2.8067180144196126e-06,170.23532695131334,88.55865464679329,55279.8031797988,67680.80745974161,2.426608150551146e-05,1.2623534551627622e-05,-1.1226279744438754e-12,0.0,0.0,0.0,0.0,12928.191042394452,0.0,69.47706136148372,0.0,0.0,0.0
30000.0,0.3625,0.5202131442241498,5.202131442241497e-10,12.531690970198335,9.205042447740117e-06,4.78858407445565e-06,0.009833685701455562,12928.19615801059,26.76343744889216,13011.590787785919,170.23532706304084,88.55865474949097,110506.04000904388,57625.648635096775,5.395322782216591e-06,2.8067178286410803e-06,170.23532706303973,88.55865474949098,55279.8031770826,67680.8074566145,2.426608124251371e-05,1.2623534421166716e-05,8.936234210061696e-13,0.0,0.0,0.0,0.0,12928.19104228121,0.0,69.4770535676543,0.0,0.0,0.0
30000.0,0.3675,0.5202131449930936,5.202131449930936e-10,12.531691059284162,9.141347251422391e-06,4.790697879985418e-06,0.009833754210681321,12928.196158022947,26.763522114767735,13011.590808610488,170.2353265859941,88.55865463222638,110506.03986745708,57625.64860062412,5.395322624180821e-06,2.806717764226517e-06,170.2353265859937,88.55865463222638,55279.803190917555,67680.80746020384,2.426608110449035e-05,1.2623534368024406e-05,-3.7835020290014685e-08,0.0,0.0,0.0,0.0,12928.19104236193,0.0,69.47703021844171,0.0,0.0,0.0
30000.0,0.3725,0.5202131446862137,5.202131446862136e-10,12.531691060887644,9.209081293623108e-06,4.790685139426662e-06,0.009833756086970093,12928.196158020959,26.76352324457263,13011.590818439347,170.23532657996915,88.55865457685034,110506.03986584158,57625.64858436388,5.3953226185662885e-06,2.806717746001027e-06,170.23532657996918,88.55865457685036,55279.80319133243,67680.8074618897,2.4266081086094024e-05,1.2623534351007623e-05,5.6678879155656555e-14,0.0,0.0,0.0,0.0,12928.19104238342,0.0,69.47703947694423,0.0,0.0,0.0
30000.0,0.3775,0.520213144159198,5.20213144159198e-10,12.531690984111906,9.205436383435442e-06,4.788789004384428e-06,0.009833689467259307,12928.196158009996,26.76344623114602,13011.590794312631,170.2353270136247,88.55865471272695,110506.03999331746,57625.648624316505,5.395322589456001e-06,2.806717728014052e-06,170.23532701362467,88.55865471272692,55279.803178005306,67680.80745772761,2.426608114352647e-05,1.2623534368096131e-05,3.1630624690318863e-14,0.0,0.0,0.0,0.0,12928.191042395549,0.0,69.47705540458607,0.0,0.0,0.0
30000.0,0.3825,0.5202131457578331,5.202131457578331e-10,12.531691085224173,9.226826717026736e-06,4.799916551826898e-06,0.009833723320881858,12928.19615800846,26.76353188653164,13011.5907905609,170.2353265312267,88.55865473392133,110506.03985147922,57625.64863051663,5.395322689372259e-06,2.806717788616955e-06,170.23532653122675,88.55865473392139,55279.803192840496,67680.80745709567,2.426608107367039e-05,1.262353437054869e-05,-8.962248454381699e-15,0.0,0.0,0.0,0.0,12928.191042375498,0.0,69.47700707141644,0.0,0.0,0.0
30000.0,0.3875,0.5202131442321648,5.202131442321648e-10,12.531691061768298,9.189277499862408e-06,4.7803829414253095e-06,0.009833713976144964,12928.196158021652,26.76351025574226,13011.59082541405,170.23532665308088,88.55865453758885,110506.03988734364,57625.64857283764,5.395322594538217e-06,2.806717731051567e-06,170.2353266530809,88.55865453758885,55279.80318907117,67680.80746310239,2.426608109076796e-05,1.2623534342421077e-05,1.8640501630886395e-14,0.0,0.0,0.0,0.0,12928.191042394408,0.0,69.47705319875607,0.0,0.0,0.0
30000.0,0.3925,0.5202131457073689,5.202131457073688e-10,12.531691107814218,9.214961411609041e-06,4.793744063505157e-06,0.009833731221096481,12928.196158012302,26.76354746435295,13011.590800189844,170.23532644338795,88.55865467963568,110506.03982565428,57625.64861456224,5.3953225976565526e-06,2.806717740632968e-06,170.23532644338798,88.5586546796357,55279.80319549959,67680.80745873846,2.4266081060809823e-05,1.2623534362633885e-05,-1.9358836285080425e-14,0.0,0.0,0.0,0.0,12928.191042376073,0.0,69.47700859721748,0.0,0.0,0.0
30000.0,0.3975,0.5202131455190169,5.202131455190168e-10,12.531691092913146,9.196466308393989e-06,4.784122665949299e-06,0.009833508980697405,12928.196158012222,26.763515403288554,13011.590789189893,170.23532662420203,88.55865474163339,110506.03987930514,57625.64863279417,5.395322622102982e-06,2.8067177523341017e-06,170.23532662420212,88.55865474163342,55279.80318979651,67680.80745684236,2.4266081086567078e-05,1.2623534371462584e-05,9.88273770589335e-15,0.0,0.0,0.0,0.0,12928.191042491599,0.0,69.47701416543268,0.0,0.0,0.0
30000.0,0.4025,0.5202131427035381,5.202131427035381e-10,12.531690892339915,9.206815241863169e-06,4.791739323007361e-06,0.009833703584033527,12928.196158018492,26.763396330857073,13011.59081234347,170.23532729476838,88.55865461117686,110506.04007586036,57625.648594451,5.395322646609446e-06,2.806717744937971e-06,170.23532729476835,88.55865461117686,55279.803169364575,67680.807460846,2.4266081182148363e-05,1.262353435286459e-05,1.4041842291202852e-08,0.0,0.0,0.0,0.0,12928.191042397251,0.0,69.47709943352865,0.0,0.0,0.0
30000.0,0.40750000000000003,0.5202131435283098,5.202131435283098e-10,12.531690961910115,9.20788736550705e-06,4.790064031665029e-06,0.009833692631147318,12928.196158013157,26.763434858154728,13011.59080746307,170.23532707773035,88.55865463867612,110506.04001211574,57625.648602539724,5.395322631336073e-06,2.8067177463967705e-06,170.2353270777304,88.55865463867613,55279.80317605151,67680.80745999698,2.4266081151209797e-05,1.2623534356783916e-05,-7.986335100872222e-14,0.0,0.0,0.0,0.0,12928.191042397408,0.0,69.47707448563449,0.0,0.0,0.0
30000.0,0.41250000000000003,0.5202131451633989,5.202131451633988e-10,12.531691119733562,9.200855047426637e-06,4.7864057424143434e-06,0.009833723464989105,12928.196158028495,26.76355195913019,13011.590818965316,170.23532641812963,88.55865457389307,110506.03981827805,57625.64858347409,5.395322616980002e-06,2.806717747750387e-06,170.2353264181296,88.55865457389304,55279.80319627198,67680.80746198734,2.42660810571872e-05,1.2623534347549324e-05,2.654770899066872e-15,0.0,0.0,0.0,0.0,12928.191042395942,0.0,69.47702502904357,0.0,0.0,0.0
30000.0,0.4175,0.5202131456269967,5.202131456269968e-10,12.53169105779113,9.215522136758557e-06,4.796238402901269e-06,0.00983371826076335,12928.196158008875,26.763515604718513,13011.59078604469,170.2353266227347,88.55865475925204,110506.03987837881,57625.64863796664,5.395322627860834e-06,2.806717755321045e-06,170.23532662273482,88.5586547592521,55279.80319000233,67680.80745629538,2.4266081086352427e-05,1.2623534373971167e-05,3.6020080207770534e-09,0.0,0.0,0.0,0.0,12928.191042379209,0.0,69.47701102481501,0.0,0.0,0.0
30000.0,0.4225,0.520213143515608,5.20213143515608e-10,12.531690916931502,9.16181557680538e-06,4.76609688152019e-06,0.009833699786726807,12928.196158005512,26.763409782135437,13011.59079480178,170.2353272192114,88.55865471011413,110506.04005367178,57625.64862354692,5.39532265491343e-06,2.8067177585934914e-06,170.23532721921134,88.5586547101141,55279.80317168843,67680.80745779366,2.4266081171376787e-05,1.2623534366966821e-05,2.218137575979144e-15,0.0,0.0,0.0,0.0,12928.191042385417,0.0,69.47707488323627,0.0,0.0,0.0
30000.0,0.4275,0.5202131428522538,5.202131428522538e-10,12.53169092113044,9.292661556947704e-06,4.834164674002083e-06,0.009833705261740378,12928.196158024128,26.763414901173547,13011.590817518478,170.23532718997694,88.55865458197965,110506.04004511009,57625.64858588302,5.39532255788216e-06,2.806717704537539e-06,170.23532718997683,88.55865458197958,55279.80317275564,67680.80746181471,2.4266081167209568e-05,1.262353434870198e-05,1.3010764363230621e-14,0.0,0.0,0.0,0.0,12928.191042397653,0.0,69.47709493472425,0.0,0.0,0.0
30000.0,0.4325,0.5202131436440403,5.202131436440403e-10,12.531690951471726,9.194110207461552e-06,4.782896974033333e-06,0.009833696074411105,12928.196158016723,26.763425996173414,13011.59079935444,170.2353271276444,88.55865468434347,110506.04002672853,57625.64861594087,5.395322647917991e-06,2.8067177556473054e-06,170.23532712764444,88.55865468434351,55279.80317449884,67680.80745858797,2.426608115832442e-05,1.2623534363293361e-05,-3.9166862581729744e-14,0.0,0.0,0.0,0.0,12928.191042397371,0.0,69.47707098505454,0.0,0.0,0.0
30000.0,0.4375,0.5202131448477967,5.202131448477968e-10,12.531691113316665,9.186140323731665e-06,4.778750946821606e-06,0.009833722895400155,12928.196158011388,26.76355103519275,13011.590828023942,170.23532642340453,88.55865452291047,110506.0398198492,57625.64856854532,5.395322623352336e-06,2.8067177493625835e-06,170.23532642340442,88.55865452291044,55279.80319609357,67680.80746353584,2.426608105793901e-05,1.2623534340282002e-05,-7.80978552833527e-14,0.0,0.0,0.0,0.0,12928.191042379145,0.0,69.47703459415055,0.0,0.0,0.0
30000.0,0.4425,0.5202131459220849,5.202131459220849e-10,12.531691057648718,9.25842034027327e-06,4.7888132083944745e-06,0.009833707170719113,12928.196158014696,26.763507921578576,13011.590773123055,170.23532666623865,88.5586548321178,110506.03989124567,57625.64865938241,5.395322713562026e-06,2.806717751977715e-06,170.2353266662385,88.55865483211774,55279.80318875741,67680.80745407726,2.4266081092553643e-05,1.2623534384357756e-05,-2.98609281952579e-08,0.0,0.0,0.0,0.0,12928.191042406233,0.0,69.47700206878524,0.0,0.0,0.0
30000.0,0.4475,0.520213143807799,5.20213143807799e-10,12.531691008072446,9.207906205209273e-06,4.790073834899257e-06,0.009833718341401823,12928.19615801765,26.763473673618,13011.5908192082,170.23532685909038,88.55865457251565,110506.03994791175,57625.64858313312,5.395322644674153e-06,2.80671775484335e-06,170.23532685909007,88.5586545725155,55279.803182807045,67680.80746205754,2.4266081120043545e-05,1.2623534347352933e-05,2.5074878293308162e-14,0.0,0.0,0.0,0.0,12928.19104238831,0.0,69.4770660417966,0.0,0.0,0.0
30000.0,0.4525,0.5202131454741951,5.202131454741951e-10,12.531691068305568,9.199186173644781e-06,4.789935564313687e-06,0.00983372555186321,12928.196158014043,26.76351996132549,13011.59079292619,170.2353265984221,88.55865472059205,110506.03987133008,57625.64862667184,5.3953225943217635e-06,2.806717746757768e-06,170.23532659842178,88.55865472059187,55279.80319082604,67680.80745752504,2.4266081082886768e-05,1.2623534368460387e-05,8.154775000764128e-09,0.0,0.0,0.0,0.0,12928.191042378869,0.0,69.47701564714355,0.0,0.0,0.0
30000.0,0.4575,0.5202131452105067,5.202131452105067e-10,12.531691056779874,9.22320564678943e-06,4.789214507392796e-06,0.00983374235595518,12928.196158004766,26.76351884124543,13011.59080033646,170.2353266042542,88.55865467873696,110506.03987232258,57625.64861404838,5.395322660556116e-06,2.80671774671019e-06,170.23532660425576,88.5586546787377,55279.80319028355,67680.80745860892,2.426608108371813e-05,1.2623534362494187e-05,5.7369868446143716e-08,0.0,0.0,0.0,0.0,12928.191042351878,0.0,69.47702365335289,0.0,0.0,0.0
30000.0,0.4625,0.5202131429242969,5.202131429242969e-10,12.531690966253217,9.214777582335162e-06,4.787067671744426e-06,0.009833694178982545,12928.196158027054,26.763433932445515,13011.590825235375,170.23532708299575,88.55865453859089,110506.04001380864,57625.64857316808,5.395322631547011e-06,2.8067177454820186e-06,170.23532708299544,88.55865453859072,55279.803175932364,67680.80746310795,2.4266081151959997e-05,1.2623534342517152e-05,-1.639764164774096e-09,0.0,0.0,0.0,0.0,12928.191042414272,0.0,69.47709273700114,0.0,0.0,0.0
30000.0,0.4675,0.5202131456090997,5.202131456090997e-10,12.531691118630427,9.216456215818234e-06,4.7812903950863265e-06,0.009833723242195629,12928.196158020071,26.76355121696176,13011.590805126913,170.23532642219868,88.55865465188384,110506.03981944616,57625.64860643323,5.3953226045824835e-06,2.806717756652089e-06,170.23532642219857,88.55865465188376,55279.80319605852,67680.80745959873,2.426608105776713e-05,1.2623534358666425e-05,1.2624695636037544e-08,0.0,0.0,0.0,0.0,12928.191042367727,0.0,69.4770115789894,0.0,0.0,0.0
30000.0,0.47250000000000003,0.5202131438464568,5.202131438464568e-10,12.531690971834717,9.204591286524441e-06,4.788349370984582e-06,0.009833700761888992,12928.19615802068,26.763444815522913,13011.59080302826,170.23532702147838,88.55865466357295,110506.03999564941,57625.648609875185,5.395322593022288e-06,2.806717728181941e-06,170.23532702147835,88.55865466357292,55279.80317782265,67680.8074592652,2.4266081143191055e-05,1.2623534360332637e-05,-3.7367251569574744e-14,0.0,0.0,0.0,0.0,12928.19104240063,0.0,69.47706485871396,0.0,0.0,0.0
30000.0,0.47750000000000004,0.5202131438451323,5.202131438451323e-10,12.531690934467617,9.39814517628316e-06,4.829533228820182e-06,0.009833694013586651,12928.196158008368,26.763417831455943,13011.59078908485,170.23532717306688,88.55865474220575,110506.04003992018,57625.6486329549,5.395322797761309e-06,2.806717703937633e-06,170.2353271730663,88.55865474220576,55279.803173211345,67680.80745687275,2.4266081164799126e-05,1.2623534371541304e-05,-1.0071375515301867e-07,0.0,0.0,0.0,0.0,12928.191042330163,0.0,69.47706497750181,0.0,0.0,0.0
30000.0,0.4825,0.5202131454964645,5.202131454964645e-10,12.53169111859889,9.17546890517594e-06,4.773199540566577e-06,0.009833723228044098,12928.196158012137,26.763551155962997,13011.590808494579,170.23532642267753,88.55865463295848,110506.03981983727,57625.648600941124,5.395322738298201e-06,2.8067178126587057e-06,170.2353264226763,88.55865463295828,55279.803196128014,67680.80746019672,2.4266081057835385e-05,1.2623534355968718e-05,-4.908578757067529e-13,0.0,0.0,0.0,0.0,12928.19104236466,0.0,69.47701498941161,0.0,0.0,0.0
30000.0,0.4875,0.5202131448707794,5.202131448707795e-10,12.531691056996433,9.197894693847593e-06,4.784865724876712e-06,0.00983374228063019,12928.196158014725,26.76352321720437,13011.590812858516,170.2353265799632,88.55865460826685,110506.03986573034,57625.64859357169,5.395322603086912e-06,2.806717738944243e-06,170.23532657996336,88.55865460826689,55279.80319129279,67680.80746091087,2.426608108025557e-05,1.262353435244907e-05,5.841354514640557e-14,0.0,0.0,0.0,0.0,12928.191042373946,0.0,69.47703390478101,0.0,0.0,0.0
30000.0,0.4925,0.520213145292661,5.20213145292661e-10,12.53169106093225,9.205012955652785e-06,4.7885687421198294e-06,0.009833756126736424,12928.19615800438,26.763523267088146,13011.59080013743,170.23532657970992,88.55865467995423,110506.03986564677,57625.64861467406,5.395322602014277e-06,2.806717740662431e-06,170.23532657970983,88.5586546799542,55279.803191315026,67680.80745871019,2.4266081080219468e-05,1.2623534362667704e-05,-3.344847317949485e-15,0.0,0.0,0.0,0.0,12928.191042355062,0.0,69.47702116478439,0.0,0.0,0.0
30000.0,0.4975,0.5202131455199208,5.202131455199208e-10,12.53169107945405,9.215436656200751e-06,4.789588079926012e-06,0.00983375871082787,12928.196158026387,26.763538340954323,13011.590801107646,170.23532649478963,88.5586546744652,110506.03984074741,57625.64861302246,5.395322548936091e-06,2.8067177436859936e-06,170.23532649478963,88.55865467446523,55279.80319392508,67680.80745891242,2.426608106811455e-05,1.2623534361885269e-05,8.069936567305438e-09,0.0,0.0,0.0,0.0,12928.191042384762,0.0,69.47701425744442,0.0,0.0,0.0
40000.0,0.0025,0.5060963800905105,5.060963800905106e-10,8.721838905510968,0.00027338987514998874,1559.408852612035,1.8781795605008746,1048.9901345685112,0.41353874059001194,775.6780200369045,170.13522632690842,86.10482216992806,110385.93640022613,58984.740253554664,0.6399889369726753,272.89476119881743,170.13522632691564,86.10482216993171,55198.17492155733,71597.76334473299,0.198210906746776,18309.86344363317,-1.2634679542838185e-13,0.0,0.0,779.7043571251822,0.0,775.4687295772542,0.0,0.0,272.5708651145169,0.0,16750.35441556222
40000.0,0.0075,0.5060963778770993,5.060963778770993e-10,8.721839665685108,0.000273361005371304,1559.408852619995,1.8781196314792963,1048.9901486433678,0.4135247602932937,775.6780236336697,170.13522684411112,86.10482205510326,110385.93673790227,58984.740180163855,0.6399428407523667,272.8947716040896,170.13522684410734,86.10482205510134,55198.174798305045,71597.76337044095,0.19815891673755012,18309.863455816852,8.867856002026575e-15,0.0,0.0,779.7043571364961,0.0,775.4687402503204,0.0,0.0,272.570898850337,0.0,16750.35445403227
40000.0,0.0125,0.506096379749627,5.06096379749627e-10,8.721840355133194,0.00027335497517578784,1559.4088526166233,1.8781641301711014,1048.9901376192252,0.41352975085212806,775.6780219571083,170.13522641629265,86.10482215716881,110385.93645618319,58984.74024428877,0.6399824884931996,272.8947623275101,170.13522641625406,86.10482215714927,55198.17489942772,71597.76334543628,0.1982142526404843,18309.86344436279,8.549408359903787e-15,0.0,0.0,779.7043571359741,0.0,775.468736051265,0.0,0.0,272.5708695080194,0.0,16750.35441457458
40000.0,0.0175,0.5060963799230742,5.060963799230743e-10,8.721836783340548,0.00027338129365858953,1559.4088526131861,1.8781814481198282,1048.9901406007066,0.4135372526666107,775.6780217059232,170.13522628580913,86.10482212064107,110385.93637887831,58984.74022428041,0.6399897362747297,272.8947642583019,170.13522628586892,86.10482212067136,55198.17493771714,71597.7633592085,0.1982131221591735,18309.863444908675,-1.7548742197849932e-14,0.0,0.0,779.704357127968,0.0,775.4687319993844,0.0,0.0,272.57086776958494,0.0,16750.354415707894
40000.0,0.0225,0.5060963797320938,5.060963797320938e-10,8.721840384228988,0.00027335474152534087,1559.4088526170126,1.8781639509478185,1048.9901371224184,0.4135296731626839,775.6780214636191,170.1352264155565,86.10482215381323,110385.93646100615,58984.74024479189,0.6399823133269243,272.894762285083,170.1352264155312,86.10482215380046,55198.174900530415,71597.76334669844,0.19821413615360975,18309.86344576661,1.85216138766507e-13,0.0,0.0,779.70435713669,0.0,775.4687355931193,0.0,0.0,272.57086955322035,0.0,16750.35441603423
40000.0,0.0275,0.5060963793774661,5.060963793774662e-10,8.721838867732057,0.0002733848377430258,1559.4088526199062,1.878176718592599,1048.9901487670397,0.41353734304845763,775.6780236371809,170.13522635119523,86.10482206090556,110385.93641460198,58984.74018214543,0.6399874562539116,272.8947717792541,170.13522635120344,86.10482206090977,55198.17491784943,71597.76337125548,0.1982104797879749,18309.863453829847,5.4102116621530635e-14,0.0,0.0,779.7043571304292,0.0,775.4687338851203,0.0,0.0,272.5708764447979,0.0,16750.354425961592
40000.0,0.0325,0.5060963800270218,5.060963800270219e-10,8.721845333135978,0.0002733573251633238,1559.4088526145983,1.8781680033696655,1048.990135255407,0.41353317342240586,775.6780211727795,170.13522634675456,86.10482216917359,110385.93641850898,58984.74025396344,0.6399826826217797,272.89476060261666,170.13522634667413,86.10482216917046,55198.17489194141,71597.7633429049,0.19822187976379294,18309.863443286078,-6.2469220799476e-11,0.0,0.0,779.7043570128026,0.0,775.4687335431339,0.0,0.0,272.57086768276235,0.0,16750.354409225594
40000.0,0.037500000000000006,0.50609637975638,5.060963797563801e-10,8.721838579612255,0.00027336490983293854,1559.4088526135984,1.8781734686537825,1048.9901384487794,0.4135324275801882,775.6780207917109,170.13522637115628,86.10482213547694,110385.93642067451,58984.740231966294,0.6399887612810415,272.8947641244813,170.13522637130004,86.10482213547627,55198.1749109355,71597.76335228414,0.1982203164792453,18309.863448007192,-3.707216783739447e-11,0.0,0.0,779.7043571108844,0.0,775.4687335395123,0.0,0.0,272.5708681309133,0.0,16750.354420176634
40000.0,0.042499999999999996,0.5060963798167535,5.060963798167535e-10,8.721838575818238,0.00027337213980042045,1559.4088526211003,1.878181196046755,1048.9901440590709,0.4135354137894064,775.6780236895999,170.1352262907423,86.10482210504883,110385.93637778328,58984.740212149074,0.6399934890761956,272.8947668292041,170.135226290742,86.10482210504843,55198.17493107469,71597.76335902311,0.19822052700213322,18309.863447730608,-1.414357963190111e-12,0.0,0.0,779.7043571344334,0.0,775.4687349137689,0.0,0.0,272.5708684412628,0.0,16750.35441479186
40000.0,0.0475,0.5060963800096596,5.060963800096597e-10,8.721838540132488,0.00027335473846690043,1559.4088526120686,1.8781741677584098,1048.9901363506717,0.41353089196255155,775.678020511454,170.13522632196933,86.10482215367283,110385.93639842351,58984.74024375901,0.6399909547961232,272.89476228479094,170.13522632196904,86.1048221536727,55198.17492525629,71597.76334816797,0.19822293188197365,18309.86344594305,4.4599305442934303e-14,0.0,0.0,779.7043571341137,0.0,775.4687340240092,0.0,0.0,272.5708651793296,0.0,16750.35441176768
40000.0,0.052500000000000005,0.5060963799515386,5.060963799515385e-10,8.7218385537221,0.0002733780780170695,1559.4088526131918,1.8781818554431915,1048.9901387523014,0.4135369942492216,775.6780207224365,170.1352262984304,86.10482213187144,110385.93638328117,58984.740229654555,0.6399925420880506,272.8947644764554,170.13522629842947,86.10482213187097,55198.174929390705,71597.76335362255,0.19821711107148512,18309.863448542674,2.087619268323992e-13,0.0,0.0,779.704357128792,0.0,775.4687311466466,0.0,0.0,272.5708665677105,0.0,16750.35441732219
40000.0,0.057499999999999996,0.5060963795371394,5.060963795371394e-10,8.721838498214385,0.00027335998770436213,1559.408852615845,1.8781619953709316,1048.9901397620729,0.41353124115416984,775.6780220757407,170.13522644121957,86.1048221336326,110385.93647597433,58984.74023084293,0.6399784378109132,272.8947641346147,170.13522644121696,86.10482213363127,55198.174895925,71597.7633528716,0.19820691448248579,18309.863446296058,1.7287524681104644e-14,0.0,0.0,779.7043571346925,0.0,775.4687354117722,0.0,0.0,272.57087336425633,0.0,16750.35442022437
40000.0,0.0625,0.5060963797553291,5.060963797553291e-10,8.721838572656166,0.00027339005704768036,1559.4088526190562,1.8781808295893077,1048.9901429103927,0.4135388906098087,775.6780229619998,170.13522632161613,86.1048221102235,110385.93639868409,58984.74021579062,0.639989648763181,272.89476640975664,170.13522632161204,86.1048221102214,55198.17492357097,71597.76335863519,0.19821161120320843,18309.8634481274,2.365609399389952e-14,0.0,0.0,779.7043571286698,0.0,775.4687324265745,0.0,0.0,272.57086996543717,0.0,16750.354419691044
40000.0,0.0675,0.5060963796837761,5.060963796837761e-10,8.721838544970513,0.0002733600184037189,1559.4088526063126,1.878161895147102,1048.9901345862697,0.41353122357252153,775.6780193066104,170.13522644152508,86.10482215873529,110385.9364760993,58984.74024707914,0.6399784123941054,272.8947617567982,170.13522644152388,86.10482215873472,55198.174895798,71597.76334742235,0.198206919758997,18309.86344726429,4.4257842185723375e-14,0.0,0.0,779.7043571299121,0.0,775.4687326514827,0.0,0.0,272.57087099921085,0.0,16750.354421196516
40000.0,0.07250000000000001,0.5060963794365645,5.060963794365645e-10,8.721838665747594,0.00027335854163117044,1559.4088526339763,1.8781720268069926,1048.990151016415,0.413532673968152,775.6780264520165,170.1352263362569,86.10482206339906,110385.9364116356,58984.740183628855,0.6399871943037696,272.89477108976547,170.13522633626718,86.10482206340825,55198.17491057721,71597.76336611637,0.19821995388220004,18309.863448490396,-4.244701103258113e-11,0.0,0.0,779.7043571433899,0.0,775.468739065392,0.0,0.0,272.5708758877466,0.0,16750.354415554862
40000.0,0.0775,0.5060963799529887,5.060963799529888e-10,8.721838743660495,0.00027338475785204186,1559.4088526076378,1.878177035283081,1048.9901350290136,0.4135373987357914,775.6780198228713,170.13522634529082,86.10482215583399,110385.93641380362,58984.74024519238,0.6399875382104668,272.8947617783831,170.13522634528957,86.10482215583336,55198.17491801918,71597.76334805277,0.19821045840505752,18309.863447168747,-1.0189556474931171e-12,0.0,0.0,779.7043571099082,0.0,775.4687300412256,0.0,0.0,272.5708664261748,0.0,16750.354419315427
40000.0,0.0825,0.5060963796145944,5.060963796145945e-10,8.721838570211068,0.00027336005770429647,1559.4088526092053,1.8781618786339656,1048.9901363587562,0.41353121454799,775.6780208029273,170.13522644150535,86.10482214695507,110385.9364764467,58984.74023963312,0.6399784344311722,272.89476204795176,170.1352264415015,86.10482214695313,55198.17489663483,71597.76334989912,0.19820697649529853,18309.86344755174,7.45167561260561e-14,0.0,0.0,779.7043571313448,0.0,775.4687341523918,0.0,0.0,272.570871279256,0.0,16750.35442145029
40000.0,0.0875,0.5060963794630687,5.060963794630687e-10,8.721838212998898,0.00027335560359738353,1559.4088526291653,1.8781690273784246,1048.9901483459937,0.413531090105902,775.6780237637278,170.13522638360917,86.10482209187417,110385.93643895877,58984.74020397113,0.6399844663680248,272.89477044632844,170.13522638360658,86.10482209187288,55198.17490817946,71597.76336279187,0.19821427731857025,18309.86344636855,7.359555539897093e-14,0.0,0.0,779.7043571424472,0.0,775.4687371762332,0.0,0.0,272.57087662498697,0.0,16750.354416555674
40000.0,0.0925,0.5060963798247904,5.060963798247905e-10,8.721838666859734,0.000273390140691214,1559.4088526139133,1.8781806634511242,1048.9901397593526,0.41353885591177714,775.6780218749306,170.13522632115482,86.10482212180784,110385.93639796329,58984.74022308311,0.6399896318947734,272.89476440371425,170.1352263211538,86.10482212180733,55198.17492302855,71597.76335528732,0.19821167010124585,18309.86344930979,1.4024694678945074e-14,0.0,0.0,779.7043571260775,0.0,775.4687313570374,0.0,0.0,272.570867967887,0.0,16750.354420848937
40000.0,0.0975,0.5060963800717503,5.060963800717503e-10,8.721838861077275,0.00027339029364918676,1559.4088526066644,1.8781802930622955,1048.9901341669533,0.41353878409328104,775.6780198020509,170.13522632150207,86.10482216400018,110385.93639806072,58984.740250360395,0.6399895687745745,272.89476100315494,170.13522632150188,86.10482216400005,55198.17492311498,71597.76334593403,0.19821175060416177,18309.863445946587,5.011838066617462e-14,0.0,0.0,779.7043571224352,0.0,775.4687293203929,0.0,0.0,272.57086459911255,0.0,16750.35441745582
40000.0,0.10250000000000001,0.5060963800219822,5.060963800219823e-10,8.721838810879898,0.00027339027950336526,1559.4088526171397,1.878180430762302,1048.990136994092,0.41353880293557504,775.6780224214754,170.13522632134766,86.10482215545471,110385.93639784289,58984.74024483944,0.6399896264472449,272.89476117998123,170.13522632134737,86.10482215545466,55198.17492311132,71597.76334697945,0.19821178945776372,18309.86344372306,-2.5478599525574847e-14,0.0,0.0,779.7043571277864,0.0,775.4687319302946,0.0,0.0,272.57086474677664,0.0,16750.354415194884
40000.0,0.1075,0.5060963794163831,5.060963794163831e-10,8.721838572176292,0.00027336396704413535,1559.40885261508,1.8781718882382847,1048.9901464608517,0.41353191157369995,775.6780207534027,170.1352263570336,86.10482207049789,110385.93643179409,58984.74018972252,0.6399877279345203,272.8947721712146,170.13522635698692,86.10482207049775,55198.17490718961,71597.76336981346,0.19822027382026033,18309.86345535624,-1.7583805366820246e-10,0.0,0.0,779.7043571212901,0.0,775.4687337415082,0.0,0.0,272.57087669943513,0.0,16750.354424205678
40000.0,0.1125,0.5060963799990794,5.060963799990794e-10,8.721838653558393,0.000273389971682767,1559.4088526171372,1.8781803983532903,1048.9901370402495,0.41353884646278194,775.6780230002973,170.13522632405605,86.10482215292883,110385.93639972569,58984.740243232736,0.6399893872139912,272.8947605516272,170.13522632405613,86.10482215292883,55198.17492214864,71597.76334680879,0.19821133694067844,18309.863444199505,-2.468900663126994e-13,0.0,0.0,779.7043571284468,0.0,775.4687325008827,0.0,0.0,272.5708642322076,0.0,16750.354415908096
40000.0,0.1175,0.5060963795019398,5.060963795019398e-10,8.721850852624232,0.00027335651241155616,1559.4088526248029,1.878165716801106,1048.9901476637692,0.4135294679945143,775.6780228428828,170.13522636648378,86.10482208982053,110385.93642660153,58984.7402025296,0.6399828277330343,272.8947707159145,170.13522636645965,86.10482208982057,55198.17486362591,71597.76336321942,0.19822186455876542,18309.86344801682,3.871449221938074e-11,0.0,0.0,779.704357123091,0.0,775.4687370746324,0.0,0.0,272.5708777223107,0.0,16750.35441373748
40000.0,0.1225,0.5060963801012563,5.060963801012564e-10,8.721838664593278,0.0002733701165246613,1559.4088526076016,1.8781821057582537,1048.990135006085,0.4135351386461284,775.678020308999,170.13522629488708,86.10482215555074,110385.93638417807,58984.74024520545,0.6399936057415254,272.8947612124442,170.13522629489157,86.10482215555083,55198.174934868846,71597.76334731915,0.19822049235962036,18309.863447205054,1.792858580532466e-11,0.0,0.0,779.7043575050525,0.0,775.4687304923937,0.0,0.0,272.5708630892819,0.0,16750.354414433725
40000.0,0.1275,0.5060963797086352,5.060963797086352e-10,8.721838675892498,0.0002733592399245151,1559.40885261907,1.8781727375170858,1048.9901424663294,0.41353169295746794,775.6780231585454,170.13522634334868,86.10482211327921,110385.93642373172,58984.74021853869,0.6399888939964348,272.89476583867173,170.13522634335078,86.10482211327923,55198.17491811231,71597.76335737127,0.1982200141150759,18309.863448171538,-9.389665858744684e-12,0.0,0.0,779.7043571329328,0.0,775.4687362675979,0.0,0.0,272.5708697765225,0.0,16750.354415710903
40000.0,0.1325,0.5060963794594656,5.060963794594656e-10,8.721839664528906,0.0002733602976289507,1559.4088526184603,1.8781593602171007,1048.990140067092,0.41353064385494703,775.6780220483635,170.13522644454767,86.10482212210191,110385.9364751476,58984.74022185845,0.63997782012526,272.89476518582813,170.1352264445495,86.10482212210285,55198.17489378043,71597.7633550015,0.198207239230884,18309.863447748685,-6.564234078644845e-14,0.0,0.0,779.7043571359152,0.0,775.4687356867122,0.0,0.0,272.5708747281042,0.0,16750.35442151062
40000.0,0.1375,0.5060963801309373,5.060963801309374e-10,8.721837096871617,0.0002733890659586479,1559.4088526118828,1.8781835649994878,1048.9901361334369,0.4135393888790651,775.6780207871813,170.13522630751459,86.10482216699094,110385.93638493393,58984.74025049154,0.639990280649133,272.8947608983742,170.1352263075073,86.10482216698718,55198.17492435381,71597.76334443051,0.19821140606269627,18309.863442611688,2.4640871020992695e-12,0.0,0.0,779.7043571759921,0.0,775.4687299766256,0.0,0.0,272.5708640014461,0.0,16750.354414282
40000.0,0.14250000000000002,0.506096379368231,5.060963793682311e-10,8.721840307531949,0.0002733547707418578,1559.40885261507,1.8781642709559752,1048.9901441527336,0.4135297320569459,775.678021920162,170.13522640930242,86.1048220887422,110385.93645566794,58984.740201914865,0.6399825360502932,272.8947688362732,170.13522640929477,86.10482208873836,55198.17489934627,71597.76336140442,0.1982143185117395,18309.86345323738,-5.2623343363748274e-14,0.0,0.0,779.7043571347775,0.0,775.4687360230288,0.0,0.0,272.57087599410795,0.0,16750.354423425855
40000.0,0.1475,0.5060963799064238,5.060963799064238e-10,8.721838773221004,0.0002733785795239536,1559.4088526143382,1.878176698941362,1048.9901385296957,0.413535909685831,775.6780215449216,170.13522632821196,86.10482213926815,110385.93640581323,58984.74023607375,0.6399887534168867,272.89476357475064,170.13522632823452,86.10482213927959,55198.17493384802,71597.76335758109,0.19821394875690765,18309.863445440635,-3.715170554751469e-14,0.0,0.0,779.704357129214,0.0,775.4687325180686,0.0,0.0,272.570867583464,0.0,16750.354415821803
40000.0,0.1525,0.5060963791418042,5.060963791418042e-10,8.72183961622518,0.00027336123337049384,1559.4088526149728,1.878143049837871,1048.9901374223682,0.4135290538399862,775.6780214668682,170.1352266097273,86.10482215165335,110385.9365843502,58984.74024194991,0.6399616838922314,272.89476238016834,170.13522660972038,86.10482215164967,55198.17484971492,71597.76334601604,0.19818850180285058,18309.863445329753,-1.0898989137456662e-12,0.0,0.0,779.7043571084783,0.0,775.4687358754076,0.0,0.0,272.57088015562357,0.0,16750.354428622024
40000.0,0.1575,0.5060963792397736,5.060963792397736e-10,8.721838611422692,0.00027336146368873873,1559.4088526003322,1.8781215668040658,1048.9901283674617,0.4135238141374128,775.6780171645105,170.13522667873073,86.1048222032344,110385.93661857398,58984.7402758313,0.639968907657422,272.8947576920402,170.13522667878934,86.10482220323327,55198.17485961873,71597.76333633412,0.19822017114684962,18309.863444365932,1.4171693921749238e-10,0.0,0.0,779.7043624685887,0.0,775.4687341462549,0.0,0.0,272.57087707515365,0.0,16750.354407411327
40000.0,0.1625,0.5060963787388678,5.060963787388679e-10,8.721838597780135,0.00027336913761383036,1559.4088526565085,1.8781769358034777,1048.990169598793,0.4135341753620722,775.6780331570983,170.13522631645353,86.10482193467553,110385.93639508373,58984.74010170978,0.6399915852350593,272.8947829179031,170.1352263164615,86.10482193467526,55198.17492519788,71597.7633981565,0.19822046799962095,18309.863456609914,-2.604071511277248e-12,0.0,0.0,779.7043569062944,0.0,775.4687452956198,0.0,0.0,272.5708859365723,0.0,16750.354424793983
40000.0,0.1675,0.5060963806030823,5.060963806030823e-10,8.721838638349759,0.0002733489092573715,1559.4088525919333,1.8781709954983388,1048.9901205353417,0.41352946762835124,775.6780153689954,170.13522634151062,86.1048222645247,110385.93641116984,58984.74031567763,0.6399893347233254,272.894751676137,170.1352263415105,86.10482226452464,55198.17492131538,71597.76332255152,0.19822249140952572,18309.86343887438,-2.0290877364941634e-14,0.0,0.0,779.7043571255211,0.0,775.4687296021535,0.0,0.0,272.57085539020886,0.0,16750.354404937658
40000.0,0.17250000000000001,0.506096379434092,5.060963794340921e-10,8.721838900041725,0.00027337772201959526,1559.4088526245844,1.878178024782111,1048.9901492327917,0.4135365505413716,775.678024212667,170.1352263310587,86.10482206034861,110385.93640510339,58984.740183607624,0.63998958964318,272.8947716870375,170.13522633105848,86.10482206034851,55198.17492314475,71597.76337119652,0.19821415884964735,18309.863453042628,-7.377601723435927e-14,0.0,0.0,779.7043571345523,0.0,775.4687348616742,0.0,0.0,272.5708752728438,0.0,16750.35442330529
40000.0,0.1775,0.5060963798856762,5.060963798856762e-10,8.721839834146524,0.0002733815349874217,1559.4088526169865,1.878180251882473,1048.990139785408,0.413537238661129,775.6780216394986,170.13522631549463,86.10482212930208,110385.93639718431,58984.74022942452,0.6399922500340565,272.8947653799915,170.13522631549444,86.10482212930198,55198.17493244445,71597.76335771158,0.19821686605812108,18309.86344872937,1.0449461617845124e-14,0.0,0.0,779.7043571297916,0.0,775.4687319400639,0.0,0.0,272.5708676190943,0.0,16750.35441763068
40000.0,0.1825,0.5060963801544516,5.060963801544516e-10,8.721843092360947,0.0002733812301140438,1559.408852615735,1.8781721207386648,1048.990130370584,0.4135353730510618,775.6780200835104,170.13522637877395,86.10482220705566,110385.93644617277,58984.74028384977,0.6399899542802477,272.89475953003205,170.1352263787733,86.10482220705543,55198.17493748758,71597.76334905557,0.19821728995522794,18309.863443888124,-1.3010951917986224e-14,0.0,0.0,779.7043571292108,0.0,775.4687313281154,0.0,0.0,272.57086293083233,0.0,16750.354412572906
40000.0,0.1875,0.5060963799845356,5.060963799845356e-10,8.721854473895156,0.0002733877650456349,1559.4088526136604,1.8781470870990007,1048.9901193948806,0.41353093813450637,775.6780165252728,170.1352265850638,86.10482228254953,110385.9366075984,58984.7403468016,0.6399832097655126,272.8947591267561,170.1352265850633,86.10482228254921,55198.174958151816,71597.76336707035,0.19821785661094035,18309.863450101602,-1.0605547431654445e-13,0.0,0.0,779.7043571238572,0.0,775.468730011399,0.0,0.0,272.5708659376375,0.0,16750.354418515682
40000.0,0.1925,0.5060963797508213,5.060963797508214e-10,8.721893630985187,0.0002734041383742098,1559.408852645595,1.8780598181293584,1048.9900852357098,0.413514019679794,775.6780151294092,170.13522729605538,86.10482260261738,110385.93716519218,58984.74060285846,0.639960538062173,272.8947504919248,170.13522729605987,86.10482260261767,55198.17503093947,71597.76341168548,0.19822297486661483,18309.863447674805,-2.5405036133982745e-12,0.0,0.0,779.7043571371797,0.0,775.468737180504,0.0,0.0,272.5708687803816,0.0,16750.35441357699
40000.0,0.1975,0.506096379000504,5.06096379000504e-10,8.722026559266832,0.0002734745868226282,1559.4088527255415,1.877758065784353,1048.9899505450226,0.41346041722356075,775.6779964950466,170.1352298164537,86.1048237505258,110385.9391231142,58984.74151141457,0.6398736170762604,272.89471603288956,170.13522981646113,86.10482375052953,55198.175261729346,71597.76355570053,0.1982213710392979,18309.863454383772,7.242285143800685e-14,0.0,0.0,779.7043571605108,0.0,775.4687456750313,0.0,0.0,272.5708783122699,0.0,16750.35442094543
40000.0,0.2025,0.5060963765833641,5.060963765833641e-10,8.722466320381539,0.0002737555419805401,1559.408852985748,1.876775512669913,1048.9895077148317,0.4132936777536318,775.6779375003375,170.13523819190684,86.10482757807164,110385.94562463925,58984.74453528991,0.6395922424367038,272.8946026852906,170.13523819192125,86.10482757807883,55198.17607709302,71597.76405690567,0.19821183500539377,18309.86347873268,2.0843597570277916e-13,0.0,0.0,779.7043572273118,0.0,775.4687710479072,0.0,0.0,272.5709073675716,0.0,16750.354450002218
40000.0,0.20750000000000002,0.5060963703331014,5.060963703331015e-10,8.723888012274356,0.0002746727346364071,1559.4088540189541,1.873730290202672,1048.9881374056934,0.4127704747226781,775.6777904003784,170.13526448437403,86.10483982120391,110385.9661484882,58984.75423339519,0.6388004146010311,272.8942550144967,170.1352644843366,86.10483982118491,55198.179149716256,71597.76581596423,0.1983087127018104,18309.863545327666,-3.434187998030332e-13,0.0,0.0,779.704357490764,0.0,775.4688887706634,0.0,0.0,272.57096054284915,0.0,16750.354467020046
40000.0,0.2125,0.506096338278678,5.06096338278678e-10,8.728377080610183,0.00027747909687851407,1559.4088578928076,1.8640025355461312,1048.984041683053,0.4110863534448514,775.6774505866566,170.1353498121562,86.1048775516942,110386.0323907664,58984.78422499611,0.636196256460608,272.89325213262913,170.13534981216714,86.10487755169976,55198.188930063254,71597.7718583038,0.19852000670715883,18309.863838772788,3.1127302158525716e-14,0.0,0.0,779.7043587308306,0.0,775.4694012884572,0.0,0.0,272.5712755368098,0.0,16750.354651062247
40000.0,0.2175,0.5060962045556473,5.060962045556474e-10,8.742110986547194,0.0002864032610588557,1559.4088726142095,1.8346137398829703,1048.9726298791945,0.4060401967306933,775.6770334150723,170.13561387342023,86.10498844108311,110386.23674787702,58984.87290861286,0.6283513023399112,272.8906070252414,170.13561387343555,86.10498844109088,55198.220737887365,71597.79251975658,0.1991547011907275,18309.864926650986,-2.2401588222750606e-14,0.0,0.0,779.7043638333148,0.0,775.4715380126112,0.0,0.0,272.5726008160008,0.0,16750.355407547602
40000.0,0.2225,0.506095643934287,5.060956439342869e-10,8.783026389441295,0.0003145381172601639,1559.4089290490244,1.7498434917349857,1048.9442496934234,0.39155167727968987,775.6787867103669,170.136399778509,86.1052908025658,110386.84230352836,58985.117577196,0.6058776103647157,272.8846694319213,170.1363997784929,86.10529080255765,55198.32112930479,71597.86236382145,0.2011995520465544,18309.869115506444,-7.129529552503392e-14,0.0,0.0,779.7043849313243,0.0,775.4806241121453,0.0,0.0,272.5780374125569,0.0,16750.3585194242
40000.0,0.2275,0.5060933645586638,5.060933645586638e-10,8.903685805556483,0.00041489738090431775,1559.4091444624396,1.523045393652171,1048.888673954,0.3537175147735495,775.6972730606964,170.13860596027428,86.10601953175595,110388.53448851735,58985.7226969578,0.5471782698932111,272.87653510443215,170.13860596028184,86.1060195317598,55198.63175926981,71598.09651100487,0.20844361547508422,18309.88514009902,5.778117045202683e-14,0.0,0.0,779.7044672428167,0.0,775.5182589735376,0.0,0.0,272.59961181281,0.0,16750.37071368288
40000.0,0.2325,0.5060849334233203,5.060849334233204e-10,9.280893650575576,0.0009868810437450655,1559.4099185312355,0.9968413040602268,1048.8454667166902,0.2750941352766737,775.8066064008906,170.14418169923428,86.10740686762229,110392.80547378765,58986.95444678886,0.4256939889737593,272.8890322620052,170.14418169922888,86.10740686761956,55199.598559260114,71598.86474574072,0.24993952948769255,18309.943038187605,2.250288755103342e-14,0.0,0.0,779.7047095428053,0.0,775.6673854037535,0.0,0.0,272.67359494793624,0.0,16750.40712847168
40000.0,0.2375,0.5060724518100829,5.060724518100829e-10,10.218157673814066,0.008536578440105106,1559.4104481994823,0.3604445822280504,1049.022215262029,0.29522605370391575,776.2834649089025,170.15322757911005,86.10986106435887,110400.12517682213,58989.274273839874,0.48687845522972434,272.9521375924204,170.15322757913023,86.10986106436046,55203.21664138042,71601.0043356955,0.8191311417420908,18309.985747287403,-3.1915227614018787e-12,0.0,0.0,779.7030629824226,0.0,776.1340623767129,0.0,0.0,272.7057482284366,0.0,16750.16507527856
40000.0,0.2425,0.5060269122401735,5.060269122401736e-10,10.345470368136573,0.011446009186629422,1559.406010641654,0.3027485722672216,1049.1250447803973,0.33547227131873114,778.0980639880923,170.17713404942478,86.11420967691251,110416.01667995426,58995.25766980078,0.5762525907325781,272.82576415530673,170.17713404942558,86.114209676913,55211.652737972545,71605.177946478,1.0550035643249134,18309.63308900118,1.3401691278303966e-13,0.0,0.0,779.7001093395838,0.0,777.928305978393,0.0,0.0,271.04353982536867,1.4906250094850224,16749.699010130993
40000.0,0.2475,0.5057698476676111,5.057698476676112e-10,10.345470543806517,0.011450846056847647,1559.405059756171,0.3028022961861413,1048.775534850969,0.33555202650248966,786.0066897054043,170.2251824410813,86.09476459241701,110447.19192355608,58998.80374038022,0.5764022859355078,272.64982053261843,170.22518244108147,86.09476459241716,55227.24128683388,71613.74656504468,1.0552948184242619,18309.51476258825,1.6187118118042652e-15,0.0,0.0,779.6996341317192,0.0,785.8369776080998,0.0,0.0,262.78540897167807,9.57288466459331,16749.581758024477
40000.0,0.2525,0.5205567128815056,5.205567128815056e-10,12.531604158506289,0.004316442927527751,0.0022469389585544975,0.009826784419049849,12928.47649094102,27.150137313830545,13001.206782099262,170.1436061510427,88.56939633579232,110447.31169034172,57611.74865023663,0.00013246349758479472,0.22741367477243754,170.14360615104277,88.56939633579232,55251.65525700617,67664.69329857182,0.41150711738268075,0.21421279235187668,-1.3305808983847119e-08,0.0,0.0,0.0,0.0,12928.471375541523,0.0,58.602220343288245,0.0,0.22734472000955802,0.0
40000.0,0.2575,0.5202936812210482,5.202936812210483e-10,12.53165648905343,0.0016944272600782626,0.0008815997967074137,0.00983059679494096,12928.26187392295,26.918350077848448,13009.19008992594,170.19187385832268,88.549756563655,110478.16003638208,57615.05083340932,0.00012927301888308648,0.05331065607652108,170.19187385832268,88.54975656365501,55266.35252855905,67673.46653565612,0.16591431413156352,0.08632416926677658,3.6182059887319483e-13,0.0,0.0,0.0,0.0,12928.256759121623,0.0,66.9278833463022,0.0,0.053243396141643834,0.0
40000.0,0.2625,0.5202320254661769,5.202320254661769e-10,12.531678715023922,0.0006053707303049447,0.00031495436925726137,0.009832569924737586,12928.211563711455,26.81958495606846,13011.03831435417,170.21722968570148,88.55245416863396,110494.41175526817,57620.51541390484,0.00012792128233378628,0.01249957599576798,170.21722968570126,88.55245416863379,55274.167280693175,67677.79512971442,0.060558669274146194,0.03150455917602534,7.338027000990207e-08,0.0,0.0,0.0,0.0,12928.20644849259,0.0,68.87945887628523,0.0,0.012433027247959244,0.0
40000.0,0.2675,0.5202175698020626,5.202175698020625e-10,12.531687069370754,0.00020637683463722213,0.00010736085537841784,0.009833262371049922,12928.19976959282,26.782401979739372,13011.464349281721,170.2284405873911,88.5558256735674,110501.61047496372,57623.55902836688,0.00012739951156145397,0.0029311563506220677,170.22844058739108,88.55582567356737,55277.64906820148,67679.66799298463,0.020662685884009678,0.010749092236162897,-1.0206042423730479e-13,0.0,0.0,0.0,0.0,12928.194654154391,0.0,69.33701905911053,0.0,0.002864880886323598,0.0
40000.0,0.2725,0.5202141830799916,5.202141830799916e-10,12.53168999638832,7.141122256492664e-05,3.70958756515886e-05,0.009833619911732693,12928.197004606754,26.76953495945343,13011.562005087968,170.2328744147392,88.55755569702227,110504.46123704559,57624.87771255834,0.00012721804679718826,0.0006835546565428703,170.23287441473906,88.55755569702224,55279.03350039903,67680.40260422816,0.006722694105559175,0.0034972408222201413,-8.998717122895443e-08,0.0,0.0,0.0,0.0,12928.191889018875,0.0,69.44422431257567,0.0,0.0006173740242552387,0.0
40000.0,0.2775,0.520213387992708,5.20213387992708e-10,12.531691019383885,2.808218424402589e-05,1.4599913993079392e-05,0.00983374208790403,12928.19635652305,26.765341316314775,13011.584332347404,170.2344962895459,88.55826406801674,110505.50507198235,57625.382139777925,0.00012715900379439498,0.0001407768646729299,170.23449628954592,88.55826406801674,55279.54195137598,67680.67048228321,0.0021186854693771634,0.0011021685461156151,-4.7670375223040825e-09,0.0,0.0,0.0,0.0,12928.191240875696,0.0,69.46940258425582,0.0,7.462704849527007e-05,0.0
40000.0,0.28250000000000003,0.5202132015791863,5.202132015791863e-10,12.53169116395983,1.4769351972334372e-05,7.683211874777933e-06,0.0098336937735888,12928.196204513413,26.763972409008392,13011.589327282254,170.23505675736706,88.55852389676441,110505.8658944941,57625.56082347901,9.842478968551337e-05,5.120187495705898e-05,170.23505675736698,88.55852389676434,55279.718028079944,67680.76289769675,0.0006602355953790759,0.00034346327286868936,-3.6968878684471635e-14,0.0,0.0,0.0,0.0,12928.19108889655,0.0,69.47526661280128,0.0,0.0,0.0
40000.0,0.2875,0.5202131586136993,5.202131586136993e-10,12.531691225683373,1.0811525863810542e-05,5.624298019046587e-06,0.009833714026743488,12928.196168931947,26.76370106412553,13011.590488767093,170.23524124874908,88.55861255737688,110505.98493783243,57625.62068222315,4.436273923335903e-05,2.307808070134158e-05,170.23524124874913,88.55861255737689,55279.77632373035,67680.79342073515,0.00021287073464944798,0.00011073815724840796,7.267876592151316e-14,0.0,0.0,0.0,0.0,12928.191053305209,0.0,69.47660599627254,0.0,0.0,0.0
40000.0,0.2925,0.5202131462086128,5.202131462086128e-10,12.531690994750594,9.67153704488046e-06,5.031260714790413e-06,0.009833692860677982,12928.196160578402,26.763478631402485,13011.590748931198,170.2353009225576,88.55864148869365,110506.0231599662,57625.63996414257,2.0123217662215888e-05,1.0468362371902052e-05,170.2353009225576,88.55864148869367,55279.79491885937,67680.80315248705,7.912079907144108e-05,4.1159679815493866e-05,-5.809051749057742e-14,0.0,0.0,0.0,0.0,12928.191044962048,0.0,69.4769905465722,0.0,0.0,0.0
40000.0,0.2975,0.5202131446616158,5.202131446616159e-10,12.531690980720981,9.34398945518356e-06,4.860866138166017e-06,0.009833714235840698,12928.196158613207,26.763450918508738,13011.59078149813,170.2353192021258,88.55865073461182,110506.03494498096,57625.64602190992,1.0588403172885532e-05,5.508226511511813e-06,170.23531920212577,88.5586507346118,55279.8006953791,67680.80616406389,3.996176143125968e-05,2.0788633580372864e-05,1.2099878845517094e-14,0.0,0.0,0.0,0.0,12928.191042985565,0.0,69.47703954827736,0.0,0.0,0.0
40000.0,0.3025,0.5202131457194361,5.202131457194362e-10,12.5316910616189,9.214563185345138e-06,4.793536901078903e-06,0.009833734242991068,12928.196158155992,26.763518116141885,13011.590784537786,170.23532431356625,88.5586535737287,110506.03838875225,57625.647867239095,7.135731197988283e-06,3.7121011735138046e-06,170.23532431356654,88.55865357372876,55279.80245830457,67680.8070752143,2.8695039853014445e-05,1.4927536948481232e-05,-1.6911953628668614e-13,0.0,0.0,0.0,0.0,12928.191042515486,0.0,69.47700807645552,0.0,0.0,0.0
40000.0,0.3075,0.5202131433144275,5.202131433144274e-10,12.53169096642121,9.1745795543457e-06,4.799179474578649e-06,0.009833685604614312,12928.196158041821,26.763435813606172,13011.590814426174,170.23532640621775,88.55865425293608,110506.03957957997,57625.648366738336,5.9562517860828765e-06,3.0985205213538546e-06,170.23532640621767,88.55865425293607,55279.80296379496,67680.80735071051,2.550091345428081e-05,1.3265910345440594e-05,2.3926877797833237e-08,0.0,0.0,0.0,0.0,12928.191042446651,0.0,69.47708090013883,0.0,0.0,0.0
40000.0,0.3125,0.5202131449803055,5.202131449803054e-10,12.531691017971784,9.21016478086334e-06,4.791248786439763e-06,0.009833704436415756,12928.196158028615,26.763477844414982,13011.590785939781,170.23532664507292,88.55865466078293,110506.03981776729,57625.648573995975,5.570567963925549e-06,2.8978826798402467e-06,170.2353266450729,88.55865466078295,55279.803122736615,67680.80742469792,2.4606776154233614e-05,1.2800768411020254e-05,1.4029105360524572e-14,0.0,0.0,0.0,0.0,12928.191042401106,0.0,69.47703056148971,0.0,0.0,0.0
40000.0,0.3175,0.5202131430637195,5.202131430637194e-10,12.531690932544487,9.20380626774074e-06,4.787940986690972e-06,0.009833702230067307,12928.19615801338,26.763420876358857,13011.590814228557,170.23532710272698,88.55865457258997,110506.04000044601,57625.64857323986,5.448696975962345e-06,2.834483779467155e-06,170.2353271027269,88.55865457258993,55279.80315645957,67680.80745223601,2.4359217500719185e-05,1.2671985098621883e-05,4.0408605130020036e-14,0.0,0.0,0.0,0.0,12928.191042393084,0.0,69.47708854340803,0.0,0.0,0.0
40000.0,0.3225,0.5202131458612891,5.20213145861289e-10,12.531691061768187,9.197565417430546e-06,4.784038918837527e-06,0.009833762961529177,12928.196158010254,26.763526601306122,13011.590784689806,170.23532654582527,88.55865475912758,110506.03985039357,57625.648635170764,5.4112373000603e-06,2.814996778258823e-06,170.23532654582527,88.55865475912759,55279.80318715691,67680.80745356512,2.4291334370968283e-05,1.263667147028987e-05,-8.633325060775037e-09,0.0,0.0,0.0,0.0,12928.191042358161,0.0,69.47700396144322,0.0,0.0,0.0
40000.0,0.3275,0.5202131442192361,5.202131442192362e-10,12.531691051587694,9.236425557328916e-06,4.804915261114881e-06,0.009833748063947606,12928.196158028986,26.763515525310428,13011.590828537124,170.23532661917127,88.55865451774771,110506.03987590385,57625.64856622173,5.399983131668417e-06,2.809142274866393e-06,170.2353266191713,88.55865451774763,55279.803188649355,67680.80746295335,2.4272878426869243e-05,1.2627070405692914e-05,5.805889368284594e-08,0.0,0.0,0.0,0.0,12928.191042381788,0.0,69.47705360392146,0.0,0.0,0.0
40000.0,0.3325,0.5202131437313768,5.202131437313768e-10,12.531690989013416,9.229926834741775e-06,4.797139264894089e-06,0.009833677028928327,12928.196158013881,26.763449300406965,13011.590808830373,170.23532699533374,88.55865463038148,110506.03998760533,57625.64859988596,5.396666594472394e-06,2.807416851943912e-06,170.23532699533382,88.55865463038155,55279.80317814578,67680.80746004332,2.426789874940314e-05,1.2624479900181756e-05,-6.543836844903957e-09,0.0,0.0,0.0,0.0,12928.191042412936,0.0,69.47706832590828,0.0,0.0,0.0
40000.0,0.3375,0.5202131434573118,5.202131434573118e-10,12.53169094081484,8.931871840116604e-06,4.787533997553092e-06,0.00983368343304633,12928.196158011699,26.763416762424743,13011.590800181795,170.23532717952847,88.55865467954648,110506.0400423756,57625.648614495076,5.395705716241328e-06,2.8069166676067256e-06,170.2353271795285,88.5586546795465,55279.80317241345,67680.80745869744,2.426656430776139e-05,1.2623785699449565e-05,5.938245146520455e-07,0.0,0.0,0.0,0.0,12928.191042410295,0.0,69.47707661878381,0.0,0.0,0.0
40000.0,0.3425,0.5202131446766547,5.202131446766547e-10,12.531691011705902,9.213685190702214e-06,4.7930801471159215e-06,0.009833715154984895,12928.196158010127,26.76347713757259,13011.59079475413,170.23532683953584,88.55865471025304,110506.03994205398,57625.64862355665,5.395430146039926e-06,2.8067736831546516e-06,170.23532683953587,88.55865471025307,55279.80318333114,67680.80745779179,2.426620884801747e-05,1.2623600814207631e-05,3.910082153519365e-14,0.0,0.0,0.0,0.0,12928.191042381086,0.0,69.47703976869641,0.0,0.0,0.0
40000.0,0.34750000000000003,0.520213145175225,5.202131451752249e-10,12.531691060613241,9.239439485601878e-06,4.806477874461117e-06,0.00983375586591175,12928.196158008663,26.763523126228872,13011.590803612893,170.23532658051934,88.55865466038354,110506.03986588489,57625.64860891438,5.395352603902267e-06,2.8067333474053376e-06,170.23532658051948,88.55865466038362,55279.80319134656,67680.807459342,2.4266114682375715e-05,1.2623551840101375e-05,9.996822542500756e-15,0.0,0.0,0.0,0.0,12928.191042359435,0.0,69.47702471210991,0.0,0.0,0.0
40000.0,0.35250000000000004,0.5202131451282777,5.202131451282777e-10,12.53169105709997,9.101832694882786e-06,4.7348955362694675e-06,0.009833742381985299,12928.19615802126,26.763518808381125,13011.59080278861,170.23532660458116,88.55865466490873,110506.03987313356,57625.648610305914,5.395330725666904e-06,2.806721994216812e-06,170.23532660458096,88.55865466490859,55279.80319050461,67680.80745916227,2.4266089883356134e-05,1.2623538938186179e-05,1.4307043248495881e-08,0.0,0.0,0.0,0.0,12928.191042373228,0.0,69.47702611676678,0.0,0.0,0.0
40000.0,0.3575,0.5202131447693972,5.202131447693972e-10,12.531691057253276,9.24623935902216e-06,4.810015254247492e-06,0.00983374223453165,12928.196158019442,26.763520134416297,13011.590814319512,170.23532659749904,88.55865460013038,110506.03987103711,57625.64859125836,5.3953248908867276e-06,2.8067189285407892e-06,170.2353265974988,88.55865460013027,55279.803190937026,67680.80746125706,2.4266083377538856e-05,1.2623535545065884e-05,3.0634070280096194e-14,0.0,0.0,0.0,0.0,12928.191042377592,0.0,69.47703696731993,0.0,0.0,0.0
40000.0,0.3625,0.5202131448135197,5.202131448135196e-10,12.531691047824163,9.206114612770038e-06,4.789141834222799e-06,0.00983370985420889,12928.196158017789,26.763494753354333,13011.590799779839,170.23532674029204,88.55865468192438,110506.03991247727,57625.648614986676,5.395323243707646e-06,2.8067180718946343e-06,170.23532674029246,88.5586546819246,55279.80318614924,67680.80745855048,2.42660816992395e-05,1.2623534673063178e-05,-4.3718538033539154e-14,0.0,0.0,0.0,0.0,12928.191042392436,0.0,69.47703561611604,0.0,0.0,0.0
40000.0,0.3675,0.520213143996234,5.20213143996234e-10,12.531690975468619,9.236428857223414e-06,4.804911695113735e-06,0.009833701351394575,12928.196158015151,26.76344757582012,13011.590799936803,170.23532700621067,88.55865468112786,110506.03999128296,57625.648615120546,5.3953228059682835e-06,2.806717839767344e-06,170.23532700621058,88.55865468112788,55279.803178451744,67680.80745879022,2.426608129532055e-05,1.262353444310691e-05,-9.758121939614652e-14,0.0,0.0,0.0,0.0,12928.191042399332,0.0,69.47706032969741,0.0,0.0,0.0
40000.0,0.3725,0.5202131433241579,5.202131433241579e-10,12.531690963640271,9.199523469355994e-06,4.7857183302444545e-06,0.009833701904033447,12928.196158013347,26.763429557753593,13011.590810870404,170.23532710756368,88.55865461944192,110506.04002085979,57625.648596892985,5.395322664377977e-06,2.8067177633896605e-06,170.2353271075636,88.55865461944188,55279.80317507688,67680.80746057372,2.4266081195270428e-05,1.262353437475087e-05,1.1934624672429273e-08,0.0,0.0,0.0,0.0,12928.19104239567,0.0,69.47708066277046,0.0,0.0,0.0
40000.0,0.3775,0.5202131454670889,5.202131454670889e-10,12.531691119137049,9.206518639811673e-06,4.789356817236933e-06,0.009833723352419057,12928.196158019167,26.7635515972393,13011.590809577214,170.23532642037506,88.55865462675995,110506.03981891835,57625.648599046035,5.395322606435982e-06,2.806717742944878e-06,170.235326420375,88.5586546267599,55279.80319609272,67680.8074603681,2.4266081067745213e-05,1.262353436041111e-05,7.56183429604577e-08,0.0,0.0,0.0,0.0,12928.191042383749,0.0,69.47701585663765,0.0,0.0,0.0
40000.0,0.3825,0.5202131457834647,5.202131457834647e-10,12.53169107509452,9.216250867163034e-06,4.7944148559364665e-06,0.009833704251016356,12928.196158005081,26.763517301228706,13011.590782198007,170.2353266133787,88.5586547810213,110506.03987567557,57625.64864437117,5.395322655810028e-06,2.806717771295732e-06,170.23532661337876,88.55865478102133,55279.80319030225,67680.80745564344,2.426608108764415e-05,1.2623534378440003e-05,-6.05082551922271e-14,0.0,0.0,0.0,0.0,12928.191042382652,0.0,69.4770062881199,0.0,0.0,0.0
40000.0,0.3875,0.5202131428490255,5.202131428490255e-10,12.531690979252058,9.199534252299682e-06,4.785718626136079e-06,0.009833661487768056,12928.196158019739,26.76343551123059,13011.590828328122,170.23532707413153,88.55865452116576,110506.04001113934,57625.648568010256,5.395322625098422e-06,2.806717739486905e-06,170.23532707413153,88.55865452116576,55279.803176130656,67680.8074636052,2.426608115136786e-05,1.2623534340382579e-05,-6.424578142038591e-14,0.0,0.0,0.0,0.0,12928.191042419727,0.0,69.4770950077126,0.0,0.0,0.0
40000.0,0.3925,0.5202131460651335,5.202131460651334e-10,12.531691116356223,9.242334264427529e-06,4.790361635738577e-06,0.009833724836735684,12928.196157993238,26.763550671353734,13011.590791057031,170.235326425255,88.55865473110696,110506.0398202838,57625.64862973323,5.395322528331366e-06,2.806717744957096e-06,170.2353264252553,88.55865473110696,55279.80319599925,67680.80745714836,2.4266081058374078e-05,1.2623534370048324e-05,5.2751284014624796e-08,0.0,0.0,0.0,0.0,12928.191042347524,0.0,69.47699780743515,0.0,0.0,0.0
40000.0,0.3975,0.5202131458984243,5.202131458984243e-10,12.531691059863498,9.201129572276757e-06,4.786548560613114e-06,0.009833753943279417,12928.196158052933,26.763522114951993,13011.590781213157,170.23532658634878,88.55865478653034,110506.03986798451,57625.6486458895,5.3953226180297685e-06,2.8067177522621886e-06,170.23532658634858,88.55865478653034,55279.80319125834,67680.80745549506,2.4266081081209422e-05,1.262353437788219e-05,-1.9683053899286705e-13,0.0,0.0,0.0,0.0,12928.191042380317,0.0,69.47700281342821,0.0,0.0,0.0
40000.0,0.4025,0.5202131435666038,5.202131435666038e-10,12.531691036195028,9.209750443575118e-06,4.791033229716135e-06,0.009833603180229732,12928.19615800391,26.76348204048126,13011.59083084543,170.2353268120146,88.55865450696625,110506.03993425737,57625.64856386826,5.3953226191403456e-06,2.8067177402590016e-06,170.23532681201462,88.55865450696625,55279.803184134515,67680.80746403539,2.426608111334424e-05,1.2623534338015003e-05,-6.0179263879453165e-15,0.0,0.0,0.0,0.0,12928.191042434551,0.0,69.47707328582062,0.0,0.0,0.0
40000.0,0.40750000000000003,0.5202131432080659,5.202131432080659e-10,12.531690967626988,9.20639299127866e-06,4.789286635601781e-06,0.009833705126223134,12928.19615801375,26.76343403931248,13011.590816713178,170.2353270823737,88.5586545865748,110506.04001346552,57625.64858723343,5.395322634101024e-06,2.8067177461073152e-06,170.2353270823737,88.5586545865748,55279.80317585602,67680.80746158893,2.4266081151874145e-05,1.2623534349358453e-05,1.5542489175785278e-13,0.0,0.0,0.0,0.0,12928.191042389964,0.0,69.47708418069942,0.0,0.0,0.0
40000.0,0.41250000000000003,0.5202131452165398,5.202131452165398e-10,12.531691061064993,9.203592094047235e-06,4.787829590534393e-06,0.00983372885948476,12928.196158024008,26.763520900519392,13011.590801213786,170.23532659293323,88.55865467387466,110506.03987011121,57625.64861285464,5.39532262200201e-06,2.8067177506496145e-06,170.2353265929349,88.55865467387464,55279.80319119544,67680.80745892142,2.4266081082105078e-05,1.262353436180146e-05,3.5064676142887106e-13,0.0,0.0,0.0,0.0,12928.191042385875,0.0,69.47702343287861,0.0,0.0,0.0
40000.0,0.4175,0.5202131439903084,5.202131439903085e-10,12.531690908592367,9.21186796967207e-06,4.792134798526726e-06,0.009833696252409409,12928.196158006835,26.763402642764365,13011.590776742209,170.23532725914592,88.55865481169934,110506.04006540196,57625.64865338334,5.395322644098248e-06,2.8067177555284536e-06,170.23532725914598,88.55865481169936,55279.80317047824,67680.8074546873,2.4266081177069408e-05,1.2623534381447319e-05,3.5281179632532712e-15,0.0,0.0,0.0,0.0,12928.191042388778,0.0,69.477060520727,0.0,0.0,0.0
40000.0,0.4225,0.5202131449889078,5.202131449889079e-10,12.531691056355225,9.191954741756574e-06,4.781775684804891e-06,0.009833741871316784,12928.196158007719,26.76351848895278,13011.590806830398,170.23532660670625,88.55865464228857,110506.03987363662,57625.64860361695,5.395322619682519e-06,2.8067177482148353e-06,170.23532660670617,88.55865464228853,55279.80319052653,67680.80745988876,2.4266081084067674e-05,1.262353435729869e-05,-2.1811204156044246e-15,0.0,0.0,0.0,0.0,12928.191042366785,0.0,69.47703033962873,0.0,0.0,0.0
40000.0,0.4275,0.520213143096044,5.20213143096044e-10,12.531690977136769,9.251623685440319e-06,4.812816236144714e-06,0.009833717442090342,12928.196158023642,26.76344006568392,13011.59082323645,170.23532704837947,88.55865454982047,110506.04000344673,57625.64857642509,5.395322589260391e-06,2.806717722176235e-06,170.23532704837928,88.5586545498204,55279.803177046306,67680.8074627684,2.4266081147025657e-05,1.2623534344117874e-05,5.4278618721518765e-14,0.0,0.0,0.0,0.0,12928.191042393675,0.0,69.47708756499617,0.0,0.0,0.0
40000.0,0.4325,0.5202131447288574,5.202131447288574e-10,12.531691060543698,9.208697924700885e-06,4.79048570626675e-06,0.00983371458186529,12928.196158019957,26.763509382079818,13011.590809947933,170.23532665793908,88.55865462467078,110506.03988877205,57625.64859841859,5.395322622130649e-06,2.8067177480853294e-06,170.23532665793905,88.55865462467078,55279.803188919286,67680.80746043284,2.4266081091370592e-05,1.262353435478736e-05,-8.819625783401374e-14,0.0,0.0,0.0,0.0,12928.191042392851,0.0,69.47703817652145,0.0,0.0,0.0
40000.0,0.4375,0.5202131448082525,5.202131448082526e-10,12.531691060739886,9.337758858979402e-06,4.787127010745155e-06,0.00983370361280437,12928.196158007697,26.76351531569929,13011.590810701508,170.23532662388473,88.55865462047116,110506.03987912904,57625.64859721202,5.3953225228662665e-06,2.8067177573121953e-06,170.23532662388524,88.55865462047115,55279.80319020577,67680.80746055703,2.4266081086516344e-05,1.2623534354188728e-05,4.4328115155833545e-07,0.0,0.0,0.0,0.0,12928.191042331078,0.0,69.47703584398317,0.0,0.0,0.0
40000.0,0.4425,0.5202131467228823,5.202131467228822e-10,12.531691118791906,9.18310069797602e-06,4.777169710767202e-06,0.009833723009832197,12928.196158016985,26.763552375235637,13011.590772053814,170.23532641574806,88.55865483813331,110506.03981760908,57625.648661142135,5.3953225774596635e-06,2.8067177356053035e-06,170.23532641574803,88.55865483813326,55279.80319631416,67680.80745387802,2.4266081056847633e-05,1.2623534385215233e-05,-7.134636119207368e-14,0.0,0.0,0.0,0.0,12928.191042385359,0.0,69.47697786955834,0.0,0.0,0.0
40000.0,0.4475,0.520213144373967,5.20213144373967e-10,12.531691059489646,9.213879378725133e-06,4.793181163489055e-06,0.009833744320719267,12928.196158017647,26.76352174289804,13011.59082710702,170.23532658829518,88.55865452802622,110506.03986825507,57625.64857004808,5.395322640992044e-06,2.806717755982527e-06,170.23532658829504,88.55865452802615,55279.80319112712,67680.8074634188,2.426608108144324e-05,1.2623534341011223e-05,3.710565788933628e-14,0.0,0.0,0.0,0.0,12928.191042374183,0.0,69.47704893211188,0.0,0.0,0.0
40000.0,0.4525,0.5202131456029726,5.202131456029726e-10,12.531691052326233,9.215107767052305e-06,4.793820198568665e-06,0.009833746133031498,12928.1961580138,26.763517283886063,13011.590787644409,170.23532661339038,88.55865475030124,110506.03987561878,57625.64863534666,5.395322633304166e-06,2.8067177586140743e-06,170.23532661339033,88.55865475030124,55279.803190315586,67680.8074565829,2.4266081085020423e-05,1.2623534372695271e-05,-1.4702790422388127e-14,0.0,0.0,0.0,0.0,12928.191042369093,0.0,69.47701176279638,0.0,0.0,0.0
40000.0,0.4575,0.5202131442402074,5.202131442402074e-10,12.531690988727552,9.201144886898774e-06,4.7865565122233175e-06,0.009833676613718383,12928.196157998686,26.76344905519095,13011.590793331776,170.23532699779116,88.55865471828082,110506.03998845124,57625.64862581499,5.395322608339248e-06,2.806717738274437e-06,170.2353269977919,88.5586547182812,55279.80317831528,67680.80745746184,2.4266081139814575e-05,1.2623534368130939e-05,2.0383598704012752e-14,0.0,0.0,0.0,0.0,12928.19104239126,0.0,69.47705295900158,0.0,0.0,0.0
40000.0,0.4625,0.520213143769297,5.20213143769297e-10,12.531691054471015,9.204115182711127e-06,4.788101694812873e-06,0.009833748073943238,12928.196158033732,26.763516367797877,13011.590842584064,170.23532661852408,88.55865444081549,110506.03987706483,57625.64854435646,5.3953226265587025e-06,2.8067177452117227e-06,170.23532661852394,88.55865444081547,55279.80319015561,67680.80746607178,2.42660810857522e-05,1.2623534328579828e-05,1.326963696527318e-13,0.0,0.0,0.0,0.0,12928.191042387645,0.0,69.47706720715487,0.0,0.0,0.0
40000.0,0.4675,0.5202131458940601,5.202131458940601e-10,12.531691067890401,9.194969205818328e-06,4.783343856957761e-06,0.00983374840990717,12928.196158016022,26.763529142623938,13011.590785017082,170.23532654668512,88.55865476515366,110506.03985605747,57625.64863972714,5.395322638346919e-06,2.8067177628078916e-06,170.23532654668497,88.55865476515358,55279.80319239573,67680.80745614745,2.426608107551196e-05,1.2623534374812394e-05,5.5997280459993e-14,0.0,0.0,0.0,0.0,12928.191042370989,0.0,69.47700295585511,0.0,0.0,0.0
40000.0,0.47250000000000003,0.5202131447787399,5.202131447787399e-10,12.531691057210674,9.233910203721585e-06,4.803601465682501e-06,0.009833736485440885,12928.196158022598,26.76351534836308,13011.59081154971,170.23532662409042,88.55865461555403,110506.03987874021,57625.64859573624,5.395322621718032e-06,2.806717748139813e-06,170.23532662409016,88.5586546155539,55279.803190012404,67680.80746072707,2.4266081086545638e-05,1.262353435348781e-05,1.2965551030999405e-14,0.0,0.0,0.0,0.0,12928.191042383087,0.0,69.47703667858353,0.0,0.0,0.0
40000.0,0.47750000000000004,0.5202131450921834,5.202131450921833e-10,12.531691061022899,9.206327576738175e-06,4.789252623443866e-06,0.009833756229922564,12928.196158012857,26.763523328629248,13011.590806227236,170.23532657955562,88.55865464574559,110506.03986573085,57625.64860466875,5.395322478006969e-06,2.8067176750705574e-06,170.23532657955562,88.5586546457456,55279.803191407795,67680.80745981472,2.426608108019748e-05,1.2623534357791457e-05,-1.668476636609259e-14,0.0,0.0,0.0,0.0,12928.191042364127,0.0,69.47702721871377,0.0,0.0,0.0
40000.0,0.4825,0.5202131441633937,5.202131441633936e-10,12.53169097257766,9.21394081666795e-06,4.7932131223742624e-06,0.009833700955986147,12928.196158011719,26.763445331526466,13011.590793719237,170.23532701878835,88.55865471612742,110506.03999481071,57625.64862531267,5.3953227282524236e-06,2.8067178002404125e-06,170.23532701878835,88.55865471612742,55279.80317792009,67680.8074576533,2.4266081142807596e-05,1.2623534367823978e-05,-4.0314050377778284e-15,0.0,0.0,0.0,0.0,12928.191042392022,0.0,69.4770552816121,0.0,0.0,0.0
40000.0,0.4875,0.52021314540705,5.2021314540705e-10,12.53169112239408,9.203347084521388e-06,4.787702135111674e-06,0.009833725407859732,12928.196158013645,26.76355488901518,13011.590813118362,170.23532640165877,88.5586546068027,110506.03981329051,57625.64859316556,5.395322621342127e-06,2.8067177513341984e-06,170.2353264016584,88.5586546068026,55279.803196618595,67680.80746096035,2.4266081054839274e-05,1.2623534352240362e-05,-1.1576388397354373e-12,0.0,0.0,0.0,0.0,12928.191042353583,0.0,69.47701770640158,0.0,0.0,0.0
40000.0,0.4925,0.5202131437359396,5.202131437359397e-10,12.531690977722189,9.206384422906098e-06,4.789282183081567e-06,0.009833655497889728,12928.196158002644,26.763435504322295,13011.59080152202,170.2353270741327,88.55865467215048,110506.04001114356,57625.64861239257,5.395322615069338e-06,2.8067177390548317e-06,170.2353270741327,88.55865467215048,55279.80317608939,67680.8074589493,2.4266081150696637e-05,1.2623534361555324e-05,-1.5606609919955752e-14,0.0,0.0,0.0,0.0,12928.19104240591,0.0,69.4770681957445,0.0,0.0,0.0
40000.0,0.4975,0.5202131440259288,5.202131440259287e-10,12.53169097628264,9.191701564698861e-06,4.788242621329661e-06,0.009833701537519295,12928.196158025507,26.7634480311349,13011.590799262778,170.23532700366272,88.55865468485747,110506.03999066347,57625.64861607146,5.395321901593168e-06,2.806717751115814e-06,170.2353270036627,88.55865468485749,55279.80317854736,67680.8074585928,2.4266081140651528e-05,1.262353436336663e-05,-5.193361841543307e-08,0.0,0.0,0.0,0.0,12928.19104243728,0.0,69.47705938909719,0.0,0.0,0.0
50000.0,0.0025,0.5060963803910805,5.060963803910805e-10,8.721838864274094,0.0002733903027756264,1559.4088526085816,1.8781802676243005,1048.9901287860073,0.41353877842690956,775.6780185567223,170.13522632226775,86.10482221871698,110385.93639760042,58984.74028538791,0.6399895680936714,272.8947568699391,170.1352263222715,86.10482221871888,55198.1749223008,71597.76333311952,0.19821176732610704,18309.86343899768,-2.7499358092175953e-14,0.0,0.0,779.7043571217782,0.0,775.468728086154,0.0,0.0,272.57086046930067,0.0,16750.354410493455
50000.0,0.0075,0.5060963788221605,5.060963788221605e-10,8.721839360036578,0.00027335629561105944,1559.4088526225191,1.878172198414147,1048.9901587344646,0.41353116805290724,775.6780255284096,170.13522634661422,86.1048219641101,110385.93641422053,58984.74012068354,0.6399889653438572,272.89477978214575,170.1352263466094,86.10482196410761,55198.1749179588,71597.76339217139,0.19821982410903516,18309.863465904593,-8.073564951433162e-14,0.0,0.0,779.7043571389303,0.0,775.4687389017284,0.0,0.0,272.57088368429834,0.0,16750.354433292574
50000.0,0.0125,0.5060963800541214,5.060963800541214e-10,8.72183917376702,0.0002733580866207166,1559.4088526198761,1.8781688568456438,1048.990135961177,0.41353632968656545,775.6780223625389,170.13522635349483,86.10482217718247,110385.93642648954,58984.74025826776,0.6399802523514896,272.89476006293285,170.13522635344907,86.10482217717417,55198.17490617621,71597.76334128136,0.19821986424458682,18309.863440075867,-3.0975381632152984e-11,0.0,0.0,779.7043571179128,0.0,775.4687331176531,0.0,0.0,272.5708683731003,0.0,16750.354407410152
50000.0,0.0175,0.5060963801730298,5.060963801730299e-10,8.721837587662288,0.0002733838949707375,1559.4088526089279,1.8781866386028323,1048.990136804469,0.4135391975751746,775.6780203646832,170.13522626219347,86.10482215121552,110385.93636178988,58984.740243212895,0.6399939382839841,272.8947622871503,170.1352262622212,86.10482215122954,55198.17494005153,71597.76335058057,0.19821581566356689,18309.863444107214,-3.44257356942872e-14,0.0,0.0,779.7043571251638,0.0,775.4687296737309,0.0,0.0,272.5708636716521,0.0,16750.354413550063
50000.0,0.0225,0.5060963796892638,5.060963796892639e-10,8.72183903072922,0.000273357023205696,1559.4088526213554,1.8781660493434031,1048.9901393172045,0.4135308268519866,775.6780226552092,170.1352264020342,86.10482213968275,110385.93645159666,58984.7402353208,0.6399828944683763,272.894763104281,170.13522640202558,86.10482213967839,55198.17490444561,71597.7633502259,0.19821285399608654,18309.863445361636,-3.3747086875052424e-14,0.0,0.0,779.7043571381927,0.0,775.4687362008419,0.0,0.0,272.57087007832644,0.0,16750.354416277587
50000.0,0.0275,0.5060963795984634,5.060963795984635e-10,8.721841240103103,0.00027335736132107414,1559.4088526150372,1.8781813215366223,1048.9901471229,0.4135336692026951,775.6780226229157,170.13522628495718,86.10482206498179,110385.93638158092,58984.74018564269,0.6399901552603838,272.89477107725304,170.1352262849203,86.10482206497998,55198.17491612835,71597.76336817183,0.19822189983028926,18309.863455172595,3.6413866162014376e-11,0.0,0.0,779.704357104541,0.0,775.4687307473336,0.0,0.0,272.57087486693797,0.0,16750.354423391145
50000.0,0.0325,0.5060963797248388,5.060963797248388e-10,8.721838611560907,0.00027336005931042164,1559.408852617501,1.8781617511147233,1048.9901365343937,0.4135311988607492,775.67802140893,170.13522645259008,86.10482217132146,110385.93648020303,58984.74025370985,0.6399783732852522,272.8947616431488,170.1352264526361,86.10482217134474,55198.174899543774,71597.76334737803,0.1982069215841786,18309.863442113445,-3.953170883955375e-14,0.0,0.0,779.7043571354832,0.0,775.468734766278,0.0,0.0,272.5708709053263,0.0,16750.35441603545
50000.0,0.037500000000000006,0.5060963798805606,5.060963798805605e-10,8.721838602804965,0.00027338974985155934,1559.4088526137668,1.878180012625075,1048.9901386716563,0.4135388182309149,775.6780211358889,170.13522631161672,86.1048221264691,110385.93639620848,58984.74022820929,0.6399890903808887,272.8947640165715,170.1352263115481,86.10482212643493,55198.174920821766,71597.7633527721,0.1982109992330577,18309.863447948253,1.282451547329961e-12,0.0,0.0,779.7043570839992,0.0,775.4687305387289,0.0,0.0,272.5708680340275,0.0,16750.35441982582
50000.0,0.042499999999999996,0.5060963795960185,5.060963795960185e-10,8.72183918725177,0.00027335614390133143,1559.4088526191354,1.878168037621158,1048.9901426381848,0.413530814128748,775.6780231134727,170.1352263854248,86.10482211541249,110385.93643832007,58984.74021829914,0.6399849343339375,272.89476598674537,170.13522638544222,86.10482211542131,55198.17490839586,71597.76335616627,0.19821543971703612,18309.863447740296,2.925884525734859e-14,0.0,0.0,779.7043571372851,0.0,775.4687366655901,0.0,0.0,272.5708719284828,0.0,16750.354417349932
50000.0,0.0475,0.5060963797361835,5.060963797361835e-10,8.721838552131652,0.00027336539326818334,1559.408852615523,1.878172072594736,1048.9901372016043,0.4135315196175561,775.6780213744937,170.13522641221704,86.10482215281608,110385.93644374245,58984.740243038315,0.6399863279788824,272.8947622769465,170.13522641220186,86.10482215281803,55198.17489382218,71597.76334796123,0.19822034032272073,18309.86344493504,-4.4121212375065584e-11,0.0,0.0,779.7043596227963,0.0,775.4687312779824,0.0,0.0,272.5708721731469,0.0,16750.354408737767
50000.0,0.052500000000000005,0.5060963799377609,5.060963799377609e-10,8.721838542206958,0.0002733522804610688,1559.4088526100836,1.878172929145302,1048.9901365546834,0.41353030983536126,775.6780198054169,170.13522632973266,86.10482214536933,110385.93640346795,58984.74023837079,0.639990303843298,272.89476319770137,170.13522632973257,86.10482214536927,55198.174923702936,71597.76335051203,0.19822275254890345,18309.863448159926,-3.6743262133706574e-14,0.0,0.0,779.7043571337404,0.0,775.4687336126159,0.0,0.0,272.5708664217313,0.0,16750.354414073667
50000.0,0.057499999999999996,0.5060963797442688,5.060963797442689e-10,8.721838555450004,0.00027338964957293165,1559.4088526193711,1.8781803091564941,1048.9901429636789,0.41353887035637255,775.6780230860783,170.13522632697092,86.1048221110518,110385.93640192726,58984.74021621152,0.6399891298862848,272.8947663295122,170.1352263269689,86.10482211105078,55198.17492168328,71597.7633581103,0.19821087533053938,18309.863447796266,-1.2562905225177002e-14,0.0,0.0,779.7043571289248,0.0,775.4687325609075,0.0,0.0,272.5708701478012,0.0,16750.354419733507
50000.0,0.0625,0.5060963798025588,5.060963798025589e-10,8.721838561950783,0.00027335480489210903,1559.4088526136582,1.878171556844968,1048.9901399321973,0.4135300812119939,775.678021642556,170.13522634068198,86.10482212790811,110385.9364109948,58984.74022726105,0.6399891906190597,272.8947647536034,170.13522634067928,86.10482212790671,55198.174921313526,71597.7633543915,0.19822158346458724,18309.86344772363,-1.2414155601100327e-13,0.0,0.0,779.7043571348421,0.0,775.4687355655051,0.0,0.0,272.5708685411174,0.0,16750.354414231424
50000.0,0.0675,0.5060963799393154,5.060963799393154e-10,8.721838604880125,0.0002733646863638908,1559.408852608916,1.8781835717050817,1048.990137097367,0.41353330656840737,775.6780201103976,170.1352263179505,86.10482213968058,110385.93642247874,58984.74023503164,0.6399909063193243,272.8947634697193,170.1352263179448,86.1048221396806,55198.17491970588,71597.76335113434,0.19822030346803726,18309.863448698452,-1.0272873450409681e-10,0.0,0.0,779.7043572052685,0.0,775.4687288472326,0.0,0.0,272.57087229868796,0.0,16750.354414190875
50000.0,0.07250000000000001,0.5060963795464797,5.060963795464797e-10,8.721838656692306,0.0002733901830299005,1559.4088526366352,1.878180766398964,1048.9901505842993,0.41353886090655534,775.6780267742025,170.1352263201117,86.10482207392951,110385.93639269381,58984.740189749085,0.6399897163517726,272.8947703228852,170.13522632012527,86.10482207393636,55198.17492149542,71597.7633655285,0.19821178248583762,18309.86344637704,-2.777153919943951e-13,0.0,0.0,779.7043571376242,0.0,775.468736253857,0.0,0.0,272.570873844499,0.0,16750.35441783588
50000.0,0.0775,0.5060963798905016,5.060963798905017e-10,8.721838684606134,0.00027336681318185913,1559.4088526029834,1.878164130739507,1048.9901331662206,0.4135315618011355,775.6780188117733,170.1352263832844,86.10482216442783,110385.9364428787,58984.74025105883,0.6399857289842021,272.8947608849436,170.135226383285,86.10482216442783,55198.17490189412,71597.76334540872,0.19822039973271963,18309.863447626645,-5.369021669632589e-11,0.0,0.0,779.7043570914753,0.0,775.4687311682429,0.0,0.0,272.5708709347127,0.0,16750.354414747682
50000.0,0.0825,0.5060963797744966,5.060963797744967e-10,8.721838474543905,0.00027335579524381305,1559.4088526113703,1.8781706361552943,1048.9901386138004,0.41353093059967827,775.6780214517836,170.1352263561759,86.10482213097515,110385.93642117796,58984.74022930573,0.6399873280778582,272.89476357579395,170.13522635617326,86.1048221309738,55198.17491704879,71597.76335317764,0.19821844756586438,18309.863448682187,7.024606895041932e-14,0.0,0.0,779.7043571341485,0.0,775.4687349427123,0.0,0.0,272.570868304067,0.0,16750.354416777947
50000.0,0.0875,0.5060963791922263,5.060963791922263e-10,8.721838001294085,0.0002733596701518232,1559.4088526333157,1.8781647519285865,1048.9901490678062,0.41352937573230175,775.6780246278632,170.13522646974084,86.10482208936547,110385.93641653578,58984.74020230734,0.6399823245914363,272.89477055492654,170.13522646969037,86.10482208936428,55198.174848688424,71597.76336352403,0.19822004278780583,18309.863445540555,-1.632430711477096e-10,0.0,0.0,779.7043570823012,0.0,775.4687388750912,0.0,0.0,272.5708778185376,0.0,16750.354424517558
50000.0,0.0925,0.5060963799441758,5.060963799441758e-10,8.721838548973633,0.00027337954049945474,1559.4088526106927,1.8781825268500314,1048.9901384814434,0.41353739370706444,775.6780211214581,170.13522629484768,86.10482212880557,110385.93638105113,58984.74022769856,0.6399928070480716,272.8947638030506,170.13522629484612,86.1048221288048,55198.17492981536,71597.76335363116,0.1982169639318477,18309.863449467804,-1.683542685844847e-13,0.0,0.0,779.7043571270873,0.0,775.4687313435102,0.0,0.0,272.57086576021027,0.0,16750.35441833099
50000.0,0.0975,0.5060963797252109,5.06096379725211e-10,8.721838712775833,0.0002733601142814509,1559.4088526054234,1.878161531044367,1048.9901337709764,0.41353116214435465,775.6780195138825,170.13522644237509,86.10482216621502,110385.9364768138,58984.740251996845,0.639978306921308,272.8947608377695,170.13522644237298,86.10482216621395,55198.17489515873,71597.76334522052,0.19820690844062905,18309.863446125397,-1.1466111662360143e-13,0.0,0.0,779.7043571266553,0.0,775.468732887999,0.0,0.0,272.57087013399763,0.0,16750.354420068034
50000.0,0.10250000000000001,0.506096379643376,5.06096379643376e-10,8.721839189147147,0.0002733569667548298,1559.4088526148605,1.8781595748748763,1048.9901362329636,0.4135301500369701,775.678021832307,170.13522645499236,86.10482215867755,110385.9364861981,58984.74024774747,0.6399773582246671,272.8947609752779,170.13522645498526,86.10482215867397,55198.174891103685,71597.76334547039,0.1982070204207991,18309.863444390783,3.9927821032900423e-14,0.0,0.0,779.7043571349449,0.0,775.4687357205004,0.0,0.0,272.57087075122683,0.0,16750.354418265306
50000.0,0.1075,0.5060963794559257,5.060963794559257e-10,8.721838576073257,0.00027338358465139385,1559.4088526193739,1.8781778234928872,1048.9901478247805,0.41353693885195236,775.6780218875427,170.13522633221243,86.10482206464718,110385.93640093583,58984.74018387936,0.6399886074204318,272.8947724054533,170.135226332229,86.10482206465558,55198.17492322845,71597.76337179232,0.19821260254636514,18309.863453907936,3.919406074965451e-13,0.0,0.0,779.704357130684,0.0,775.4687323400263,0.0,0.0,272.57087648835505,0.0,16750.354424963756
50000.0,0.1125,0.5060963795813347,5.060963795813348e-10,8.721840370683424,0.00027335846413445046,1559.4088526122619,1.8781570144294906,1048.9901353087778,0.41352666684370515,775.6780216956798,170.13522647476333,86.10482215812816,110385.93649913986,58984.74024744281,0.6399779293554136,272.894760009819,170.13522647475318,86.10482215812303,55198.17488154209,71597.76334159408,0.19820662562950725,18309.86344583125,-1.1182990241107099e-14,0.0,0.0,779.704357133266,0.0,775.4687373467299,0.0,0.0,272.5708694967602,0.0,16750.354419909145
50000.0,0.1175,0.5060963795456176,5.060963795456176e-10,8.72183789829745,0.0002733774658447934,1559.4088526286646,1.878178363962372,1048.9901502454375,0.4135360819236727,775.6780240940952,170.13522633418634,86.10482208090593,110385.93640819639,58984.740197486644,0.6399891819844189,272.8947722030238,170.13522633419473,86.1048220809102,55198.174937140466,71597.76337496325,0.1982140012898208,18309.86344695707,1.0200279241973549e-14,0.0,0.0,779.7043571366447,0.0,775.4687349802289,0.0,0.0,272.57087599507327,0.0,16750.354417295533
50000.0,0.1225,0.5060963798509373,5.060963798509372e-10,8.721840437780108,0.00027335478967237785,1559.4088526060364,1.8781639068343043,1048.9901326303911,0.41352966323765983,775.6780196277672,170.13522640352392,86.10482216794307,110385.9364520674,58984.740253374184,0.6399823641535718,272.8947596718036,170.1352264035189,86.1048221679405,55198.17489627529,71597.7633397072,0.19821422662527138,18309.863446826897,3.269973485793492e-14,0.0,0.0,779.7043571310965,0.0,775.4687337622405,0.0,0.0,272.5708669141366,0.0,16750.35441706041
50000.0,0.1275,0.5060963797864758,5.060963797864759e-10,8.72183860910315,0.0002733899251259107,1559.4088526205542,1.8781805268902634,1048.9901422296637,0.4135388704114441,775.6780234555367,170.1352263249269,86.10482211719821,110385.93639800293,58984.74021885263,0.6399894080277542,272.89476525798784,170.135226324926,86.1048221171977,55198.17492149267,71597.76335590986,0.1982112993784159,18309.863447077154,-3.8120162870088574e-13,0.0,0.0,779.70435712126,0.0,775.4687329101632,0.0,0.0,272.57086893860907,0.0,16750.354418831623
50000.0,0.1325,0.5060963796996116,5.060963796996117e-10,8.721839089563577,0.00027339044774849804,1559.4088526206644,1.878179812304802,1048.9901434067597,0.4135386979920551,775.6780228531525,170.13522632144006,86.10482210065489,110385.93639761055,58984.74020909899,0.639989452876135,272.8947673332403,170.13522632144026,86.10482210065501,55198.174921303915,71597.763359871,0.1982117863593133,18309.863449425407,1.9101690117981305e-14,0.0,0.0,779.7043571293749,0.0,775.4687324152335,0.0,0.0,272.57087098809376,0.0,16750.354420899224
50000.0,0.1375,0.5060963798763055,5.060963798763055e-10,8.72183778382839,0.0002733595610970131,1559.408852606293,1.878163579867329,1048.9901323784525,0.41353150947194134,775.6780191549685,170.13522643290503,86.10482218712875,110385.9364684005,58984.740264438246,0.639978885076286,272.89475923174064,170.1352264329003,86.10482218712639,55198.174896445744,71597.76334001726,0.19820693059597463,18309.863442677186,2.6319558203179443e-14,0.0,0.0,779.7043571300208,0.0,775.468732355058,0.0,0.0,272.5708682348065,0.0,16750.35441660671
50000.0,0.14250000000000002,0.5060963791790007,5.060963791790007e-10,8.721839212811133,0.00027335695069955623,1559.4088526196283,1.8781596439178971,1048.990145930234,0.41353014420443396,775.6780230835237,170.1352264555295,86.10482207994285,110385.93648521791,58984.740195979444,0.6399774204299622,272.8947694147492,170.13522645552757,86.10482207994178,55198.174890821865,71597.76336480466,0.19820711410100655,18309.86345249023,2.4743051526785173e-13,0.0,0.0,779.7043571277784,0.0,775.4687369724013,0.0,0.0,272.5708791597663,0.0,16750.35442634197
50000.0,0.1475,0.5060963800580142,5.060963800580143e-10,8.721839355342894,0.00027338397182614585,1559.4088526110343,1.8781761104051977,1048.9901342290284,0.41353661147563564,775.6780203985037,170.1352263420993,86.10482217208734,110385.93641301448,58984.74025644713,0.6399881705657648,272.89476077842613,170.13522634211301,86.1048221720943,55198.17492503287,71597.76334717797,0.1982127107148354,18309.86344367408,2.0826017302642197e-14,0.0,0.0,779.7043571261946,0.0,775.4687310164119,0.0,0.0,272.5708650820217,0.0,16750.354414687405
50000.0,0.1525,0.5060963794648856,5.060963794648856e-10,8.721842769818096,0.0002733567640310304,1559.408852616375,1.878158601313418,1048.9901396113128,0.4135288800128651,775.6780217408199,170.135226447712,86.1048221246255,110385.93647815738,58984.74022397727,0.6399808543648766,272.89476606460715,170.13522644771905,86.10482212462908,55198.17489678426,71597.76335584243,0.19821405365129283,18309.86345081888,-1.3508656390656007e-14,0.0,0.0,779.7043571357567,0.0,775.4687362718379,0.0,0.0,272.5708740712864,0.0,16750.35442113107
50000.0,0.1575,0.5060963804457077,5.060963804457077e-10,8.721831469732757,0.0002733800731135168,1559.40885260105,1.8781999551781563,1048.9901363611755,0.41354149881831653,775.6780187257866,170.13522618065534,86.10482215634147,110385.93631103358,58984.74024761748,0.6399975046270484,272.89475971262937,170.1352261806317,86.1048221563295,55198.174946730374,71597.76334336419,0.19821553389929508,18309.863441927213,3.846383238606066e-14,0.0,0.0,779.704357122201,0.0,775.4687268700691,0.0,0.0,272.57085929204396,0.0,16750.354411517448
50000.0,0.1625,0.5060963785655381,5.060963785655382e-10,8.721841940477768,0.0002733583059864644,1559.40885265457,1.8781597732452733,1048.9901644870251,0.4135295084779301,775.6780320133165,170.13522644245603,86.10482196895478,110385.93647494307,58984.74012314846,0.6399810746464365,272.89478050499736,170.13522644246095,86.10482196895725,55198.17489924785,71597.76339178842,0.19821309374336077,18309.86345602406,-5.231282651458484e-14,0.0,0.0,779.7043571544506,0.0,775.4687462266469,0.0,0.0,272.57088840076756,0.0,16750.35442678622
50000.0,0.1675,0.5060963805857184,5.060963805857185e-10,8.721839655952285,0.0002733614840569262,1559.4088525966122,1.878168984352923,1048.9901205670892,0.41353677748137335,775.6780162870466,170.13522635746585,86.10482226964595,110385.93642407484,58984.740319116885,0.6399812474287739,272.89475141348777,170.13522635746537,86.1048222696475,55198.17491032466,71597.76332201938,0.19822007712621761,18309.863437802964,-2.0911830707662864e-11,0.0,0.0,779.7043571208421,0.0,775.46872682301,0.0,0.0,272.5708592206469,0.0,16750.354405517057
50000.0,0.17250000000000001,0.5060963794951923,5.060963794951923e-10,8.721839849594458,0.0002733694473754509,1559.4088526227592,1.878175451078097,1048.9901479235614,0.4135337183465154,775.6780235204757,170.13522632383564,86.10482206708593,110385.9364264708,58984.74018885691,0.6399910212306862,272.89477165003206,170.1352263238617,86.10482206708622,55198.174934395596,71597.76337227925,0.19822051055483575,18309.86345404822,-1.1764086464361922e-11,0.0,0.0,779.7043571035765,0.0,775.4687356096225,0.0,0.0,272.5708745117,0.0,16750.354420470532
50000.0,0.1775,0.5060963797884726,5.060963797884726e-10,8.72184237162397,0.0002733533604522931,1559.4088526167475,1.8781639474536485,1048.990136292492,0.41352856288630974,775.6780208429684,170.1352264030703,86.10482215708606,110385.93646007331,58984.74025054467,0.6399877261821866,272.8947642587159,170.1352264030703,86.10482215708605,55198.1749298878,71597.76335933531,0.19822282591838394,18309.863448738768,-1.7385590691986823e-13,0.0,0.0,779.7043571346393,0.0,775.4687355402652,0.0,0.0,272.57086878153893,0.0,16750.354414597343
50000.0,0.1825,0.5060963800562528,5.060963800562529e-10,8.721851299992512,0.00027338950985411544,1559.4088526185687,1.8781497638826135,1048.9901212039622,0.4135319078291462,775.6780184837492,170.13522656667368,86.10482228544394,110385.93658803517,58984.74034484047,0.639981073277247,272.8947570295843,170.13522656667357,86.10482228544392,55198.17494560286,71597.7633574339,0.1982144808030203,18309.863444080383,2.0830829890612246e-14,0.0,0.0,779.7043571285728,0.0,775.4687314821567,0.0,0.0,272.5708649250934,0.0,16750.354414190224
50000.0,0.1875,0.506096380000843,5.06096380000843e-10,8.721880799612702,0.0002733966432572768,1559.4088526231894,1.878088216199687,1048.9900901922902,0.41351902769004867,775.678011423194,170.1352270786688,86.1048225351357,110385.93699434827,58984.74054323554,0.6399683068585156,272.89475124751874,170.13522707866764,86.10482253513592,55198.1750148755,71597.76339524324,0.19822240627061916,18309.863450885132,3.331817717524463e-12,0.0,0.0,779.7043571296773,0.0,775.4687309390731,0.0,0.0,272.5708656038702,0.0,16750.354416673425
50000.0,0.1925,0.5060963798105557,5.060963798105557e-10,8.721976103690306,0.0002734607092133076,1559.4088526806622,1.8778831136349392,1048.9899944877498,0.41348436555459,775.6780000876889,170.13522886227784,86.10482340543918,110385.93838128037,58984.74122532122,0.6399138866707469,272.8947255964966,170.13522886227793,86.1048234054392,55198.1752187753,71597.76350370569,0.1982267759764851,18309.863448704873,8.512393355251106e-15,0.0,0.0,779.7043571416029,0.0,775.4687371471719,0.0,0.0,272.57086749506186,0.0,16750.35441256638
50000.0,0.1975,0.5060963787437425,5.060963787437425e-10,8.722278043762977,0.0002736326010799493,1559.4088528464474,1.877210503320228,1048.9896799310525,0.4133660278644893,775.6779524750249,170.13523473263575,86.10482619490354,110385.9429251602,58984.74340736198,0.6397266304859721,272.8946443990294,170.13523473264183,86.10482619490662,55198.17584855588,71597.76386165425,0.19823222381011435,18309.86346163757,-2.1046314405954325e-14,0.0,0.0,779.7043571809893,0.0,775.4687494252315,0.0,0.0,272.57088106795453,0.0,16750.354422664364
50000.0,0.2025,0.506096374969342,5.06096374969342e-10,8.723208985652729,0.0002742138517598746,1559.4088533882211,1.8751583958091553,1048.9887252507322,0.4130148165017655,775.6778117101933,170.13525302753592,86.1048348117276,110385.95705993693,58984.750145089434,0.6391583854516611,272.89440364063813,170.1352530275399,86.10483481173011,55198.17791215036,71597.76504582653,0.19824186758520526,18309.863514359156,8.319883634446373e-13,0.0,0.0,779.7043573716693,0.0,775.4687864510211,0.0,0.0,272.5709278379979,0.0,16750.35447015277
50000.0,0.20750000000000002,0.5060963653129757,5.060963653129758e-10,8.726003101603705,0.00027600654608482355,1559.4088553871798,1.869138304001542,1048.9859308407058,0.4119777904692559,775.6774487696683,170.1353077438006,86.10486086054206,110385.99935208072,58984.770484898305,0.6375682701446237,272.8936892859352,170.13530774378196,86.10486086053248,55198.18472346844,71597.76881776344,0.19840197418121228,18309.863644537407,2.0435591356159065e-12,0.0,0.0,779.7043578453214,0.0,775.4689484002456,0.0,0.0,272.57101826924446,0.0,16750.35451836823
50000.0,0.2125,0.5060963160360773,5.060963160360774e-10,8.734129285859655,0.00028116333719641556,1559.408862691248,1.8515911991236895,1048.9782766100634,0.4089538894993819,775.6766265751216,170.1354710342574,86.10493511750042,110386.12492949163,58984.82860902879,0.6328557982620423,272.891822612558,170.13547103426095,86.10493511750228,55198.205365703136,71597.78098272457,0.19874513635606042,18309.864191684457,-7.084169152257528e-13,0.0,0.0,779.7043601859315,0.0,775.4696565064672,0.0,0.0,272.57153663042436,0.0,16750.354887122012
50000.0,0.2175,0.5060961167098016,5.060961167098016e-10,8.75697611613743,0.00029632491627273503,1559.4088897427664,1.8033257653731254,1048.958843996799,0.40067707227678073,775.6753685076261,170.13593495102796,86.10513599150666,110386.4802786643,58984.98648584165,0.620024177772775,272.887392261122,170.1359349510358,86.10513599151064,55198.267670679015,71597.81942982324,0.19986604392931517,18309.866201262168,-4.862682121095793e-14,0.0,0.0,779.7043698869485,0.0,775.4725873972926,0.0,0.0,272.5736004324849,0.0,16750.356310058214
50000.0,0.2225,0.5060952919198713,5.060952919198714e-10,8.81943938093587,0.00034194670754534575,1559.4089916065982,1.6778610988139262,1048.9160066335069,0.3793882948142767,775.6768973795783,170.13719448730413,86.10563311048011,110387.43987640316,58985.38124562941,0.5869996880623574,272.87903605962356,170.1371944872975,86.10563311047677,55198.44890894117,71597.9396247817,0.20317528615672664,18309.873784667845,1.832979254062351e-14,0.0,0.0,779.7044092744917,0.0,775.4848907497584,0.0,0.0,272.5819582811369,0.0,16750.362140063036
50000.0,0.2275,0.5060920381638783,5.060920381638783e-10,8.989769301970368,0.0005055627022423311,1559.4093722900195,1.380468978958521,1048.8472455943152,0.33081392656539715,775.7022510517447,170.14038372194753,86.10669357182476,110389.85647684727,58986.24568984068,0.5116871697516377,272.8727332792626,170.1403837219504,86.1066935718262,55198.962464064374,71598.31087422936,0.21500959604592418,18309.902245378384,-1.836069274366876e-14,0.0,0.0,779.7045582145888,0.0,775.5348287580341,0.0,0.0,272.6137724763901,0.0,16750.384314311723
50000.0,0.2325,0.5060810644025411,5.060810644025412e-10,9.485635721159598,0.0015805536110869223,1559.4106425070433,0.799805689274901,1048.8388073105527,0.2532170889795672,775.8515390601125,170.1474299292745,86.10839244396401,110395.19829525032,58987.73914342977,0.3925885184436528,272.9093317250988,170.14742992927475,86.10839244396418,55200.43327735498,71599.42003467024,0.2931727031086999,18309.9980077809,2.5372314798374435e-14,0.0,0.0,779.7049213094002,0.0,775.7233906861967,0.0,0.0,272.71065010981283,0.0,16750.439796007817
50000.0,0.2375,0.5060719279039075,5.060719279039076e-10,10.331274201199834,0.011077105682759979,1559.4099470019573,0.3089974344567163,1049.08943578776,0.33012984576750615,776.4307031561269,170.15736546653423,86.1118659886987,110403.14190439892,58990.739552546904,0.563978425964998,272.9548408242409,170.1573654665291,86.11186598869615,55205.14918645841,71601.94701330774,1.0247575814124232,18309.94895043901,4.340640195890119e-13,0.0,0.0,779.7021705867006,0.0,776.2636337129234,0.0,0.0,272.66942717354783,0.0,16750.026008185265
50000.0,0.2425,0.5060082268185918,5.060082268185919e-10,10.345470351585066,0.01144651299082336,1559.405379755155,0.30276326521224195,1049.1413237685867,0.33548765566881616,778.7054936041447,170.18443907588733,86.1147262489065,110420.75639656508,58996.72907860157,0.5762761992844483,272.803366807133,170.18443907588934,86.11472624890826,55214.02274212274,71606.42657695734,1.055042726100065,18309.581230386015,-2.347432880119116e-12,0.0,0.0,779.699793862182,0.0,778.5357340904827,0.0,0.0,270.4523889760101,2.059377333327738,16749.64778247467
50000.0,0.2475,0.5056857299886393,5.056857299886393e-10,10.345470479936582,0.011449770753193849,1559.404192163765,0.3028356394493887,1048.7523510571727,0.33557376128831135,788.612428563023,170.22999147328892,86.08287750412994,110450.3121433749,58996.23059920351,0.5764205463076445,272.59150087764056,170.22999147329023,86.08287750413044,55228.80151262168,71614.80509989584,1.055300456541112,18309.437440319216,-1.4212277270125106e-13,0.0,0.0,779.6992010886275,0.0,788.442733700435,0.0,0.0,260.1564776953804,12.14353553750815,16749.505387764413
50000.0,0.2525,0.5206436092201161,5.20643609220116e-10,12.531590270690424,0.005049683675043683,0.0026290855339946434,0.009826242842323488,12928.506319100943,27.212370248331098,12998.568156007548,170.13855181158655,88.58154968266813,110444.15825602482,57614.40914178834,0.00013330692086592908,0.28304824031120407,170.13855181158664,88.5815496826682,55250.27116713769,67663.56817034658,0.4761544573239962,0.24790677520741108,-1.6712348671140924e-13,0.0,0.0,0.0,0.0,12928.501203131493,0.0,55.89900621456634,0.0,0.28297883491479037,0.0
50000.0,0.2575,0.5203140466422332,5.203140466422333e-10,12.531645308652578,0.0022676514865049486,0.0011798831205969923,0.009829976414644335,12928.268864352332,26.967872163141912,13008.589858096859,170.18443857559777,88.54935391080586,110473.4360504162,57613.60181353096,0.00012995023229766625,0.06634972021089403,170.1844385755978,88.54935391080589,55264.14496216761,67672.22340417237,0.2179368917377941,0.11339562605275717,2.512399171479291e-08,0.0,0.0,0.0,0.0,12928.263749677071,0.0,66.29434572463717,0.0,0.06628210527966515,0.0
50000.0,0.2625,0.5202367991256208,5.202367991256208e-10,12.531672514783951,0.0009173772150569898,0.0004772601321258387,0.009831959883758182,12928.213202234338,26.847069767381953,13010.905878055812,170.21175776313825,88.55042003224058,110490.91704374044,57618.933908553416,0.00012828827587843625,0.015556242575860675,170.21175776313805,88.55042003224048,55272.50608159044,67676.90879869007,0.08966097744103792,0.04664493991040043,9.81179445961718e-09,0.0,0.0,0.0,0.0,12928.20808728892,0.0,68.7309571300813,0.0,0.015489502293852335,0.0
50000.0,0.2675,0.5202186896705823,5.202186896705823e-10,12.531684270022614,0.0003468701767054966,0.00018044834881153672,0.009833081230052103,12928.200153665926,26.79510717430178,13011.436536263252,170.22539920263048,88.55443412184421,110499.66284792394,57622.6013429841,0.00012758194698541701,0.00364756132794099,170.22539920263034,88.55443412184414,55276.71510017849,67679.17694084335,0.03412755891662349,0.017753793981261465,4.683571999706712e-14,0.0,0.0,0.0,0.0,12928.195038313821,0.0,69.30218240520767,0.0,0.0035811908146546148,0.0
50000.0,0.2725,0.5202144467094647,5.202144467094647e-10,12.531688943739887,0.00012750800489431266,6.633150621712257e-05,0.009833522388593554,12928.197094613633,26.774778746587653,13011.55663080669,170.23143823036008,88.55685345156319,110503.54000871976,57624.411543844515,0.00012728943182466055,0.0008505829832817624,170.23143823036006,88.55685345156317,55278.589278559404,67680.17029242698,0.012254981858649488,0.00637521860703187,8.74571180305913e-14,0.0,0.0,0.0,0.0,12928.19197907439,0.0,69.4360250211108,0.0,0.0007843651819331344,0.0
50000.0,0.2775,0.5202134493337283,5.202134493337282e-10,12.53169054703284,4.8838866740827326e-05,2.5402169457152698e-05,0.009833715327786688,12928.196377604798,26.7672618190238,13011.583448959616,170.23388850922234,88.55795833487585,110505.11461310768,57625.18205619386,0.00012718596752486153,0.0001759383929741029,170.23388850922217,88.5579583348758,55279.352862186206,67680.57182961899,0.004213000824054934,0.0021916596907274486,7.308893826371673e-09,0.0,0.0,0.0,0.0,12928.191261977476,0.0,69.46749737928837,0.0,0.00010977454210114716,0.0
50000.0,0.28250000000000003,0.520213217521928,5.20213217521928e-10,12.531691176086834,2.173391338748546e-05,1.1442908175607015e-05,0.009833706293412766,12928.196209463165,26.76476452017874,13011.589256846684,170.23481818295735,88.55840250121665,110505.71272474958,57625.48192826165,0.00011018132053577026,5.731777790046607e-05,170.2348181829573,88.5584025012166,55279.643750471136,67680.7241780458,0.0014067975096487978,0.0007318346588962331,2.8270354155350553e-07,0.0,0.0,0.0,0.0,12928.191093968651,0.0,69.47477870975601,0.0,0.0,0.0
50000.0,0.2875,0.5202131612575012,5.202131612575012e-10,12.53169108174076,1.3213966485353353e-05,6.87407927809634e-06,0.009833706198992664,12928.196170088417,26.763846196725574,13011.590484228056,170.23515395953387,88.55856759844652,110505.92861902642,57625.591514037646,5.500436298926243e-05,2.8613993553599306e-05,170.23515395953387,88.55856759844652,55279.748831909,67680.77910622429,0.0004669981341795577,0.00024293857568290244,-2.947302871295759e-14,0.0,0.0,0.0,0.0,12928.191054467292,0.0,69.4765247282126,0.0,0.0,0.0
50000.0,0.2925,0.5202131484569741,5.202131484569741e-10,12.531691148282333,1.0437460402597088e-05,5.429704137930027e-06,0.009833768189391993,12928.19616085431,26.763656500916518,13011.590773496335,170.23526945344344,88.55862550079719,110506.00311190377,57625.629646778085,2.6431462606613574e-05,1.3749994380909225e-05,170.23526945344346,88.5586255007972,55279.78524703044,67680.7981095722,0.00016251718195945173,8.454357490548131e-05,4.0865665484565673e-13,0.0,0.0,0.0,0.0,12928.191045198848,0.0,69.47692227351635,0.0,0.0,0.0
50000.0,0.2975,0.5202131447214727,5.202131447214727e-10,12.531690994160368,9.57576281448763e-06,4.98143768683155e-06,0.009833728867423657,12928.196158676197,26.76348092627046,13011.59079528447,170.2353087007267,88.55864528183575,110506.02819802755,57625.64251489186,1.362917445820323e-05,7.090075704859478e-06,170.2353087007268,88.55864528183575,55279.79740847737,67680.80445386689,6.652718396608195e-05,3.460831558045942e-05,7.866713152128303e-14,0.0,0.0,0.0,0.0,12928.191043052482,0.0,69.47703766296473,0.0,0.0,0.0
50000.0,0.3025,0.5202131469173968,5.202131469173968e-10,12.531691115462841,9.293498562090211e-06,4.834600132857251e-06,0.009833727514429933,12928.196158164243,26.763564813348335,13011.590772637479,170.23532065487757,88.55865187436594,110506.03611083409,57625.64674224683,8.42881438274892e-06,4.384780054832432e-06,170.23532065487763,88.55865187436594,55279.80138386567,67680.80651016714,3.69507414440685e-05,1.9222261487549956e-05,3.225724307147665e-13,0.0,0.0,0.0,0.0,12928.191042511467,0.0,69.47697184498863,0.0,0.0,0.0
50000.0,0.3075,0.5202131445408595,5.202131445408595e-10,12.53169106448374,9.259403155557351e-06,4.816863232124047e-06,0.00983374082067842,12928.19615805167,26.763527129093823,13011.590824860406,170.23532480548,88.55865362899334,110506.0387244851,57625.647983302006,6.461162450710634e-06,3.361181635873505e-06,170.23532480548002,88.55865362899337,55279.80263318496,67680.80717232951,2.8013553218314154e-05,1.4573018609461924e-05,5.461664959420579e-14,0.0,0.0,0.0,0.0,12928.19104241066,0.0,69.47704384318943,0.0,0.0,0.0
50000.0,0.3125,0.5202131459656141,5.202131459656141e-10,12.531691061059544,9.208630323832355e-06,4.790450550795181e-06,0.00983373940369151,12928.196158029594,26.763523878219857,13011.590780114288,170.23532604580953,88.55865451677262,110506.03952126585,57625.648469100845,5.755786719018903e-06,2.9942359166079222e-06,170.23532604580956,88.55865451677263,55279.80302232989,67680.80736730983,2.535796455031193e-05,1.3191546514002286e-05,5.050903405227539e-14,0.0,0.0,0.0,0.0,12928.191042389659,0.0,69.47700077063034,0.0,0.0,0.0
50000.0,0.3175,0.5202131430302852,5.202131430302852e-10,12.531690986541838,9.204851737308689e-06,4.788484853393135e-06,0.009833689069024001,12928.196158018876,26.763447481300084,13011.590829080118,170.23532684853495,88.55865443466426,110506.03988890312,57625.64851352441,5.513458020153963e-06,2.8681733256298266e-06,170.23532684853484,88.55865443466423,55279.8031278173,67680.80743751102,2.4580347026992664e-05,1.278701958368698e-05,-2.080830371955468e-14,0.0,0.0,0.0,0.0,12928.191042404153,0.0,69.47708954236347,0.0,0.0,0.0
50000.0,0.3225,0.5202131462006905,5.202131462006906e-10,12.53169106100589,9.20242669735558e-06,4.787223344912576e-06,0.009833756052461758,12928.196158001272,26.763523299976168,13011.590772712278,170.2353265330455,88.55865481025748,110506.03983556424,57625.648644437475,5.433031914329169e-06,2.826334625561936e-06,170.2353265330455,88.55865481025751,55279.80317649448,67680.80744626466,2.4355553247500638e-05,1.267007898234075e-05,1.0346708800155506e-13,0.0,0.0,0.0,0.0,12928.191042352466,0.0,69.47699370157949,0.0,0.0,0.0
50000.0,0.3275,0.5202131441187823,5.202131441187822e-10,12.531691024024425,9.217835493019619e-06,4.795239183793441e-06,0.009833720635268163,12928.196158022414,26.763494312319573,13011.590820548077,170.23532672921846,88.55865455789491,110506.03990489418,57625.64857630733,5.407092503843123e-06,2.812840591965331e-06,170.2353267292183,88.55865455789483,55279.80318200994,67680.80746001906,2.4291306737619044e-05,1.263665705273056e-05,5.6170794699446956e-15,0.0,0.0,0.0,0.0,12928.19104239121,0.0,69.47705663192588,0.0,0.0,0.0
50000.0,0.3325,0.5202131448098553,5.202131448098552e-10,12.531691056348818,9.177024485078653e-06,4.774008767379809e-06,0.009833747345983867,12928.196158022487,26.763521012153344,13011.590813546372,170.23532658859315,88.5586546023848,110506.03986697408,57625.64859116663,5.398925804810149e-06,2.8085921715153664e-06,170.23532658859335,88.55865460238486,55279.803189629165,67680.80746037996,2.4273130917181917e-05,1.2627201768808534e-05,-9.528638425549469e-14,0.0,0.0,0.0,0.0,12928.191042375936,0.0,69.4770357453905,0.0,0.0,0.0
50000.0,0.3375,0.5202131448924292,5.202131448924291e-10,12.531691059552916,9.313094619796263e-06,4.844794240844976e-06,0.009833754750244507,12928.196158016708,26.763522569356518,13011.590811868462,170.2353265825122,88.55865461327843,110506.0398659555,57625.648594788945,5.396406975462044e-06,2.8072818438245524e-06,170.23532658251224,88.55865461327846,55279.80319103833,67680.8074606646,2.4268035680372118e-05,1.262455116164806e-05,2.868983962666414e-14,0.0,0.0,0.0,0.0,12928.191042369315,0.0,69.47703325509198,0.0,0.0,0.0
50000.0,0.3425,0.5202131454551697,5.202131454551697e-10,12.53169105700375,9.173598641867562e-06,4.7722266046291974e-06,0.009833748058811785,12928.196158010898,26.763521476149286,13011.5907942935,170.23532658953994,88.55865471273266,110506.03986853844,57625.64862427923,5.395644410069909e-06,2.8068851503200716e-06,170.23532658954002,88.55865471273269,55279.80319088558,67680.80745764577,2.4266619089719997e-05,1.262381424622571e-05,-1.5277886968245033e-14,0.0,0.0,0.0,0.0,12928.191042365754,0.0,69.47701623727296,0.0,0.0,0.0
50000.0,0.34750000000000003,0.5202131453532552,5.202131453532553e-10,12.53169105521514,9.205038394539414e-06,4.7885819763208265e-06,0.009833760385869347,12928.19615800244,26.76352140353319,13011.590797337432,170.2353265901201,88.55865469568504,110506.03986871557,57625.64861930763,5.39541682424012e-06,2.8067667566298237e-06,170.23532659012022,88.55865469568508,55279.80319099148,67680.80745822759,2.4266228191493883e-05,1.2623610893356872e-05,3.116737105409715e-14,0.0,0.0,0.0,0.0,12928.19104235219,0.0,69.47701933514136,0.0,0.0,0.0
50000.0,0.35250000000000004,0.5202131456274037,5.202131456274037e-10,12.531691087517334,9.150480262357446e-06,4.760200121282438e-06,0.009833647151030226,12928.196158020684,26.763544732291844,13011.590801179775,170.23532645877015,88.55865467402481,110506.03983047952,57625.64861295798,5.395349838925696e-06,2.8067319114678425e-06,170.23532645876992,88.5586546740247,55279.80319494327,67680.80745890111,2.4266121043835563e-05,1.2623555160389032e-05,-5.434094960790289e-15,0.0,0.0,0.0,0.0,12928.191042428418,0.0,69.47701095752589,0.0,0.0,0.0
50000.0,0.3575,0.5202131431546805,5.202131431546805e-10,12.531690926242288,9.217519283666775e-06,4.795074678645172e-06,0.009833703724960592,12928.196158016137,26.763418837182915,13011.590810419191,170.23532716804237,88.5586546220527,110506.04003864207,57625.64859766084,5.39533042919506e-06,2.8067218009296534e-06,170.23532716804226,88.55865462205264,55279.80317331992,67680.80746053328,2.4266091969163162e-05,1.262353997535892e-05,6.605720583105354e-14,0.0,0.0,0.0,0.0,12928.191042393744,0.0,69.47708579128152,0.0,0.0,0.0
50000.0,0.3625,0.5202131439003983,5.202131439003983e-10,12.531690976783418,9.212762846406235e-06,4.79260032433777e-06,0.009833675486585662,12928.19615802026,26.763437768668716,13011.590797730614,170.23532706133906,88.55865469349175,110506.04000708101,57625.64861849753,5.395324848781111e-06,2.806718901948363e-06,170.2353270613393,88.55865469349186,55279.80317643178,67680.80745827024,2.4266084053919374e-05,1.262353587584072e-05,4.9107512059389265e-14,0.0,0.0,0.0,0.0,12928.191042413164,0.0,69.47706321308658,0.0,0.0,0.0
50000.0,0.3675,0.5202131451007999,5.202131451007999e-10,12.531691060906523,9.237311117107894e-06,4.798772187376897e-06,0.00983375615596348,12928.196158017157,26.763523293262637,13011.590805954427,170.2353265795456,88.5586546472072,110506.03986570069,57625.64860507882,5.395323285081001e-06,2.806718073453816e-06,170.2353265795456,88.55865464720723,55279.80319138792,67680.80745976658,2.4266081857499706e-05,1.2623534762363381e-05,-7.3358908560508066e-09,0.0,0.0,0.0,0.0,12928.191042368755,0.0,69.47702695291026,0.0,0.0,0.0
50000.0,0.3725,0.5202131425136958,5.202131425136957e-10,12.531690936932497,9.206996517691446e-06,4.7896005915809214e-06,0.009833666504810172,12928.196158015191,26.763409304972484,13011.5908248298,170.23532722168636,88.55865454084076,110506.04005449168,57625.6485738039,5.395322804230255e-06,2.8067178308644266e-06,170.2353272216863,88.55865454084072,55279.80317160219,67680.8074629989,2.4266081378785114e-05,1.2623534450550884e-05,-5.600893434756675e-14,0.0,0.0,0.0,0.0,12928.191042412333,0.0,69.47710515904166,0.0,0.0,0.0
50000.0,0.3775,0.5202131454323846,5.202131454323846e-10,12.531691056541986,9.208011938175382e-06,4.7901288535371625e-06,0.009833742106731434,12928.196158014589,26.763518659291513,13011.590793517093,170.235326605555,88.55865471718508,110506.03987334523,57625.64862562571,5.395322655768429e-06,2.806717769379901e-06,170.2353266055549,88.55865471718505,55279.80319060026,67680.80745761668,2.4266081138828835e-05,1.2623534396547612e-05,4.477558860479566e-15,0.0,0.0,0.0,0.0,12928.191042372075,0.0,69.47701691941462,0.0,0.0,0.0
50000.0,0.3825,0.5202131463920867,5.202131463920867e-10,12.531691100238026,9.212729317191979e-06,4.79258290495506e-06,0.009833734741652804,12928.19615800373,26.763543232879265,13011.590777295844,170.23532646731894,88.55865480864806,110506.0398327031,57625.64865249041,5.395322641146641e-06,2.8067177669513578e-06,170.235326467319,88.55865480864807,55279.80319476394,67680.80745478187,2.4266081078712054e-05,1.2623534388562275e-05,2.0253080464632308e-14,0.0,0.0,0.0,0.0,12928.191042366116,0.0,69.4769878969723,0.0,0.0,0.0
50000.0,0.3875,0.5202131437951567,5.202131437951567e-10,12.531691061453529,9.208652074509564e-06,4.790461845796412e-06,0.00983376281850508,12928.196158030543,26.763526426927207,13011.590847035506,170.23532656192543,88.55865441577438,110506.03986043643,57625.64853702299,5.395322606975496e-06,2.8067177351638037e-06,170.23532656192543,88.55865441577438,55279.803191896455,67680.80746683951,2.4266081081505345e-05,1.2623534326998074e-05,-9.333091142364993e-15,0.0,0.0,0.0,0.0,12928.191042378086,0.0,69.47706643562614,0.0,0.0,0.0
50000.0,0.3925,0.5202131451861292,5.202131451861291e-10,12.531691009149142,9.19349460461423e-06,4.782576743518079e-06,0.009833710602121513,12928.196157988006,26.763473921889233,13011.59077768638,170.23532685775763,88.55865480646283,110506.03994753136,57625.648651926946,5.395322648385219e-06,2.806717764210431e-06,170.2353268577575,88.55865480646276,55279.80318283117,67680.80745485621,2.4266081120856097e-05,1.26235343812223e-05,-6.833696823528327e-14,0.0,0.0,0.0,0.0,12928.191042362456,0.0,69.47702437890638,0.0,0.0,0.0
50000.0,0.3975,0.5202131446901392,5.202131446901392e-10,12.531690965318957,9.208674802419223e-06,4.79047367739535e-06,0.009833704853939276,12928.196158036406,26.763443996892246,13011.590777101068,170.23532702622333,88.5586548096659,110506.03999683377,57625.64865264837,5.3953226189532605e-06,2.8067177462235137e-06,170.23532702622344,88.55865480966595,55279.803177570015,67680.8074547483,2.4266081144129584e-05,1.2623534381293746e-05,7.418299099758842e-14,0.0,0.0,0.0,0.0,12928.191042414925,0.0,69.47703932300774,0.0,0.0,0.0
50000.0,0.4025,0.5202131436051043,5.202131436051043e-10,12.53169102185143,9.2088431313905e-06,4.7905612343469245e-06,0.009833719292328345,12928.196158028339,26.763485919184493,13011.590831703532,170.23532679011745,88.55865450212923,110506.03992763055,57625.64856242805,5.3953226180820465e-06,2.806717739916183e-06,170.23532679011748,88.55865450212924,55279.80318490456,67680.80746420678,2.4266081110280243e-05,1.2623534337355325e-05,3.793128885648399e-14,0.0,0.0,0.0,0.0,12928.19104239892,0.0,69.47707216106163,0.0,0.0,0.0
50000.0,0.40750000000000003,0.5202131422312608,5.202131422312608e-10,12.531690904148878,9.206743221643081e-06,4.7894688210473076e-06,0.009833696753289475,12928.19615800875,26.763400539765968,13011.590828810291,170.2353272710167,88.55865451842264,110506.04006886148,57625.64856726447,5.39532263902432e-06,2.8067177433983006e-06,170.23532727101664,88.55865451842278,55279.80317010168,67680.8074637076,2.4266081178779107e-05,1.2623534339651537e-05,2.766798321930877e-13,0.0,0.0,0.0,0.0,12928.191042377923,0.0,69.4771137405834,0.0,0.0,0.0
50000.0,0.41250000000000003,0.5202131458252641,5.202131458252641e-10,12.531691059385832,9.205518798561193e-06,4.788831893153124e-06,0.009833750178768967,12928.196158017765,26.763524429708603,13011.590784635517,170.23532657329454,88.55865476728474,110506.03986371217,57625.64864021448,5.395322619973609e-06,2.8067177528786774e-06,170.23532657329392,88.55865476728438,55279.80319146583,67680.80745599771,2.426608107930959e-05,1.2623534375118564e-05,1.6409704141183777e-13,0.0,0.0,0.0,0.0,12928.191042380955,0.0,69.47700502566369,0.0,0.0,0.0
50000.0,0.4175,0.5202131446382865,5.202131446382865e-10,12.531691000002935,9.209111191060455e-06,4.790700692025194e-06,0.009833705066851632,12928.19615801305,26.76347874483216,13011.590796748462,170.2353268304807,88.55865469901082,110506.03993952327,57625.64862030391,5.395322627672153e-06,2.806717750479433e-06,170.23532683048086,88.55865469901092,55279.803183669996,67680.80745816903,2.4266081115966606e-05,1.2623534365384728e-05,8.057700965322591e-14,0.0,0.0,0.0,0.0,12928.19104239111,0.0,69.47704091805977,0.0,0.0,0.0
50000.0,0.4225,0.5202131458381734,5.202131458381733e-10,12.53169110057048,9.205811662856452e-06,4.7889842451283e-06,0.009833698653608001,12928.196158001241,26.76353865480188,13011.590791652854,170.23532649309283,88.55865472776037,110506.03984038929,57625.64862875136,5.395322609425991e-06,2.8067177474613164e-06,170.2353264930928,88.55865472776034,55279.803193988104,67680.80745727356,2.4266081067872983e-05,1.2623534369482346e-05,9.736212638434837e-14,0.0,0.0,0.0,0.0,12928.191042382346,0.0,69.47700463363087,0.0,0.0,0.0
50000.0,0.4275,0.5202131446039704,5.202131446039704e-10,12.531691119940342,9.245587066355119e-06,4.805289172390347e-06,0.009833723529166815,12928.196158024717,26.76355218904182,13011.590835992782,170.23532641678705,88.55865447796013,110506.03981787188,57625.648555321575,5.395322633729996e-06,2.8067177269590296e-06,170.23532641678685,88.55865447796008,55279.803196309666,67680.80746496025,2.4266081056995796e-05,1.2623534333874621e-05,5.349739614054878e-08,0.0,0.0,0.0,0.0,12928.191042377164,0.0,69.47704197163016,0.0,0.0,0.0
50000.0,0.4325,0.520213145224709,5.202131452247089e-10,12.531691087709547,9.257734544374366e-06,4.802776472800102e-06,0.00983372067048316,12928.196158020055,26.763529961557087,13011.590805672851,170.2353265418743,88.55865464870378,110506.03985468311,57625.64860550258,5.39532251988614e-06,2.8067177374358933e-06,170.2353265418743,88.55865464870381,55279.80319251061,67680.80745972236,2.4266081074826222e-05,1.2623534358213135e-05,-2.30488203341445e-08,0.0,0.0,0.0,0.0,12928.191042389955,0.0,69.47702318122143,0.0,0.0,0.0
50000.0,0.4375,0.5202131436329355,5.202131436329355e-10,12.53169097643593,9.129869753185436e-06,4.760492784454144e-06,0.009833702770699969,12928.19615801128,26.76344904738055,13011.590811679866,170.2353269981402,88.55865461508326,110506.03998857964,57625.648595554594,5.39532265101382e-06,2.8067177733451127e-06,170.23532699814,88.55865461508313,55279.80317838148,67680.80746067519,2.4266081139864333e-05,1.2623534353420713e-05,1.4482389751337251e-08,0.0,0.0,0.0,0.0,12928.191042384788,0.0,69.47707133501352,0.0,0.0,0.0
50000.0,0.4425,0.5202131467830934,5.202131467830934e-10,12.531691102246594,9.212799327512604e-06,4.792619328846497e-06,0.009833719950220404,12928.196158017217,26.76354143205752,13011.590764539393,170.23532647732148,88.55865488041466,110506.03983574266,57625.64867358682,5.3953225821382584e-06,2.806717738364028e-06,170.23532647732148,88.55865488041465,55279.80319446912,67680.80745261183,2.4266081065624568e-05,1.26235343912422e-05,-4.046907331330848e-14,0.0,0.0,0.0,0.0,12928.191042386303,0.0,69.47697604723565,0.0,0.0,0.0
50000.0,0.4475,0.5202131439358768,5.202131439358769e-10,12.531691048785857,9.213285062500965e-06,4.792871988341078e-06,0.009833724994947994,12928.196158014114,26.763497103863372,13011.590827527963,170.23532672707626,88.55865452564353,110506.03990907666,57625.64856935637,5.395322629640559e-06,2.806717747713697e-06,170.23532672707623,88.5586545256435,55279.80318684538,67680.80746347882,2.4266081101225698e-05,1.2623534340671584e-05,3.0125490978480484e-14,0.0,0.0,0.0,0.0,12928.191042381408,0.0,69.47706217540797,0.0,0.0,0.0
50000.0,0.4525,0.5202131464010318,5.202131464010317e-10,12.53169112333379,9.296907399976396e-06,4.792351742928938e-06,0.009833725606221958,12928.196158007813,26.76355554163499,13011.59078343737,170.23532639779626,88.55865477400422,110506.03981213862,57625.64864230531,5.395322817481373e-06,2.806717755695328e-06,170.23532639779629,88.55865477400427,55279.80319686649,67680.80745584305,2.4266081054288716e-05,1.2623534376073997e-05,-2.2962953928130042e-08,0.0,0.0,0.0,0.0,12928.191042316874,0.0,69.47698768141244,0.0,0.0,0.0
50000.0,0.4575,0.5202131455648147,5.202131455648147e-10,12.531691124005441,9.263515486918036e-06,4.7881603345462275e-06,0.009833716498804284,12928.196158012388,26.76355246332175,13011.590807152983,170.23532641463726,88.55865464041143,110506.03981680518,57625.648602954374,5.3953228390180445e-06,2.806717742396654e-06,170.2353264146376,88.55865464041166,55279.803196180736,67680.807459893,2.4266081056689295e-05,1.2623534357031103e-05,-1.1371685383081162e-08,0.0,0.0,0.0,0.0,12928.191042346496,0.0,69.47701294224215,0.0,0.0,0.0
50000.0,0.4625,0.5202131426090845,5.202131426090844e-10,12.531690974449443,9.203878368338594e-06,4.787978490185194e-06,0.009833690093810302,12928.196158028037,26.763441079464204,13011.590838476166,170.23532704270403,88.55865446397033,110506.0400018043,57625.6485511666,5.395322636676406e-06,2.806717744215365e-06,170.23532704270414,88.55865446397038,55279.803177082096,67680.8074653496,2.4266081146216656e-05,1.2623534331880421e-05,2.6240667575887788e-14,0.0,0.0,0.0,0.0,12928.191042413297,0.0,69.47710227264326,0.0,0.0,0.0
50000.0,0.4675,0.5202131457170824,5.202131457170825e-10,12.531691056848143,9.202936714613469e-06,4.787488658144305e-06,0.00983372557899055,12928.196158013696,26.76351129690816,13011.590781081597,170.23532664715518,88.55865478729167,110506.0398855917,57625.64864621707,5.395322630070774e-06,2.8067177575476797e-06,170.23532664715498,88.55865478729159,55279.803189280574,67680.80745546063,2.4266081089833403e-05,1.2623534377968043e-05,-7.660441298853856e-14,0.0,0.0,0.0,0.0,12928.191042379103,0.0,69.47700830001688,0.0,0.0,0.0
50000.0,0.47250000000000003,0.520213143698589,5.202131436985889e-10,12.531690994707189,9.2219138584847e-06,4.79736079923991e-06,0.009833675252373782,12928.196158024193,26.763453035047608,13011.590811769514,170.2353269753064,88.55865461438135,110506.03998212016,57625.64859540262,5.395322617750653e-06,2.8067177402481685e-06,170.23532697530624,88.55865461438127,55279.80317917957,67680.80746076374,2.4266081136609493e-05,1.2623534353320653e-05,-2.1075991359410518e-14,0.0,0.0,0.0,0.0,12928.191042417327,0.0,69.47706931277047,0.0,0.0,0.0
50000.0,0.47750000000000004,0.5202131438299735,5.202131438299736e-10,12.531690968101913,9.210900078600787e-06,4.7916312873926655e-06,0.00983369884039499,12928.196158005892,26.763437698717404,13011.590799824447,170.2353270618435,88.55865468176538,110506.04000748799,57625.64861524504,5.3953225600265345e-06,2.8067177109281845e-06,170.23532706184346,88.55865468176535,55279.803176590525,67680.80745870085,2.426608114894487e-05,1.2623534362925869e-05,-3.5592170923952487e-14,0.0,0.0,0.0,0.0,12928.191042386945,0.0,69.47706537259005,0.0,0.0,0.0
50000.0,0.4825,0.5202131448866142,5.202131448866142e-10,12.531691066553881,9.21131745915002e-06,4.79184842397341e-06,0.009833696328495673,12928.196158017807,26.763517527619193,13011.590809413445,170.23532661218925,88.5586546277269,110506.03987534578,57625.648599322885,5.395322652144386e-06,2.8067177645500194e-06,170.2353266121892,88.55865462772685,55279.80319037006,67680.80746034656,2.4266081084849197e-05,1.2623534355222984e-05,3.620936555636509e-14,0.0,0.0,0.0,0.0,12928.191042401193,0.0,69.47703339536784,0.0,0.0,0.0
50000.0,0.4875,0.5202131442013589,5.202131442013588e-10,12.531690972615205,9.205176547222253e-06,4.788653834559097e-06,0.009833700961660021,12928.196158006534,26.763445341020613,13011.590792576717,170.23532701864156,88.55865472251406,110506.03999479457,57625.64862721344,5.395322613341199e-06,2.8067177406669175e-06,170.2353270186415,88.55865472251405,55279.803177912654,67680.80745745022,2.426608114278668e-05,1.2623534368734362e-05,-9.073230034011966e-14,0.0,0.0,0.0,0.0,12928.19104238643,0.0,69.47705413948668,0.0,0.0,0.0
50000.0,0.4925,0.5202131453630938,5.202131453630938e-10,12.531691118439262,9.203609154451719e-06,4.787838466929894e-06,0.009833723210591642,12928.196158013645,26.763551112881327,13011.590812489136,170.2353264229263,88.55865461038348,110506.03981972752,57625.6485942429,5.395322473888081e-06,2.8067176743895074e-06,170.23532642292628,88.55865461038346,55279.80319611469,67680.80746086725,2.4266081057870845e-05,1.2623534352750788e-05,-4.401533138417075e-14,0.0,0.0,0.0,0.0,12928.191042381857,0.0,69.4770190043977,0.0,0.0,0.0
50000.0,0.4975,0.5202131456767206,5.202131456767205e-10,12.531691110777542,9.216252264168511e-06,4.790012478380394e-06,0.00983372194429814,12928.196158021807,26.763546328789733,13011.590800534352,170.23532644966542,88.55865467768389,110506.03982748144,57625.64861392985,5.395322820420901e-06,2.8067178386856307e-06,170.23532644966542,88.5586546776839,55279.80319520676,67680.80745877544,2.4266081061682365e-05,1.2623534362344076e-05,1.1213856297440952e-08,0.0,0.0,0.0,0.0,12928.191042390026,0.0,69.47700950867983,0.0,0.0,0.0
60000.0,0.0025,0.5060963804824308,5.060963804824308e-10,8.721838820679528,0.0002733717301531695,1559.4088526047246,1.8781792363479606,1048.9901278242892,0.4135350078463267,775.6780178041753,170.13522629683072,86.1048222213851,110385.93638299884,58984.740287398214,0.6399927917207048,272.89475663023967,170.13522629683143,86.10482222138526,55198.174928360146,71597.76333244624,0.19822053068788015,18309.863439925874,6.470149913356168e-12,0.0,0.0,779.7043569374935,0.0,775.4687294606108,0.0,0.0,272.5708588507576,0.0,16750.354407036877
60000.0,0.0075,0.5060963779601743,5.060963779601743e-10,8.721839154274452,0.0002733573582217506,1559.4088526262306,1.8781418124012637,1048.990159452249,0.413529617496245,775.6780267460776,170.13522663049503,86.10482196112692,110385.93659955016,58984.74011930825,0.6399600613146585,272.8947792482473,170.13522663048656,86.10482196112268,55198.17484777713,71597.76339201235,0.19818393005160131,18309.863465075752,8.950169191862189e-14,0.0,0.0,779.7043571406191,0.0,775.468740904505,0.0,0.0,272.57089777918105,0.0,16750.354450610495
60000.0,0.0125,0.5060963800954252,5.060963800954254e-10,8.721838431838929,0.00027338967682169544,1559.4088526223168,1.8781807200765372,1048.9901377602826,0.4135389269378231,775.6780221307248,170.13522632525877,86.10482216992936,110385.93639657255,58984.74025227073,0.6399893330159003,272.8947620046535,170.13522632526275,86.10482216993135,55198.17492279887,71597.76334500464,0.19821104866978564,18309.8634394751,-6.206846381679311e-14,0.0,0.0,779.7043571303959,0.0,775.4687315767727,0.0,0.0,272.5708657199145,0.0,16750.35441132002
60000.0,0.0175,0.5060963801248198,5.060963801248198e-10,8.721837809300835,0.00027338155503022784,1559.408852604044,1.8781790770843954,1048.990133492221,0.41353672983481043,775.678019264708,170.1352263179852,86.1048221712493,110385.93639868741,58984.740256555124,0.6399891366525645,272.89476022277694,170.13522631799333,86.1048221712534,55198.174924368,71597.76334438706,0.19821336531512992,18309.863444301867,9.745867228058529e-15,0.0,0.0,779.7043571233141,0.0,775.4687298226894,0.0,0.0,272.5708640373977,0.0,16750.3544149889
60000.0,0.0225,0.5060963788004557,5.060963788004557e-10,8.721838152388202,0.00027335404171181826,1559.4088526235978,1.8781388264168852,1048.9901420324152,0.41352925164044846,775.6780236249557,170.1352266621478,86.10482212010766,110385.93662152189,58984.74022316269,0.6399563340368014,272.89476438851625,170.13522666214016,86.104822120104,55198.174838969426,71597.76335379604,0.19817890406013267,18309.863446288273,2.5025192637340403e-13,0.0,0.0,779.7043571399165,0.0,775.4687379682564,0.0,0.0,272.5708848052843,0.0,16750.35443438009
60000.0,0.0275,0.5060963791900396,5.060963791900396e-10,8.721840309600442,0.000273361134324524,1559.4088526162416,1.878158072367142,1048.9901445042444,0.41353056145233086,775.6780224118542,170.13522646553602,86.10482208688518,110385.9364877278,58984.740198474574,0.6399773992694945,272.8947696567894,170.13522646555026,86.10482208689238,55198.17489424971,71597.76336649834,0.19820702245533264,18309.86345307085,-2.7979168431789223e-14,0.0,0.0,779.7043571345586,0.0,775.468736092016,0.0,0.0,272.57087941225467,0.0,16750.35442694704
60000.0,0.0325,0.5060963798799054,5.060963798799054e-10,8.721838006700185,0.000273365460696778,1559.4088526194835,1.87817357136911,1048.990139668955,0.4135324667948372,775.6780221781406,170.13522634919002,86.10482214537113,110385.93645096428,58984.74023826445,0.6399880882081516,272.8947636043027,170.13522634917564,86.10482214537797,55198.17491902363,71597.76335058315,0.19822032980266557,18309.863443887458,-8.445867081312588e-11,0.0,0.0,779.7043571111225,0.0,775.4687349205055,0.0,0.0,272.57086795095825,0.0,16750.354412705183
60000.0,0.037500000000000006,0.506096380002441,5.06096380002441e-10,8.721838358315559,0.00027336832635995394,1559.408852607823,1.878178646985155,1048.990136249233,0.4135344975083756,775.6780197020315,170.13522630523101,86.10482214397369,110385.93641469741,58984.74023829466,0.6399915685263804,272.89476287552924,170.13522630516817,86.10482214395644,55198.174936348645,71597.76334970648,0.19822043362792965,18309.863448388936,-1.0846212661208004e-10,0.0,0.0,779.7043571142312,0.0,775.4687313907908,0.0,0.0,272.5708654597207,0.0,16750.354416113416
60000.0,0.042499999999999996,0.5060963794986781,5.060963794986781e-10,8.721839787981823,0.0002733545592026763,1559.40885262244,1.8781653798202793,1048.9901439053094,0.41352995233710826,775.6780237988866,170.13522641028538,86.10482211143332,110385.93645361447,58984.740215306854,0.6399828411673418,272.89476641814485,170.13522641028524,86.10482211143326,55198.17490119184,71597.76335622328,0.19821426652166793,18309.863447765718,-3.963770469608169e-15,0.0,0.0,779.7043571393566,0.0,775.4687377871957,0.0,0.0,272.57087341928917,0.0,16750.354417964194
60000.0,0.0475,0.5060963799954321,5.060963799954321e-10,8.721839138563979,0.0002733809969903122,1559.4088526146481,1.8781777659100098,1048.9901372234967,0.4135363416218615,775.678021484821,170.1352263021066,86.10482214119978,110385.93639030201,58984.740238055856,0.6399898271441076,272.8947625506075,170.1352263021166,86.10482214120483,55198.17493087314,71597.7633523704,0.1982148663645495,18309.863444375893,8.689739259229502e-14,0.0,0.0,779.7043571287738,0.0,775.46873223933,0.0,0.0,272.57086601585655,0.0,16750.35441429037
60000.0,0.052500000000000005,0.5060963792308285,5.060963792308286e-10,8.721839382813169,0.000273360019816177,1559.4088526141588,1.8781471871717375,1048.9901369946633,0.4135292668806963,775.6780205857873,170.13522658123483,86.10482215237955,110385.93656497008,58984.74024206904,0.6399652749037944,272.8947626909244,170.1352265812323,86.10482215237826,55198.17486024284,71597.76334779801,0.19819253841692208,18309.86344687771,9.282425408631676e-15,0.0,0.0,779.7043571338256,0.0,775.468734921111,0.0,0.0,272.57087858246297,0.0,16750.35442808337
60000.0,0.057499999999999996,0.5060963797350693,5.060963797350693e-10,8.721838306605187,0.00027335832901029597,1559.4088526130356,1.878175759151675,1048.9901416201953,0.4135322034060838,775.6780215427028,170.13522633562732,86.10482211386676,110385.93640685212,58984.74021823306,0.6399899298940269,272.8947663816609,170.1352263356252,86.10482211386562,55198.17491938417,71597.7633576327,0.19821995259942116,18309.863449817283,-2.6412043254298235e-12,0.0,0.0,779.7043578463345,0.0,775.4687332939175,0.0,0.0,272.5708693330215,0.0,16750.354416805094
60000.0,0.0625,0.5060963794634628,5.060963794634628e-10,8.721838660050581,0.0002733564549511378,1559.4088526176201,1.8781614614770028,1048.9901416110517,0.41353032065955864,775.678022697599,170.1352264493814,86.1048221252283,110385.93648500444,58984.740227291,0.6399778530001158,272.8947648701772,170.1352264493789,86.10482212522702,55198.17489306198,71597.76335412133,0.19820726282847106,18309.863446670057,4.7460296245452106e-14,0.0,0.0,779.70435713646,0.0,775.4687364995145,0.0,0.0,272.57087439583745,0.0,16750.354420419237
60000.0,0.0675,0.5060963800132396,5.060963800132397e-10,8.721840983139918,0.0002733860612051908,1559.4088526104445,1.8781792608673347,1048.9901354855056,0.4135379334238722,775.6780203209709,170.13522630017087,86.1048221432498,110385.93637433017,58984.7402319219,0.6399919593835928,272.89476310457974,170.13522630017448,86.10482214325162,55198.174928916946,71597.7633510226,0.19821595572925405,18309.86344800349,5.8550218951545086e-15,0.0,0.0,779.7043571253745,0.0,775.4687302698666,0.0,0.0,272.57086549069805,0.0,16750.354417375074
60000.0,0.07250000000000001,0.5060963792908815,5.060963792908815e-10,8.721839694996293,0.0002733556463177015,1559.4088526316484,1.8781640134730944,1048.9901491525004,0.4135300937198527,775.67802548805,170.135226418175,86.10482208007276,110385.93646200026,58984.7401966114,0.6399814243760267,272.89477003373156,170.13522641818224,86.10482208007632,55198.17489847314,71597.76336357655,0.19821236276399812,18309.863447967935,5.243064740111389e-13,0.0,0.0,779.7043571400909,0.0,775.4687394138516,0.0,0.0,272.5708777290911,0.0,16750.35441914914
60000.0,0.0775,0.5060963800715956,5.060963800715956e-10,8.721836765750558,0.00027338852702063563,1559.4088526037458,1.8781841757095867,1048.9901353344785,0.41353953898180623,775.6780193185948,170.13522630895844,86.10482215762556,110385.93638658494,58984.74024457654,0.6399901646502033,272.89476136464566,170.1352263089577,86.10482215762525,55198.17492582468,71597.76334756252,0.19821079818945556,18309.863446807034,-3.01820329583108e-13,0.0,0.0,779.7043571230538,0.0,775.4687284526707,0.0,0.0,272.5708646603135,0.0,16750.354418796913
60000.0,0.0825,0.5060963794888025,5.060963794888025e-10,8.721840948989572,0.00027335829497582477,1559.4088526135365,1.8781580514898932,1048.990138091146,0.4135263530406665,775.678021644031,170.13522646987795,86.1048221399127,110385.93648412828,58984.740229654206,0.6399799765399834,272.8947631963189,170.1352264698695,86.10482213990838,55198.1748844838,71597.76334723184,0.19820993595091502,18309.863448752185,-3.3676914388117926e-13,0.0,0.0,779.7043571339482,0.0,775.4687374539709,0.0,0.0,272.5708716472502,0.0,16750.35442115415
60000.0,0.0875,0.5060963795557369,5.06096379555737e-10,8.721838375672872,0.00027337906109668823,1559.4088526347646,1.8781778619033402,1048.9901508179562,0.41353626316352926,775.678025453619,170.13522629973593,86.10482206519235,110385.9364143445,58984.7402017245,0.6399890778621247,272.8947717091287,170.1352262997522,86.10482206520057,55198.17494269089,71597.76337688076,0.1982137907866736,18309.863444879837,-5.067122236001647e-16,0.0,0.0,779.7043571392979,0.0,775.4687362480138,0.0,0.0,272.57087555386664,0.0,16750.354415318932
60000.0,0.0925,0.506096379753987,5.06096379753987e-10,8.721839931448335,0.0002733548912876381,1559.408852606951,1.878164879728128,1048.9901349059635,0.41352993410087724,775.6780198003307,170.13522641464476,86.10482215707663,110385.93644744802,58984.74024033661,0.6399826001806411,272.8947615390557,170.135226414636,86.10482215707219,55198.174896675075,71597.76334402728,0.19821404715679025,18309.863448790093,-1.109026517703908e-15,0.0,0.0,779.7043571315253,0.0,775.4687337977656,0.0,0.0,272.57086866199853,0.0,16750.35441911526
60000.0,0.0975,0.5060963798290548,5.060963798290548e-10,8.721838693581821,0.00027336059357230155,1559.4088526070248,1.8781639558683312,1048.990135552892,0.413529335037948,775.678019954693,170.1352263841856,86.10482215443203,110385.93651475567,58984.74024302712,0.6399824836578766,272.89476213918556,170.13522638417155,86.1048221544301,55198.17489896032,71597.76334724396,0.19822010281533653,18309.86344726727,4.7672467252246205e-11,0.0,0.0,779.7043570704491,0.0,775.468734244418,0.0,0.0,272.5708693196267,0.0,16750.35441453518
60000.0,0.10250000000000001,0.5060963799020108,5.060963799020109e-10,8.721838697959235,0.0002733623532086066,1559.4088526175697,1.878174644211792,1048.9901381911723,0.4135322972371116,775.6780224955342,170.1352263423284,86.10482214566062,110385.93641063594,58984.740238461425,0.6399893174006103,272.8947622373154,170.13522634233183,86.10482214565909,55198.17491197819,71597.76334869242,0.19822019208282043,18309.863445061197,6.3582751777675814e-12,0.0,0.0,779.7043569171723,0.0,775.4687370646759,0.0,0.0,272.57086402513005,0.0,16750.354413939553
60000.0,0.1075,0.5060963792620412,5.060963792620412e-10,8.721838523044793,0.0002733600107225712,1559.4088526148998,1.8781619520501702,1048.9901446292351,0.4135312320867285,775.6780204832357,170.13522644032915,86.10482208637808,110385.93647298792,58984.7401989622,0.6399784339504299,272.8947706098967,170.135226440337,86.10482208638204,55198.17489628193,71597.76336595752,0.198206932051599,18309.86345301451,4.737941389675152e-14,0.0,0.0,779.7043571341926,0.0,775.4687338239683,0.0,0.0,272.5708798416691,0.0,16750.354426936934
60000.0,0.1125,0.506096382130203,5.060963821302031e-10,8.721844918717109,0.0002733570275057319,1559.4088526156042,1.878170176351338,1048.9901387375662,0.4135303495679911,775.678023347492,170.13522557186917,86.10482213465113,110385.93521406384,58984.74023174997,0.6399866993768774,272.89476176508396,170.13522557155324,86.10482213464954,55198.17429044523,71597.763349471,0.19822190137724965,18309.863446990417,2.0241375245496775e-09,0.0,0.0,779.7043566496637,0.0,775.4687369986489,0.0,0.0,272.57086679468694,0.0,16750.354313589847
60000.0,0.1175,0.5060963796398601,5.060963796398602e-10,8.721838192937678,0.0002733830803307669,1559.4088526258492,1.878178607603592,1048.9901475342174,0.4135369930767444,775.678022967993,170.13522633394615,86.10482209681834,110385.93640747685,58984.740207512856,0.639988870935743,272.894770798228,170.1352263339496,86.1048220968201,55198.1749280617,71597.76336700877,0.1982127663463489,18309.86344630904,-8.802359461024269e-14,0.0,0.0,779.7043571338181,0.0,775.4687333929419,0.0,0.0,272.57087474763875,0.0,16750.35441727864
60000.0,0.1225,0.5060963799734399,5.0609637997344e-10,8.721839312692653,0.00027335629320715895,1559.4088526111182,1.8781727783503495,1048.9901351227345,0.4135312563098885,775.6780209219066,170.1352263403024,86.10482215678887,110385.93641045343,58984.740245955865,0.6399891569903238,272.8947607403519,170.1352263402994,86.10482215678769,55198.17491745943,71597.76334485493,0.19821982362327126,18309.86344637034,1.9549202755736603e-12,0.0,0.0,779.7043571763761,0.0,775.4687342253927,0.0,0.0,272.5708644285842,0.0,16750.354413778066
60000.0,0.1275,0.5060963799079167,5.060963799079166e-10,8.721838677621866,0.00027336894407276844,1559.408852616979,1.878179092869199,1048.9901404283787,0.4135344833085526,775.6780224970751,170.13522630141648,86.10482212596105,110385.93638310762,58984.74022500877,0.6399924429589634,272.8947644558922,170.13522630141216,86.1048221259604,55198.174926013584,71597.76335358499,0.1982204633838462,18309.86344726618,-1.1685410658016593e-11,0.0,0.0,779.7043571320318,0.0,775.4687341908896,0.0,0.0,272.5708665973488,0.0,16750.35441423831
60000.0,0.1325,0.506096379771419,5.06096379771419e-10,8.72183881118459,0.00027339015571308363,1559.4088526170115,1.8781802316445628,1048.990141581634,0.41353879898889706,775.6780219929141,170.13522632214568,86.10482211322896,110385.93639764877,58984.740217056715,0.639989433675622,272.8947661974431,170.13522632214503,86.1048221132286,55198.174921267695,71597.76335711931,0.19821151421967403,18309.86344900466,1.8750017221228823e-13,0.0,0.0,779.7043571276585,0.0,775.4687315038607,0.0,0.0,272.5708698619711,0.0,16750.35442061617
60000.0,0.1375,0.5060963801463835,5.060963801463835e-10,8.721838255889173,0.00027338958098734566,1559.4088526093253,1.8781811181946821,1048.9901338201994,0.4135389931631244,775.6780197931802,170.13522632164947,86.1048221767725,110385.93639695765,58984.74025806671,0.639989450916346,272.8947602937719,170.1352263216468,86.10482217677114,55198.17492172413,71597.7633424447,0.19821106143294495,18309.86344329874,4.522722270867571e-14,0.0,0.0,779.7043571239366,0.0,775.4687292056982,0.0,0.0,272.5708639493322,0.0,16750.35441514889
60000.0,0.14250000000000002,0.5060963792020312,5.060963792020312e-10,8.721838747637854,0.00027336476454193286,1559.408852622616,1.8781722881509193,1048.9901480200133,0.41353154377704787,775.6780238685877,170.13522641970093,86.10482206572762,110385.9364567146,58984.74018666512,0.6399866244218632,272.894770722614,170.13522641973992,86.10482206572762,55198.1749040575,71597.76336874547,0.19822031509669147,18309.863453157614,-3.22144046313218e-11,0.0,0.0,779.7043579837582,0.0,775.4687363792744,0.0,0.0,272.5708769054109,0.0,16750.354425321875
60000.0,0.1475,0.5060963801727176,5.060963801727176e-10,8.721839255678297,0.0002733901996389128,1559.4088526064509,1.8781789336177117,1048.9901318656891,0.41353861771266426,775.6780193290608,170.13522633366105,86.10482218733188,110385.9364068203,58984.740265957356,0.6399888600797358,272.8947594199296,170.1352263336694,86.10482218733613,55198.17492365988,71597.76334232381,0.19821109716040378,18309.863443316193,-1.2566291351058617e-14,0.0,0.0,779.7043571223353,0.0,775.4687289315774,0.0,0.0,272.5708633744928,0.0,16750.35441515139
60000.0,0.1525,0.506096378554174,5.06096378554174e-10,8.721839492705445,0.0002733589915700068,1559.4088526202063,1.8781277751804788,1048.9901440814244,0.41352364179670353,775.6780233291909,170.13522669839566,86.10482209658434,110385.93664033535,58984.740206577146,0.6399698272721923,272.89476778681535,170.13522669857332,86.10482209658588,55198.1748691685,71597.76336166856,0.19822002949409942,18309.86345069377,2.0699138110941686e-10,0.0,0.0,779.7043587305116,0.0,775.468754124575,0.0,0.0,272.57088416875604,0.0,16750.354412743265
60000.0,0.1575,0.5060963804222911,5.060963804222912e-10,8.721835035638813,0.00027338086552066294,1559.408852597308,1.8781854242713656,1048.990129049688,0.41353810118182965,775.678016643702,170.13522628174425,86.10482220351822,110385.93637491904,58984.740277355966,0.6399907351082876,272.89475669172265,170.13522628173192,86.10482220351199,55198.174927798704,71597.76333486184,0.19821276367547952,18309.86344165261,1.0497505682336042e-13,0.0,0.0,779.7043571201347,0.0,775.4687265075238,0.0,0.0,272.57085969718037,0.0,16750.354412648474
60000.0,0.1625,0.506096378328737,5.06096378328737e-10,8.721839972940062,0.0002733574536808416,1559.4088526567123,1.8781578664668759,1048.9901683801913,0.41352985458018465,775.6780335101644,170.13522646808732,86.10482194163848,110385.93649434285,58984.74010683703,0.6399769100677163,272.8947819304999,170.13522646808812,86.10482194163885,55198.174891133836,71597.76339700999,0.1982070723240112,18309.863456897572,2.636856843190457e-13,0.0,0.0,779.7043571569913,0.0,775.468747545557,0.0,0.0,272.5708919318505,0.0,16750.354430704356
60000.0,0.1675,0.5060963807250459,5.06096380725046e-10,8.721840109369712,0.0002733797064395897,1559.40885259737,1.8781787691785852,1048.990120400185,0.4135365871348725,775.6780153578623,170.1352263213179,86.10482227505555,110385.93640239787,58984.74032467526,0.6399917564352675,272.89475244655785,170.13522632132486,86.10482227505909,55198.17493150427,71597.76332438215,0.1982171222394468,18309.863437239143,-4.279052825804703e-14,0.0,0.0,779.7043571204209,0.0,775.4687259878173,0.0,0.0,272.57085493493184,0.0,16750.354406030423
60000.0,0.17250000000000001,0.5060963791151898,5.060963791151899e-10,8.721841690093637,0.00027336199577436505,1559.408852621605,1.8781550616978147,1048.9901446682486,0.41353004274615507,775.6780230693314,170.13522650229132,86.10482209275231,110385.93651340039,58984.74020322421,0.6399765886734136,272.89477001430356,170.1352265022818,86.10482209274755,55198.17489816964,71597.76337111389,0.19820707637848486,18309.863453952417,2.9691046161327027e-14,0.0,0.0,779.7043571370203,0.0,775.4687370120541,0.0,0.0,272.5708801800619,0.0,16750.35442778934
60000.0,0.1775,0.506096379624661,5.060963796246611e-10,8.721848168238743,0.00027336930771580133,1559.408852622968,1.8781394080373022,1048.9901309052175,0.4135270383809019,775.6780208029461,170.13522656280142,86.10482221005469,110385.93659745103,58984.740293845614,0.639979310230134,272.89476247896533,170.13522656279727,86.10482221005658,55198.174926841806,71597.76336619198,0.19822067998997467,18309.863447919033,-2.9929213795464496e-11,0.0,0.0,779.7043529727501,0.0,775.4687429783829,0.0,0.0,272.5708750684391,0.0,16750.3544202005
60000.0,0.1825,0.5060963800878114,5.060963800878115e-10,8.721869043513527,0.00027338735865916545,1559.4088526212788,1.8781112413870318,1048.990101572851,0.4135224998716548,775.67801445277,170.13522689195452,86.10482245543766,110385.93684713378,58984.740477572464,0.6399735491834936,272.8947523558343,170.13522689195838,86.10482245543804,55198.17498794024,71597.76337921958,0.19822182280815032,18309.8634458826,-1.575760104725079e-11,0.0,0.0,779.7043571236328,0.0,775.4687322127644,0.0,0.0,272.5708640595077,0.0,16750.35441270056
60000.0,0.1875,0.5060963799280489,5.06096379928049e-10,8.721934241229311,0.00027340901613669215,1559.4088526438486,1.8779648374318534,1048.99003121037,0.4134937442493426,775.678001535265,170.1352281616012,86.10482307081898,110385.93782423195,58984.740956356014,0.6399352888676488,272.8947350894216,170.13522816160256,86.10482307081965,55198.175138468345,71597.76345931686,0.1982287886102176,18309.86345158038,-6.488765273988452e-14,0.0,0.0,779.7043571362852,0.0,775.4687338481708,0.0,0.0,272.57086615633784,0.0,16750.35441443487
60000.0,0.1925,0.5060963772580473,5.060963772580474e-10,8.72213311907082,0.00027355122785880254,1559.4088527421056,1.8775335438163385,1048.989821352827,0.4134221925532132,775.6779706467771,170.13523287592832,86.10482500246106,110385.94255029858,58984.742455343614,0.6398171598103906,272.8946786396312,170.1352328759201,86.10482500246147,55198.17643793346,71597.76370211702,0.19823374133121446,18309.86345183082,-2.2409105517381394e-09,0.0,0.0,779.7043567753574,0.0,775.4687387767302,0.0,0.0,272.5708694637725,0.0,16750.35452159352
60000.0,0.1975,0.5060963786079946,5.060963786079947e-10,8.722724774565116,0.00027391639160441765,1559.4088530477136,1.8762523400934226,1048.9891964098003,0.4131993136858122,775.6778722267464,170.13524383311756,86.1048307775299,110385.94996800782,58984.74693162246,0.6394719818763085,272.89451647904946,170.13524383320043,86.10483077753179,55198.17704826594,71597.76447489492,0.19826029258990507,18309.863474463455,1.5779260873115452e-10,0.0,0.0,779.7043544979622,0.0,775.4687553072871,0.0,0.0,272.5708766710136,0.0,16750.35443627144
60000.0,0.2025,0.5060963740756994,5.060963740756994e-10,8.724436144127669,0.0002749967983830489,1559.4088540253008,1.8725305008921942,1048.9874206985578,0.4125589099058793,775.6775978903747,170.13527849465726,86.10484754850849,110385.97657590306,58984.75992032104,0.6384777948685012,272.89406777467116,170.13527849463594,86.10484754850944,55198.18146021085,71597.76688135022,0.19833837048236932,18309.86356682613,2.7394777284939878e-11,0.0,0.0,779.704357433685,0.0,775.468803318661,0.0,0.0,272.570936476268,0.0,16750.354471141705
60000.0,0.20750000000000002,0.5060963588706133,5.060963588706134e-10,8.729231455944708,0.0002780525268543323,1559.408857439664,1.8621674278841733,1048.9825520596462,0.41077586099718,775.6769139170822,170.13537768352606,86.10489516070915,110386.05254953339,58984.796698838596,0.6357066750132164,272.89282297390537,170.13537768351583,86.10489516070396,55198.194622630625,71597.77406157361,0.19855504472779753,18309.86379166423,2.3405205166546437e-13,0.0,0.0,779.7043583593313,0.0,775.4690217482666,0.0,0.0,272.57109413735543,0.0,16750.354586966074
60000.0,0.2125,0.506096288385049,5.060962883850491e-10,8.742207981709734,0.0002864381512858669,1559.4088695877902,1.8343874342371314,1048.9702104269386,0.40599468686576634,775.6754391084836,170.13565157183874,86.1050217824663,110386.26150261794,58984.894646156616,0.6282860750119661,272.88984028770824,170.13565157165792,86.10502178246668,55198.2325261945,71597.79574456962,0.19916581683854906,18309.864708644396,-1.8138039328003392e-10,0.0,0.0,779.7043622962062,0.0,775.4699666919745,0.0,0.0,272.5718670388879,0.0,16750.355183603726
60000.0,0.2175,0.5060960023073122,5.060960023073123e-10,8.776123320794962,0.000309594109616314,1559.4089136613309,1.7638363470319258,1048.9414713860842,0.3939325053001265,775.6732182415793,170.13637559920915,86.1053395378151,110386.8107704589,58985.14115233399,0.6095620081900084,272.883447182161,170.13637559921312,86.1053395378171,55198.338674806066,71597.85952895286,0.2008285790614146,18309.867986840676,5.927113230205331e-14,0.0,0.0,779.7043784884955,0.0,775.4738505754678,0.0,0.0,272.57495028665767,0.0,16750.357591322634
60000.0,0.2225,0.5060948487836348,5.060948487836348e-10,8.862538088643994,0.0003775253363837314,1559.4090769277389,1.5966941421953698,1048.8849662782404,0.3658401770057521,775.6749939445957,170.1381864506607,86.10605974406941,110388.17676729483,58985.70539994868,0.5659844395766427,272.87348505351946,170.13818645066215,86.1060597440681,55198.62566247278,71598.0451173187,0.20575098770363612,18309.880195298778,-5.1525451363966605e-12,0.0,0.0,779.7044429940743,0.0,775.4898441399946,0.0,0.0,272.5870434488273,0.0,16750.367179976274
60000.0,0.2275,0.5060904582389035,5.060904582389036e-10,9.084227209331711,0.0006281928163296334,1559.409672599411,1.240471582612138,1048.8119479192321,0.3092514002108147,775.7096448606474,170.14237645878356,86.1074332678818,110391.31980974268,58986.812337429474,0.4783316144963006,272.8731004757163,170.14237645878447,86.10743326788224,55199.37718056976,71598.57730735073,0.22390121409719047,18309.924993076027,-2.7014078729596634e-13,0.0,0.0,779.7046773385046,0.0,775.5531356777988,0.0,0.0,272.6310214097499,0.0,16750.40232413548
60000.0,0.2325,0.506077387142263,5.060773871422631e-10,9.680463523975318,0.0024748594481709984,1559.411447333999,0.652918102194736,1048.854365742513,0.24428428913385714,775.9014015679113,170.15054352653257,86.10934248874483,110397.4718568288,58988.48449562205,0.3804351005405471,272.93869381354324,170.15054352653286,86.10934248874473,55201.3874277124,71600.02903105252,0.35861762198281344,18310.06039293209,7.093387247638718e-12,0.0,0.0,779.7050984352632,0.0,775.7777733051756,0.0,0.0,272.74616418167926,0.0,16750.468708243297
60000.0,0.2375,0.5060696976190353,5.060696976190354e-10,10.34539083167974,0.011443790589123924,1559.409006483717,0.302738062321608,1049.1492661522996,0.3353869760141764,776.569495095753,170.1622123182157,86.1139393340655,110406.33464991701,58992.21033261169,0.5760935453690428,272.93959259113956,170.16221231821302,86.11393933406416,55206.810786129485,71602.7788084628,1.0546696210387014,18309.87625632322,4.4085303607961826e-14,0.0,0.0,779.7016075640471,0.0,776.3997659102089,0.0,0.0,272.5962936824277,0.05175542240592607,16749.93930485968
60000.0,0.2425,0.5059889331932762,5.059889331932762e-10,10.345470261521337,0.0114468074293305,1559.4049617272958,0.30277408134303063,1049.149766578021,0.33549895599393725,779.3163618153709,170.19035068725057,86.11443398403149,110424.59201827692,58997.70853742679,0.5762927861458285,272.78590309377995,170.1903506872527,86.11443398403257,55215.940655328886,71607.45679056033,1.0550684375174846,18309.546640788154,5.178701220978233e-14,0.0,0.0,779.6995848847175,0.0,779.1466030565532,0.0,0.0,269.8499631870411,2.64434213466676,16749.61361806238
60000.0,0.2475,0.5056011659422522,5.056011659422523e-10,10.34547048105572,0.011450015687702068,1559.403437132039,0.30284197739075513,1048.727331566628,0.3355801206538413,791.2242311802869,170.23329220290677,86.07015101997779,110452.45375189315,58993.13116909767,0.5764305570803556,272.53433428021907,170.2332922029073,86.07015101997808,55229.87237814988,71615.62337304524,1.0553165396015995,18309.36970223577,-9.862809142813699e-15,0.0,0.0,779.6988239953662,0.0,791.0545614800187,0.0,0.0,257.51965282974317,14.723237488730863,16749.438484973038
60000.0,0.2525,0.520730528834068,5.20730528834068e-10,12.531579328975644,0.005622373479263998,0.002927693599865257,0.009825969245827655,12928.535713807683,27.261143346506184,12995.921672128356,170.1350767192001,88.59452847321387,110442.00223070955,57617.590739730906,0.00013395520299294242,0.3389606501545568,170.13507671920075,88.59452847321405,55249.34401469013,67662.68043038734,0.5267683998075892,0.2743043874051979,-1.1421692855609563e-07,0.0,0.0,0.0,0.0,12928.530597098861,0.0,53.195365415290546,0.0,0.3388908955908622,0.0
60000.0,0.2575,0.5203344163774082,5.203344163774082e-10,12.531635285527635,0.0027865061755558383,0.0014495109705038086,0.009829446916297632,12928.275752695434,27.012588891546006,13007.986961116836,170.17840364219006,88.54968033919648,110469.61092085452,57612.620782780235,0.0001305595079213279,0.07945290175230793,170.17840364219015,88.54968033919653,55262.37157015923,67671.20602891591,0.26477590380830496,0.1377720153800039,-3.848431093857446e-07,0.0,0.0,0.0,0.0,12928.270638149688,0.0,65.66074386387682,0.0,0.07938496714695117,0.0
60000.0,0.2625,0.520241574789755,5.20241574789755e-10,12.531666137906699,0.0012429812183035187,0.0006466505064443109,0.009831660475956286,12928.214816838665,26.875655435339354,13010.773945790088,170.20666622935306,88.5485840788728,110487.67136552022,57617.482088968034,0.00012867845028228004,0.018627916514005097,170.20666622935292,88.54858407887275,55270.97248406698,67676.08881417739,0.11974480464438815,0.06229622574108806,9.133834122692235e-14,0.0,0.0,0.0,0.0,12928.20970199908,0.0,68.58241048291988,0.0,0.018560972634388738,0.0
60000.0,0.2675,0.5202198087156932,5.202198087156932e-10,12.531680920646327,0.0005139834831208152,0.0002673843892721363,0.009832661236585698,12928.200532087436,26.809969142934506,13011.409868121778,170.22220455983057,88.5529626952787,110497.62015101661,57621.59416895447,0.00012776323463085094,0.0043675500648846614,170.22220455983057,88.55296269527862,55275.740420021895,67678.66470925405,0.049905764017363366,0.0259619670109233,-2.4261560485291736e-13,0.0,0.0,0.0,0.0,12928.195416940307,0.0,69.2673741687258,0.0,0.004301085099404101,0.0
60000.0,0.2725,0.5202147093911774,5.202147093911774e-10,12.531687407172885,0.00020274657234119528,0.00010547950780693453,0.009833282769220828,12928.197183292741,26.781583623561236,13011.552096604855,170.22975589033558,88.556022990222,110502.46222936193,57623.863890536246,0.00012738125977234402,0.001018705454030341,170.22975589033558,88.55602299022198,55278.07181684356,67679.89988439195,0.019510270601762015,0.010149529751238808,4.0690738917361905e-09,0.0,0.0,0.0,0.0,12928.192067872036,0.0,69.42785499558113,0.0,0.000952439848995989,0.0
60000.0,0.2775,0.5202135106579213,5.202135106579213e-10,12.531689940846375,7.966256799469965e-05,4.144154416454807e-05,0.00983349788165221,12928.196398370206,26.77011108962479,13011.58304829598,170.23310197814178,88.55755961023706,110504.61005361778,57624.92261688752,0.00012722521055417605,0.0002124058523950405,170.2331019781428,88.55755961023705,55279.10955709921,67680.44497403214,0.007252799463339336,0.0037730042709216436,1.5653188323830476e-12,0.0,0.0,0.0,0.0,12928.19128277376,0.0,69.46559205643436,0.0,0.0001462215789684593,0.0
60000.0,0.28250000000000003,0.5202132316653529,5.202132316653529e-10,12.531690923065662,3.39240042978906e-05,1.764771590683499e-05,0.009833460849890717,12928.196214333564,26.765817611915285,13011.589376775079,170.23448146003486,88.55822974120032,110505.49639916775,57625.37008951465,0.00011935736775646104,6.209128200365858e-05,170.23448146003477,88.5582297412003,55279.539044009885,67680.66963848838,0.0025948060602043028,0.0013498524461237227,-1.5549743038318962e-14,0.0,0.0,0.0,0.0,12928.191098836965,0.0,69.4743454601722,0.0,0.0,0.0
60000.0,0.2875,0.5202131653294398,5.202131653294398e-10,12.531691092535796,1.7465882031316525e-05,9.08817447709469e-06,0.009833733451707374,12928.196171235155,26.76431163435466,13011.590603165207,170.23501856221657,88.55849785616661,110505.84172836907,57625.54651350891,6.436793698593588e-05,3.348504823627329e-05,170.23501856221657,88.5584978561666,55279.70674750673,67680.75719298088,0.0009068323597361215,0.00047174613228149304,-3.4139459826068693e-09,0.0,0.0,0.0,0.0,12928.191055597308,0.0,69.47640029763755,0.0,0.0,0.0
60000.0,0.2925,0.520213147418845,5.202131474188449e-10,12.531690961894183,1.1919174840000375e-05,6.200511458152103e-06,0.009833658479991033,12928.196161111942,26.763665959947087,13011.590809743413,170.23521887883496,88.5585990144947,110505.97033272804,57625.61254201363,3.2787434229065787e-05,1.7056454356090682e-05,170.23521887883496,88.5585990144947,55279.76918722166,67680.78976065526,0.00031844408666800494,0.00016565880060248226,3.143329390551981e-14,0.0,0.0,0.0,0.0,12928.191045512885,0.0,69.47695332404085,0.0,0.0,0.0
60000.0,0.2975,0.5202131451753238,5.202131451753238e-10,12.531691066076549,1.007253841119835e-05,5.239866886788752e-06,0.009833532057339826,12928.196158741504,26.76357810966373,13011.590832113156,170.23528974917653,88.55863550025167,110506.01610447999,57625.63624602318,1.7096859287384567e-05,8.894010942510271e-06,170.2352897491765,88.55863550025167,55279.79156932871,67680.80141406438,0.00011987305735686941,6.235954018939902e-05,2.993462201798482e-14,0.0,0.0,0.0,0.0,12928.19104320949,0.0,69.4770237594563,0.0,0.0,0.0
60000.0,0.3025,0.5202131449372089,5.202131449372089e-10,12.531690949966015,9.467841068188575e-06,4.9252953778480415e-06,0.009833731859622028,12928.196158180745,26.763439238155108,13011.590767144093,170.2353148966956,88.55864854178611,110506.03212731074,57625.64457088755,1.0075496548044987e-05,5.241405746062476e-06,170.2353148966956,88.55864854178613,55279.79930398433,67680.805438468,5.4666712261572396e-05,2.8438342308970063e-05,-6.643786833998764e-14,0.0,0.0,0.0,0.0,12928.191042544104,0.0,69.477031705322,0.0,0.0,0.0
60000.0,0.3075,0.5202131424329479,5.202131424329479e-10,12.531690916140008,9.29899985803065e-06,4.837461937629662e-06,0.00983369214303381,12928.196158052991,26.76340793247895,13011.590826554484,170.2353232740393,88.55865247347674,110506.03749405878,57625.6472377443,7.170839071685161e-06,3.7303647273623005e-06,170.23532327403933,88.55865247347676,55279.801910950264,67680.80680762287,3.3750293395659825e-05,1.755734618539017e-05,8.464335174793663e-14,0.0,0.0,0.0,0.0,12928.191042438071,0.0,69.47710757275176,0.0,0.0,0.0
60000.0,0.3125,0.5202131448788526,5.202131448788526e-10,12.531690979055243,9.229150289526976e-06,4.801125296674402e-06,0.009833726834768424,12928.196158026694,26.763451526399862,13011.590775318322,170.2353257223316,88.55865416348995,110506.03916730732,57625.64823061026,6.0403730628924e-06,3.142281467288763e-06,170.23532572233157,88.55865416348995,55279.802776882716,67680.80724530309,2.717572458379275e-05,1.4137169150096377e-05,6.324909019635707e-15,0.0,0.0,0.0,0.0,12928.191042392742,0.0,69.4770336395822,0.0,0.0,0.0
60000.0,0.3175,0.5202131420736874,5.202131420736874e-10,12.531690933185102,9.210600603158324e-06,4.791475480154793e-06,0.009833700088987506,12928.196158029958,26.763420313410712,13011.590843855734,170.2353267644131,88.55865422805623,110506.03978019346,57625.64840912054,5.621372896758167e-06,2.9243120573904323e-06,170.23532676441306,88.55865422805621,55279.80304754584,67680.80740074966,2.5145555786425184e-05,1.3081048584845434e-05,-2.4457394788430966e-14,0.0,0.0,0.0,0.0,12928.191042409506,0.0,69.47711847158803,0.0,0.0,0.0
60000.0,0.3225,0.5202131462935662,5.202131462935662e-10,12.531691052623222,9.206423022794407e-06,4.789302286797404e-06,0.009833742803612417,12928.196157993005,26.763513509198148,13011.590764813964,170.23532651275718,88.55865481551396,110506.03980292793,57625.648632107965,5.472159886532732e-06,2.846689511594637e-06,170.2353265127572,88.55865481551396,55279.80315079533,67680.80743239874,2.4528408728108677e-05,1.2760000678023985e-05,3.6435766597080116e-14,0.0,0.0,0.0,0.0,12928.1910423508,0.0,69.47699089413416,0.0,0.0,0.0
60000.0,0.3275,0.5202131444692457,5.202131444692458e-10,12.531691060164015,9.220704383473762e-06,4.792326399784393e-06,0.009833755153127668,12928.196158027402,26.763522766197575,13011.59082475168,170.2353265455004,88.55865452198361,110506.03984257957,57625.64856141447,5.420766820809375e-06,2.8199541519560646e-06,170.23532654550039,88.5586545219836,55279.80317940129,67680.80745683708,2.4343400422367976e-05,1.266375688079401e-05,9.693401257226507e-09,0.0,0.0,0.0,0.0,12928.191042392507,0.0,69.47704602964556,0.0,0.0,0.0
60000.0,0.3325,0.5202131454508823,5.202131454508823e-10,12.531691103114877,9.305700536949094e-06,4.788068578285239e-06,0.009833758690389292,12928.196158020886,26.7635540720585,13011.590811391536,170.23532639487289,88.55865461073442,110506.03980727102,57625.6485922711,5.403559531542122e-06,2.8110027073735594e-06,170.235326394873,88.55865461073441,55279.803193108455,67680.80745883258,2.4288626367657084e-05,1.263526272140013e-05,-7.239603581198659e-08,0.0,0.0,0.0,0.0,12928.191042346878,0.0,69.4770163880487,0.0,0.0,0.0
60000.0,0.3375,0.5202131437360515,5.202131437360515e-10,12.531690968350057,9.288810651349353e-06,4.818960278448627e-06,0.0098337216149635,12928.196158014558,26.763453812240595,13011.590811047621,170.23532696764119,88.55865461677125,110506.03997846348,57625.648595455335,5.397936684980377e-06,2.808077599142298e-06,170.23532696764127,88.55865461677129,55279.80317837673,67680.80746011392,2.4272591111409397e-05,1.2626920928686023e-05,-8.386996049451024e-11,0.0,0.0,0.0,0.0,12928.191042381757,0.0,69.47706821934307,0.0,0.0,0.0
60000.0,0.3425,0.5202131454757843,5.202131454757843e-10,12.531691059645746,9.198666198019243e-06,4.7852670770533636e-06,0.009833754604412676,12928.196158010156,26.763522366636437,13011.590794133333,170.23532658384883,88.55865471328141,110506.03986657268,57625.64862429996,5.396137921945777e-06,2.807141881796575e-06,170.2353265838489,88.55865471328146,55279.803190858416,67680.8074575277,2.426794415906857e-05,1.262450356521975e-05,3.352475899288189e-15,0.0,0.0,0.0,0.0,12928.191042362945,0.0,69.47701561685895,0.0,0.0,0.0
60000.0,0.34750000000000003,0.5202131454051095,5.202131454051096e-10,12.531691061361704,9.196567008818744e-06,4.784175050586458e-06,0.009833756608932629,12928.19615799136,26.76352358533637,13011.590796906607,170.2353265776316,88.55865469801579,110506.03986499127,57625.64861998607,5.395572976859829e-06,2.806847989555062e-06,170.23532657763164,88.55865469801579,55279.803191317835,67680.80745811234,2.4266609935965576e-05,1.2623809483107536e-05,2.3499624232628185e-14,0.0,0.0,0.0,0.0,12928.191042342065,0.0,69.47701777795736,0.0,0.0,0.0
60000.0,0.35250000000000004,0.5202131455234708,5.202131455234708e-10,12.531691055326569,9.173289360915872e-06,4.772065713239034e-06,0.009833729327363275,12928.196158036888,26.763511873203345,13011.59078722752,170.23532664381824,88.5586547525962,110506.03988460511,57625.648635973186,5.3953984166074685e-06,2.806757181655725e-06,170.23532664381804,88.55865475259613,55279.80318934272,67680.80745649988,2.4266230088813072e-05,1.2623611884497737e-05,8.029605104247276e-14,0.0,0.0,0.0,0.0,12928.191042404946,0.0,69.477014127519,0.0,0.0,0.0
60000.0,0.3575,0.5202131444986133,5.202131444986133e-10,12.531691081622048,9.207034426545717e-06,4.7896203305403356e-06,0.009833705670516325,12928.196158011795,26.76352620013111,13011.590825693092,170.23532656281537,88.5586545359905,110506.03986126721,57625.64857237108,5.3953452812324115e-06,2.806729534405668e-06,170.23532656281196,88.55865453599046,55279.80319202789,67680.8074631475,2.426612276717899e-05,1.2623556029503572e-05,-1.6456524853995067e-12,0.0,0.0,0.0,0.0,12928.191042388531,0.0,69.47704514577781,0.0,0.0,0.0
60000.0,0.3625,0.5202131439826287,5.202131439826287e-10,12.531691001395302,9.231503967878915e-06,4.793539107172933e-06,0.009833687399907549,12928.19615802864,26.76345664990196,13011.59080507472,170.23532695490456,88.55865465212162,110506.03997588652,57625.648606385774,5.395329340115897e-06,2.80672123821031e-06,170.23532695490465,88.5586546521217,55279.80317968186,67680.80745956794,2.4266092723700518e-05,1.2623540387970238e-05,4.167578432068849e-10,0.0,0.0,0.0,0.0,12928.191042428094,0.0,69.47706070909929,0.0,0.0,0.0
60000.0,0.3675,0.5202131447865328,5.202131447865329e-10,12.531691030390304,9.205720402245957e-06,4.7932063639648065e-06,0.009833625958128292,12928.196158002549,26.763472763923215,13011.590789086395,170.23532686504953,88.55865474223076,110506.0399495286,57625.648632995144,5.395324710255738e-06,2.806718763609229e-06,170.23532686504922,88.55865474223079,55279.803182355914,67680.80745683043,2.426608432390553e-05,1.2623536037794082e-05,2.098048474261883e-07,0.0,0.0,0.0,0.0,12928.191042393859,0.0,69.47703643082741,0.0,0.0,0.0
60000.0,0.3725,0.520213142496494,5.20213142496494e-10,12.531690975869846,9.20555368120793e-06,4.792155989563632e-06,0.0098337014374645,12928.196158029677,26.763447787589122,13011.590845368768,170.23532700488903,88.55865442513158,110506.03999070996,57625.64853977967,5.395323175732928e-06,2.8067180369893624e-06,170.23532700488892,88.55865442513154,55279.8031783034,67680.80746656167,2.426608202112433e-05,1.2623534784286759e-05,-3.9748635141236903e-10,0.0,0.0,0.0,0.0,12928.191042406579,0.0,69.47710568578775,0.0,0.0,0.0
60000.0,0.3775,0.52021314405589,5.2021314405589e-10,12.531690964752666,9.20948602407954e-06,4.790895679725195e-06,0.009833650772377049,12928.19615800842,26.763425455901917,13011.590786624727,170.23532713069145,88.55865475603996,110506.04002780192,57625.64863704672,5.395322794020128e-06,2.8067178338736196e-06,170.23532713069142,88.55865475603993,55279.80317440618,67680.80745640953,2.4266081399448296e-05,1.262353449872315e-05,5.004491820675197e-14,0.0,0.0,0.0,0.0,12928.191042414086,0.0,69.47705850873716,0.0,0.0,0.0
60000.0,0.3825,0.5202131448642264,5.202131448642264e-10,12.531690978611591,9.210748449201954e-06,4.7915524173126454e-06,0.009833666152713907,12928.196158004645,26.763440158695673,13011.590769845283,170.2353270479356,88.5586548505967,110506.04000347645,57625.64866481697,5.3953226848109506e-06,2.8067177814228064e-06,170.2353270479355,88.55865485059668,55279.803176943,67680.80745350392,2.4266081212454033e-05,1.2623534421061437e-05,2.8190441270763663e-14,0.0,0.0,0.0,0.0,12928.191042405006,0.0,69.4770340682975,0.0,0.0,0.0
60000.0,0.3875,0.520213144393395,5.202131443933951e-10,12.531691118803066,9.207058596386029e-06,4.789632903040214e-06,0.009833723285492913,12928.19615802239,26.76355135753831,13011.590841926536,170.23532642149235,88.55865444456056,110506.03981930799,57625.648545501695,5.395322621527117e-06,2.8067177459614362e-06,170.23532642149235,88.55865444456055,55279.803196144014,67680.80746595358,2.4266081075406186e-05,1.2623534338342108e-05,8.269651987778683e-14,0.0,0.0,0.0,0.0,12928.19104238423,0.0,69.47704833322956,0.0,0.0,0.0
60000.0,0.3925,0.5202131446410828,5.202131446410828e-10,12.531690982272872,9.199385132598708e-06,4.785641068593597e-06,0.009833699382637135,12928.196157992179,26.76344803031093,13011.590780717703,170.23532700326535,88.55865478937174,110506.03999028976,57625.64864687389,5.395322644041695e-06,2.8067177590101715e-06,170.23532700326612,88.55865478937172,55279.8031782108,67680.80745537164,2.4266081145379642e-05,1.2623534380753632e-05,3.2168378479029784e-13,0.0,0.0,0.0,0.0,12928.191042356118,0.0,69.477040872564,0.0,0.0,0.0
60000.0,0.3975,0.5202131439373718,5.202131439373718e-10,12.531690919792936,9.206437948146848e-06,4.789310029469799e-06,0.009833701742610433,12928.19615803916,26.763413726121545,13011.590784104552,170.23532719674836,88.55865477022763,110506.04004698449,57625.648641091095,5.395322631862198e-06,2.8067177488774903e-06,170.23532719674836,88.55865477022766,55279.80317238504,67680.80745597478,2.4266081169460172e-05,1.2623534376204332e-05,-3.1952252826360535e-14,0.0,0.0,0.0,0.0,12928.191042418468,0.0,69.47706208878213,0.0,0.0,0.0
60000.0,0.4025,0.5202131450098275,5.202131450098275e-10,12.53169111740693,9.207898552844305e-06,4.790069865106574e-06,0.009833723004202967,12928.196158026056,26.76355044033935,13011.59082281198,170.23532642670665,88.5586545522116,110506.03982085592,57625.648577121545,5.395322607906494e-06,2.806717742201661e-06,170.23532642670648,88.55865455221162,55279.803195988105,67680.807462658,2.4266081058753704e-05,1.262353434463767e-05,1.4940435492247012e-13,0.0,0.0,0.0,0.0,12928.191042398594,0.0,69.47702967131181,0.0,0.0,0.0
60000.0,0.40750000000000003,0.5202131418988298,5.202131418988298e-10,12.531690933978814,9.20699784226992e-06,4.789601274982983e-06,0.009833695446290057,12928.19615801496,26.763418157926996,13011.590848018855,170.23532717183605,88.55865441023609,110506.0400398446,57625.64853547192,5.395322635326962e-06,2.806717739681313e-06,170.23532717183627,88.5586544102362,55279.80317321526,67680.80746702783,2.4266081164715442e-05,1.2623534324268634e-05,-5.861280431633234e-14,0.0,0.0,0.0,0.0,12928.191042397028,0.0,69.4771237746248,0.0,0.0,0.0
60000.0,0.41250000000000003,0.5202131452124688,5.202131452124687e-10,12.531690977733412,9.206733642767782e-06,4.789463865437677e-06,0.009833737266084703,12928.196158008474,26.763462794697585,13011.590771100939,170.235326920329,88.5586548434972,110506.03996563329,57625.64866264597,5.395322629775708e-06,2.8067177546716293e-06,170.2353269203286,88.55865484349698,55279.80318081432,67680.80745367291,2.4266081128797166e-05,1.2623534385992508e-05,-8.558197617072278e-15,0.0,0.0,0.0,0.0,12928.1910423693,0.0,69.47702357453836,0.0,0.0,0.0
60000.0,0.4175,0.520213145188312,5.20213145188312e-10,12.531691061230648,9.201032315996464e-06,4.7909063425844134e-06,0.009833762558404558,12928.196158016288,26.763526279283077,13011.590804849346,170.23532656280742,88.55865465339743,110506.03986073837,57625.6486068788,5.39532268416055e-06,2.8067177483493856e-06,170.23532656280744,88.55865465339744,55279.80319182671,67680.80745955661,2.4266081077816557e-05,1.2623534358885537e-05,2.2095114125799368e-08,0.0,0.0,0.0,0.0,12928.191042371593,0.0,69.47702430267196,0.0,0.0,0.0
60000.0,0.4225,0.5202131461923787,5.202131461923787e-10,12.53169111630958,9.179346450063958e-06,4.792862968111651e-06,0.009833722784562432,12928.196158004974,26.763549752992553,13011.590786709588,170.23532643068438,88.55865475559288,110506.03982187931,57625.6486369156,5.39532255140375e-06,2.8067177495799275e-06,170.2353264306843,88.55865475559284,55279.80319572089,67680.8074564194,2.4266081058978392e-05,1.262353437345044e-05,1.2139919290931297e-07,0.0,0.0,0.0,0.0,12928.19104237026,0.0,69.47699393311598,0.0,0.0,0.0
60000.0,0.4275,0.5202131442269469,5.202131442269468e-10,12.531691070102266,9.227236341144121e-06,4.800129629551732e-06,0.009833715320862623,12928.196158021992,26.76351833243821,13011.59082977246,170.23532660752443,88.55865451300151,110506.03987399531,57625.648565628835,5.395322566596324e-06,2.8067177164876738e-06,170.23532660752437,88.5586545130015,55279.803190530394,67680.80746388884,2.4266081084184703e-05,1.2623534338869766e-05,3.64174718213447e-15,0.0,0.0,0.0,0.0,12928.191042394208,0.0,69.47705335681123,0.0,0.0,0.0
60000.0,0.4325,0.5202131453040691,5.202131453040692e-10,12.5316910992328,9.207864622960004e-06,4.79005221704409e-06,0.00983370793738927,12928.196158018492,26.76352603453479,13011.590801228393,170.23532656412743,88.55865467379009,110506.0398612224,57625.648612857396,5.395322639188514e-06,2.8067177600625083e-06,170.23532656412746,88.55865467379009,55279.80319181983,67680.80745893909,2.426608107799838e-05,1.2623534361789093e-05,2.884163710621335e-14,0.0,0.0,0.0,0.0,12928.191042393473,0.0,69.47702077680204,0.0,0.0,0.0
60000.0,0.4375,0.5202131443524274,5.202131443524274e-10,12.531691060646981,9.207839255384273e-06,4.781229399218414e-06,0.009833755746840171,12928.196158014798,26.763523038811723,13011.590828429704,170.23532658115806,88.55865452064661,110506.0398660479,57625.64856783889,5.395322588221964e-06,2.8067177581988202e-06,170.2353265811582,88.55865452064651,55279.80319126122,67680.80746359573,2.4266081080425923e-05,1.262353433995932e-05,-1.9093847647415453e-09,0.0,0.0,0.0,0.0,12928.191042374145,0.0,69.4770495836841,0.0,0.0,0.0
60000.0,0.4425,0.5202131466655169,5.202131466655168e-10,12.531691056009917,9.20584260898616e-06,4.789000351328182e-06,0.009833734224516605,12928.19615801636,26.763514727684456,13011.59075420579,170.23532662775358,88.55865493865574,110506.03987991155,57625.64869067387,5.395322608846053e-06,2.806717751623411e-06,170.23532662775358,88.5586549386557,55279.80318995083,67680.80745081833,2.4266081087067834e-05,1.2623534399544144e-05,-6.126912199156628e-14,0.0,0.0,0.0,0.0,12928.191042378552,0.0,69.47697961235305,0.0,0.0,0.0
60000.0,0.4475,0.5202131446504419,5.202131446504419e-10,12.531691119352164,9.224561880066153e-06,4.798738343651805e-06,0.009833725459057932,12928.19615801305,26.763553741976633,13011.59083539674,170.23532640800482,88.5586544813026,110506.03981529745,57625.64855630675,5.395322649664873e-06,2.8067177619859177e-06,170.23532640800482,88.5586544813026,55279.80319658526,67680.80746482257,2.426608105574387e-05,1.2623534334351038e-05,2.1681999752783594e-14,0.0,0.0,0.0,0.0,12928.191042379265,0.0,69.47704056361492,0.0,0.0,0.0
60000.0,0.4525,0.5202131460239113,5.202131460239113e-10,12.531691056826798,9.186850817599736e-06,4.7791205658759e-06,0.009833742344551838,12928.196158006189,26.763518811782095,13011.590775720264,170.235326604722,88.55865481745047,110506.03987305482,57625.648655072655,5.3953225809598975e-06,2.8067177336549983e-06,170.23532660472227,88.55865481745055,55279.80319054829,67680.80745450438,2.4266081083784792e-05,1.2623534382267011e-05,1.2451451562987074e-13,0.0,0.0,0.0,0.0,12928.191042365228,0.0,69.47699903454652,0.0,0.0,0.0
60000.0,0.4575,0.5202131453757894,5.202131453757895e-10,12.531691056555857,9.208207576258627e-06,4.7836260338554695e-06,0.00983374763903683,12928.1961580112,26.76352120784175,13011.590796558707,170.23532659143228,88.55865470020376,110506.03986914661,57625.64862060104,5.395322494852843e-06,2.80671771545655e-06,170.23532659143257,88.55865470020392,55279.803190948194,67680.80745809503,2.4266081081890423e-05,1.262353436555416e-05,-6.561932870318918e-09,0.0,0.0,0.0,0.0,12928.191042369845,0.0,69.47701863379827,0.0,0.0,0.0
60000.0,0.4625,0.520213142205376,5.202131422053759e-10,12.531690973175364,9.216334663523786e-06,4.794458414928034e-06,0.009833708741574585,12928.19615803331,26.763449111901988,13011.590854860997,170.23532699729378,88.55865437162186,110506.03998833078,57625.64852399782,5.3953226740696165e-06,2.8067177614896665e-06,170.2353269972939,88.55865437162191,55279.80317850841,67680.80746817609,2.4266081139743668e-05,1.2623534318716668e-05,-1.928541057538862e-13,0.0,0.0,0.0,0.0,12928.19104240882,0.0,69.47711448903465,0.0,0.0,0.0
60000.0,0.4675,0.5202131460439776,5.202131460439776e-10,12.531691061193577,9.209010776309254e-06,4.7906484678967285e-06,0.009833715978830527,12928.196158006422,26.763510785530457,13011.590770936224,170.23532665001702,88.55865484442954,110506.03988642586,57625.64866300518,5.395322632158978e-06,2.806717760397696e-06,170.23532665001693,88.55865484442948,55279.8031891815,67680.80745369662,2.426608109024134e-05,1.2623534386112718e-05,1.804479150344471e-14,0.0,0.0,0.0,0.0,12928.191042378123,0.0,69.47699841317868,0.0,0.0,0.0
60000.0,0.47250000000000003,0.5202131453262709,5.202131453262709e-10,12.531691115833828,9.212637955454325e-06,4.794737998017247e-06,0.009833709288584964,12928.196158030823,26.763556814268867,13011.590816567128,170.2353263907413,88.55865458737188,110506.03981030095,57625.648587447184,5.395322557772088e-06,2.8067177387716935e-06,170.2353263907411,88.5586545873718,55279.803197149995,67680.80746159963,2.4266081053283047e-05,1.2623534349470605e-05,3.369192924774179e-09,0.0,0.0,0.0,0.0,12928.191042406994,0.0,69.47702009013707,0.0,0.0,0.0
60000.0,0.47750000000000004,0.5202131452827188,5.202131452827188e-10,12.531691093361548,9.212128890521541e-06,4.792270544888013e-06,0.009833727999168896,12928.196158004548,26.763540168523164,13011.590809228652,170.23532648458334,88.55865462877563,110506.03983783741,57625.648599676104,5.395322572113067e-06,2.8067177250537866e-06,170.23532648458325,88.55865462877559,55279.80319428891,67680.80746031855,2.4266081066659714e-05,1.262353435537248e-05,-2.7121211595680844e-17,0.0,0.0,0.0,0.0,12928.191042370032,0.0,69.47702144879472,0.0,0.0,0.0
60000.0,0.4825,0.5202131459311747,5.202131459311747e-10,12.531691124571168,9.218928269887915e-06,4.791401244019528e-06,0.009833724445583177,12928.19615801871,26.76355516012205,13011.590797428547,170.23532640009967,88.5586546952162,110506.03981300868,57625.64861915685,5.395322642037246e-06,2.806717751641938e-06,170.23532640009967,88.55865469521618,55279.8031968268,67680.80745827517,2.4266081054617036e-05,1.2623534364843206e-05,-2.478148298909114e-09,0.0,0.0,0.0,0.0,12928.191042386257,0.0,69.47700181615083,0.0,0.0,0.0
60000.0,0.4875,0.5202131434903723,5.202131434903723e-10,12.531690967214178,9.206637773679667e-06,4.789413977223102e-06,0.009833703179485728,12928.196158008224,26.76343430237464,13011.590808320942,170.23532708086378,88.55865463384785,110506.04001304886,57625.6486011542,5.395322612823873e-06,2.806717736561795e-06,170.23532708086373,88.55865463384784,55279.80317599176,67680.80746016002,2.4266081151656105e-05,1.2623534356095495e-05,3.4464893323975635e-15,0.0,0.0,0.0,0.0,12928.191042386901,0.0,69.47707564490773,0.0,0.0,0.0
60000.0,0.4925,0.520213143635269,5.202131436352691e-10,12.531690965274388,9.20647073740674e-06,4.789327084092472e-06,0.00983369457797747,12928.196158011187,26.763432028561176,13011.59080274671,170.23532709378662,88.55865466523701,110506.04001696676,57625.64861035338,5.395322581760442e-06,2.8067177211839548e-06,170.2353270937863,88.558654665237,55279.80317557449,67680.80745918333,2.4266081153498185e-05,1.2623534360569849e-05,-4.810101929414222e-13,0.0,0.0,0.0,0.0,12928.191042401017,0.0,69.47707124629778,0.0,0.0,0.0
60000.0,0.4975,0.5202131437828975,5.202131437828975e-10,12.531690972049054,9.20499353001108e-06,4.788558622748297e-06,0.00983366300963669,12928.196158021294,26.763432354586275,13011.590798461873,170.23532709189013,88.55865468938202,110506.04001626326,57625.648617380364,5.395322732792833e-06,2.8067178005494935e-06,170.23532709189013,88.55865468938204,55279.80317553541,67680.80745842928,2.426608115322785e-05,1.2623534364011579e-05,-7.59554083619576e-14,0.0,0.0,0.0,0.0,12928.191042420442,0.0,69.47706675912211,0.0,0.0,0.0
70000.0,0.0025,0.5060963806542594,5.060963806542595e-10,8.72183866007292,0.00027336773470830467,1559.4088526038263,1.8781872703989273,1048.9901244022703,0.41353526913435923,775.678017398464,170.1352263012998,86.10482225288122,110385.93636205827,58984.74030774837,0.6399947512942452,272.8947535181221,170.13522630127454,86.10482225288062,55198.17492962423,71597.76332487381,0.1982204214165909,18309.863436311214,-1.6481260873853327e-10,0.0,0.0,779.7043553294047,0.0,775.4687295465524,0.0,0.0,272.5708553278075,0.0,16750.354410728134
70000.0,0.0075,0.5060963782672823,5.060963782672823e-10,8.721838722556225,0.00027336132407653136,1559.4088526303601,1.8781758349399091,1048.9901664153072,0.41353149824085805,775.6780280541251,170.1352264113829,86.10482190249702,110385.9364416324,58984.74008093797,0.6399870087788501,272.89478492057594,170.1352264114052,86.10482190249486,55198.17489887535,71597.76340629163,0.19822013628623594,18309.863470947897,1.754342209700638e-10,0.0,0.0,779.7043591109893,0.0,775.4687422815223,0.0,0.0,272.57089213930067,0.0,16750.354433155073
70000.0,0.0125,0.5060963802799101,5.060963802799101e-10,8.72183841178762,0.00027339001049406377,1559.4088526181674,1.878181267066159,1048.990133884906,0.413538952668704,775.6780209831381,170.1352263185945,86.10482219794397,110385.93639451731,58984.74027157638,0.6399898276403126,272.8947592632079,170.13522631859678,86.10482219794508,55198.174923694205,71597.76333808283,0.19821172627032374,18309.863437266325,-1.0838800705941449e-14,0.0,0.0,779.7043571282373,0.0,775.4687304160947,0.0,0.0,272.57086272801956,0.0,16750.35440878261
70000.0,0.0175,0.5060963803393456,5.060963803393455e-10,8.72183803705953,0.000273389593122919,1559.4088526017092,1.8781818052576402,1048.9901296125142,0.4135390866845911,775.6780186159408,170.1352263128468,86.10482220514716,110385.93639430271,58984.74027800431,0.6399897766313719,272.8947571276238,170.13522631285122,86.1048222051494,55198.1749246668,71597.76333613374,0.1982113261428962,18309.86344104242,1.8999625475062588e-14,0.0,0.0,779.7043571200808,0.0,775.4687279810393,0.0,0.0,272.5708606182151,0.0,16750.35441276839
70000.0,0.0225,0.5060963795014959,5.060963795014959e-10,8.721838207978863,0.00027336139873405246,1559.4088526270555,1.8781689037056093,1048.9901479883158,0.41353069295941236,775.6780245258312,170.13522632112318,86.1048220667729,110385.93643501111,58984.74018867305,0.6399855142080841,272.8947697036789,170.1352263210298,86.1048220667719,55198.17488767963,71597.76336759196,0.19822014074293645,18309.863452442685,-2.2445188005283043e-11,0.0,0.0,779.7043571766999,0.0,775.4687381749969,0.0,0.0,272.57087534988995,0.0,16750.35441466057
70000.0,0.0275,0.5060963785395305,5.060963785395305e-10,8.72183980023237,0.0002733550808122012,1559.408852616621,1.8781356390397137,1048.9901450744808,0.4135286836530104,775.6780226669832,170.13522668378369,86.10482208666491,110385.93663738074,58984.74020231045,0.6399555627820422,272.89476940785124,170.1352266837875,86.10482208666684,55198.17483956655,71597.76336563632,0.198179079165767,18309.863452353835,-2.624674245692457e-12,0.0,0.0,779.7043571086033,0.0,775.4687372899874,0.0,0.0,272.5708902323701,0.0,16750.35444041966
70000.0,0.0325,0.5060963799874214,5.060963799874214e-10,8.721838415013496,0.00027338440160012945,1559.4088526191335,1.8781781133492748,1048.9901381754346,0.41353736446060196,775.6780221239501,170.13522633620198,86.10482215709243,110385.93639767256,58984.740240908715,0.6399882762403616,272.89476242032333,170.1352263362137,86.1048221570984,55198.174921781225,71597.76334834722,0.19821147331686492,18309.86344200228,-4.3232033614173693e-14,0.0,0.0,779.7043571301542,0.0,775.4687323608065,0.0,0.0,272.5708666704841,0.0,16750.35441363117
70000.0,0.037500000000000006,0.5060963791242556,5.060963791242557e-10,8.721838764001216,0.00027335451751380266,1559.4088526066078,1.8781411720278858,1048.9901342333933,0.41352915314427313,775.6780191395953,170.13522663272155,86.10482216030502,110385.93659623762,58984.740246106616,0.6399595558233574,272.89476144481694,170.13522663270982,86.10482216029915,55198.17484382293,71597.76334427674,0.19818374208671535,18309.863447304906,3.55232423924672e-13,0.0,0.0,779.7043571357274,0.0,775.468733519085,0.0,0.0,272.570880252324,0.0,16750.354432992415
70000.0,0.042499999999999996,0.506096379283776,5.060963792837761e-10,8.721839250907545,0.0002733568760808232,1559.4088526257392,1.8781600477702065,1048.9901456107661,0.4135301079175453,775.6780246501455,170.13522645556702,86.10482209778777,110385.93648952527,58984.740209766045,0.639977491183377,272.8947673421801,170.13522645555875,86.10482209778363,55198.174892405186,71597.76336058622,0.19820725861464053,18309.863447946456,4.1767380690373174e-14,0.0,0.0,779.7043571403983,0.0,775.4687385598158,0.0,0.0,272.57087705106926,0.0,16750.354421688626
70000.0,0.0475,0.506096380103128,5.060963801031281e-10,8.721838791085812,0.00027338364981544796,1559.4088526103621,1.8781773439243616,1048.9901339308715,0.41353683417872616,775.6780203440338,170.13522632553594,86.1048221713801,110385.93640448822,58984.74025704824,0.6399884943340005,272.894760187016,170.13522632553907,86.10482217138185,55198.17492381271,71597.76334461902,0.19821266286972047,18309.863442848506,-8.263979069488754e-14,0.0,0.0,779.7043571261045,0.0,775.468730849287,0.0,0.0,272.57086432673765,0.0,16750.35441390421
70000.0,0.052500000000000005,0.5060963796641982,5.060963796641982e-10,8.721838906794902,0.00027335590327878426,1559.408852615569,1.8781731432806832,1048.9901422167372,0.4135313145123514,775.6780214150807,170.1352263435546,86.1048221058219,110385.93641227415,58984.740212634504,0.639989200674617,272.894767092105,170.13522634355348,86.10482210582136,55198.174919154924,71597.76335932121,0.19821979609970655,18309.863451427413,6.93984450774246e-14,0.0,0.0,779.7043571355825,0.0,775.4687347139234,0.0,0.0,272.5708708746222,0.0,16750.354418830968
70000.0,0.057499999999999996,0.5060963799585247,5.060963799585248e-10,8.72183866913101,0.00027336867991867146,1559.4088526139064,1.878178337976994,1048.9901384761888,0.4135342726242271,775.678021348645,170.13522631163636,86.1048221397438,110385.9363923851,58984.740235207064,0.639991889659951,272.89476364696384,170.13522631163025,86.10482213974288,55198.17492567595,71597.76335156155,0.19822045553075804,18309.863446644027,7.028349746046226e-12,0.0,0.0,779.7043571325754,0.0,775.4687331492686,0.0,0.0,272.57086606858013,0.0,16750.354414354013
70000.0,0.0625,0.5060963793464958,5.060963793464957e-10,8.721838710091538,0.0002733566213697623,1559.408852620221,1.878160756640455,1048.990143937126,0.4135303309447199,775.6780234340612,170.13522645142248,86.10482210636107,110385.93648332504,58984.74021353303,0.6399777165227717,272.89476675273363,170.13522645142132,86.10482210636049,55198.17489248175,71597.76335853072,0.19820709634818984,18309.863448137156,-1.5466428430880413e-14,0.0,0.0,779.7043571377075,0.0,775.4687372308201,0.0,0.0,272.57087634753896,0.0,16750.35442196834
70000.0,0.0675,0.5060963796995901,5.060963796995901e-10,8.721839766797244,0.0002733600772451367,1559.4088526053463,1.8781589432072934,1048.990132852638,0.41353053926338773,775.678019023465,170.13522644968563,86.10482216555583,110385.93647566132,58984.740248601585,0.6399776330603245,272.8947610595188,170.13522644968836,86.10482216555724,55198.1748933083,71597.76334546844,0.19820715564951702,18309.863446957002,3.8018680320174786e-15,0.0,0.0,779.7043571294151,0.0,775.4687327146513,0.0,0.0,272.5708706963387,0.0,16750.354420772892
70000.0,0.07250000000000001,0.5060963788469917,5.060963788469917e-10,8.721838937540467,0.0002733558559193303,1559.4088526364817,1.8781504689406812,1048.99015170338,0.4135291359829556,775.6780267332496,170.1352265357994,86.10482206408068,110385.9365359287,58984.74018504653,0.6399690172016661,272.89477141931997,170.13522653580378,86.1048220640829,55198.1748705903,71597.76336772693,0.19819807387648336,18309.86344800948,-2.0029203080846882e-14,0.0,0.0,779.7043571460288,0.0,775.4687411349804,0.0,0.0,272.57088541714023,0.0,16750.354426391365
70000.0,0.0775,0.5060963787945527,5.060963787945527e-10,8.721837367475889,0.0002732806139979356,1559.4088525985603,1.8781156802917027,1048.990131525618,0.41351350876771464,775.67801747164,170.13522677921497,86.10482217835069,110385.93669226923,58984.74025839188,0.639948647582698,272.89475988970395,170.13522677921483,86.10482217835069,55198.17481806019,71597.76334254337,0.19818421083396037,18309.863447013908,-2.6016799776001853e-13,0.0,0.0,779.7043571499307,0.0,775.468739773288,0.0,0.0,272.5708841940311,0.0,16750.35443241282
70000.0,0.0825,0.5060963795935953,5.060963795935954e-10,8.721839334137728,0.00027335680795107864,1559.4088526173093,1.8781684273520811,1048.9901418258014,0.41353083190154855,775.6780235411048,170.13522638039146,86.10482211245285,110385.9364340256,58984.74021585438,0.6399853188392782,272.89476475307947,170.13522638038816,86.1048221124512,55198.17490815968,71597.7633552603,0.19821613775507316,18309.86344928613,-3.272399517185408e-14,0.0,0.0,779.7043571362093,0.0,775.4687370842297,0.0,0.0,272.5708705002219,0.0,16750.35441854387
70000.0,0.0875,0.506096379638679,5.060963796386791e-10,8.721838450230772,0.00027338347349171066,1559.408852631118,1.8781780926457896,1048.9901481854151,0.4135369750706063,775.6780241485712,170.13522631780197,86.10482208844688,110385.93641359956,58984.740210493605,0.6399886868264466,272.89477042718113,170.13522631780899,86.10482208845043,55198.174930146946,71597.76336764706,0.19821262063062003,18309.86344468843,-4.1606788631686456e-14,0.0,0.0,779.7043571363644,0.0,775.468734582641,0.0,0.0,272.5708744697685,0.0,16750.35441572598
70000.0,0.0925,0.5060963793770947,5.060963793770948e-10,8.721840410853249,0.00027335854050186757,1559.4088526095097,1.878151933711874,1048.990135921083,0.4135299185712962,775.6780202491356,170.13522651732208,86.10482214491861,110385.93653200126,58984.7402415265,0.6399696545105241,272.89476209800864,170.1352265173163,86.10482214491567,55198.17487111482,71597.76334719398,0.19820090370791002,18309.863449216,-2.4032090455753803e-13,0.0,0.0,779.7043571317539,0.0,775.4687342545627,0.0,0.0,272.5708757729467,0.0,16750.354426200476
70000.0,0.0975,0.5060963796331912,5.060963796331912e-10,8.721838493101027,0.00027335874363628804,1559.4088526070673,1.8781616339594642,1048.9901366508016,0.41353092073976083,775.67802037943,170.13522644134244,86.1048221500366,110385.93643818297,58984.74022230189,0.6399783918513925,272.8947627170618,170.13522644134144,86.10482215003609,55198.17488985362,71597.76334628278,0.198207208223389,18309.863446440264,3.15289104431644e-14,0.0,0.0,779.704357130597,0.0,775.468733877581,0.0,0.0,272.57087196990244,0.0,16750.354420228305
70000.0,0.10250000000000001,0.5060963802652192,5.060963802652193e-10,8.721852645457203,0.00027335764412743385,1559.408852617198,1.8781487184510137,1048.9901362397518,0.41355351217295194,775.6780221557038,170.13522621654766,86.10482214380764,110385.93632842395,58984.7402307667,0.6399432847860073,272.89476076130114,170.13522621642585,86.10482214379944,55198.17476193332,71597.76333576866,0.19822156113596795,18309.86344393333,-3.9918531827921626e-10,0.0,0.0,779.7043568219124,0.0,775.4687241627311,0.0,0.0,272.57088778478476,0.0,16750.35439000826
70000.0,0.1075,0.5060963787870874,5.060963787870874e-10,8.721839469539466,0.00027335982750471453,1559.408852615261,1.8781478537045477,1048.990146582723,0.4135292635879519,775.6780205674892,170.1352264523461,86.10482201165344,110385.93638264261,58984.74010081041,0.6399660611490109,272.8947723565634,170.1352264523051,86.10482201163266,55198.17477323193,71597.76332329387,0.1981935312243246,18309.863455522136,7.446535210485077e-14,0.0,0.0,779.7043571344086,0.0,775.4687349046748,0.0,0.0,272.57088785047074,0.0,16750.35443621986
70000.0,0.1125,0.5060963795660336,5.060963795660336e-10,8.721838567357032,0.0002733594160990946,1559.4088526179255,1.8781615753950993,1048.9901388939352,0.41353102288669186,775.6780239740335,170.13522673921992,86.10482228936543,110385.9369352409,58984.74046645468,0.639978318747457,272.89476140992156,170.13522673933832,86.10482228942536,55198.17513120595,71597.76346907626,0.1982070366338023,18309.863445115832,-6.610408034701561e-14,0.0,0.0,779.7043571314226,0.0,775.468737417464,0.0,0.0,272.57087070814924,0.0,16750.354418980412
70000.0,0.1175,0.5060963793134381,5.060963793134382e-10,8.721838226928703,0.00027336282694774176,1559.408852621238,1.8781636499051992,1048.990146179653,0.4135306506997329,775.6780218942814,170.13522633644504,86.10482204254849,110385.93631589282,58984.74012071683,0.6399803219360282,272.8947705374148,170.13522633644425,86.10482204252618,55198.17479100549,71597.76331858897,0.1982202029058622,18309.86344756491,2.1734748035980376e-11,0.0,0.0,779.7043571554171,0.0,775.4687355089513,0.0,0.0,272.57087880844205,0.0,16750.35442311151
70000.0,0.1225,0.5060963799122263,5.060963799122265e-10,8.721838652434963,0.000273358205904536,1559.4088526147896,1.8781726512016175,1048.990136088016,0.41353159681891904,775.6780217292757,170.1352263283554,86.10482214032768,110385.9363748627,58984.74022314458,0.639988877556363,272.89476087610177,170.1352263283444,86.10482214032164,55198.17489461504,71597.76333542173,0.1982199486800104,18309.86344570147,-4.201793626608667e-11,0.0,0.0,779.7043571217315,0.0,775.4687348980582,0.0,0.0,272.570864821364,0.0,16750.3544151357
70000.0,0.1275,0.5060963799372158,5.060963799372158e-10,8.721838629395233,0.0002733676694402576,1559.4088526181515,1.8781759095306365,1048.9901399807902,0.41353379742407514,775.6780226674178,170.135226297679,86.10482212905252,110385.93639108152,58984.74022450009,0.6399899038909589,272.89476380933417,170.13522629756957,86.10482212905137,55198.174909888825,71597.76334986035,0.1982204194652308,18309.86344624829,-2.385404893989848e-10,0.0,0.0,779.7043570491156,0.0,775.468734711452,0.0,0.0,272.5708672317903,0.0,16750.354411679655
70000.0,0.1325,0.5060963797331014,5.060963797331014e-10,8.72183865893649,0.00027336270412845647,1559.4088526142843,1.878170516853378,1048.990141221629,0.4135313855825802,775.6780214011096,170.1352263354212,86.10482211343084,110385.93642595936,58984.74021638025,0.6399869523189615,272.89476633818657,170.13522633542883,86.10482211343063,55198.174897306,71597.76335652283,0.19822021321943464,18309.863449945948,-2.1281341022072958e-11,0.0,0.0,779.7043571184515,0.0,775.4687346611893,0.0,0.0,272.57087125759153,0.0,16750.354415481997
70000.0,0.1375,0.5060963793153166,5.060963793153166e-10,8.721839316424308,0.0002733604433675745,1559.408852606906,1.8781431321017061,1048.9901327754164,0.4135289999174224,775.6780190455968,170.13522661794264,86.10482218533166,110385.936588575,58984.7402632403,0.6399616798769245,272.89476004196246,170.13522661794713,86.10482218533431,55198.17485197174,71597.76334085234,0.19818822718452864,18309.86344425244,1.7928425923513034e-12,0.0,0.0,779.7043571048184,0.0,775.4687335920254,0.0,0.0,272.5708777406264,0.0,16750.35442769001
70000.0,0.14250000000000002,0.5060963794152227,5.060963794152227e-10,8.721839853053327,0.0002733785028081088,1559.408852626726,1.8781740294459917,1048.990148596028,0.4135352960888991,775.6780249646451,170.13522632518826,86.10482205416726,110385.93640215922,58984.740180030196,0.6399880137998181,272.89477088793205,170.13522632518016,86.10482205416315,55198.17492290772,71597.76337134832,0.19821411775363537,18309.8634515956,3.6744337465099754e-14,0.0,0.0,779.7043571354172,0.0,775.4687362485308,0.0,0.0,272.57087527127925,0.0,16750.354421877444
70000.0,0.1475,0.5060963798217057,5.060963798217058e-10,8.721842902036379,0.0002733591095815434,1559.4088526019332,1.8781534004031075,1048.9901276704372,0.41352869189749014,775.678017658702,170.1352265160506,86.10482221991909,110385.93652374206,58984.74028642073,0.6399751463936844,272.8947578537335,170.13522651608682,86.10482221993743,55198.1748859018,71597.76333676733,0.19820715169215902,18309.863444681836,3.423589963767176e-13,0.0,0.0,779.7043571279638,0.0,775.4687322847753,0.0,0.0,272.5708687489679,0.0,16750.3544185017
70000.0,0.1525,0.5060963795237132,5.060963795237133e-10,8.721833486509576,0.0002733758030018608,1559.4088526244336,1.8781884228350607,1048.9901538811234,0.41353804483592616,775.6780258758686,170.13522623434895,86.10482202665187,110385.93634260188,58984.7401618648,0.6399919045794696,272.89477133750813,170.1352262342853,86.10482202661969,55198.17493175166,71597.76337156013,0.1982136088038608,18309.863449215387,-9.1952954156553e-16,0.0,0.0,779.7043571349575,0.0,775.4687357685815,0.0,0.0,272.5708737516762,0.0,16750.354419755655
70000.0,0.1575,0.5060963803180009,5.060963803180008e-10,8.721839695048931,0.0002733566437872398,1559.4088525939837,1.8781654294336685,1048.990122276489,0.4135303673479423,775.6780148770112,170.13522641198978,86.10482225169156,110385.93645841103,58984.74030819438,0.6399830916232458,272.894754022221,170.1352264120094,86.10482225170122,55198.17490648542,71597.76332767993,0.1982138394666697,18309.863441832058,3.2750585306477396e-13,0.0,0.0,779.7043571249584,0.0,775.4687286550601,0.0,0.0,272.570860896106,0.0,16750.35441224734
70000.0,0.1625,0.5060963783423151,5.060963783423152e-10,8.721840284059075,0.00027335797869207487,1559.4088526604457,1.8781629466880612,1048.9901712239987,0.41353035464686627,775.6780345047954,170.13522642704584,86.10482192317762,110385.93646908809,58984.74009555599,0.6399818022208515,272.89478394523275,170.13522642705138,86.10482192318044,55198.174904748244,71597.76340302831,0.19821247542049608,18309.863458386637,-2.809674795290729e-14,0.0,0.0,779.7043571566412,0.0,775.468748289433,0.0,0.0,272.5708914792112,0.0,16750.354429455474
70000.0,0.1675,0.5060963807953309,5.06096380795331e-10,8.721841468580422,0.0002733669994227976,1559.4088525943841,1.8781703328584414,1048.990115444825,0.41353228191584773,775.678014019496,170.13522637147094,86.1048223123955,110385.93644415871,58984.74035004517,0.6399892962851638,272.89474967186135,170.1352263714627,86.10482231239753,55198.17492954744,71597.76331965919,0.1982204567633571,18309.86343579389,5.4043790449947116e-11,0.0,0.0,779.7043571070511,0.0,775.4687268232544,0.0,0.0,272.57085340588225,0.0,16750.354403519555
70000.0,0.17250000000000001,0.506096379173701,5.06096379173701e-10,8.721846536682255,0.0002733671819746092,1559.4088526246608,1.8781496677437446,1048.9901421023787,0.413527296085005,775.6780227714651,170.1352265233701,86.10482211337346,110385.93655593434,58984.74022595888,0.6399797415351548,272.89477070347886,170.13522652335652,86.10482211337096,55198.1748951627,71597.76338114412,0.19822054969347758,18309.863456130115,5.467460685665872e-11,0.0,0.0,779.7043570780328,0.0,775.4687380908802,0.0,0.0,272.57087927259334,0.0,16750.35442483365
70000.0,0.1775,0.5060963798425883,5.060963798425883e-10,8.72185741617809,0.00027340185000963423,1559.40885262704,1.8781398016089323,1048.9901202381532,0.41353181381872467,775.6780190093209,170.13522671957722,86.10482232647603,110385.93671284395,58984.74038442197,0.639978640053702,272.89475930123126,170.1352267195821,86.10482232647851,55198.174982108976,71597.76338466952,0.19821242888685484,18309.86344719501,-1.1958606726906022e-14,0.0,0.0,779.7043571296709,0.0,775.4687320553977,0.0,0.0,272.5708684283236,0.0,16750.3544183432
70000.0,0.1825,0.5060963801537359,5.06096380153736e-10,8.721903793388304,0.0002734184923927011,1559.408852631113,1.8780395436815485,1048.9900624697104,0.41351234696657446,775.6780074557477,170.13522759557637,86.1048228227532,110385.93742386416,58984.74077860559,0.6399543777037351,272.89474165987053,170.1352275955755,86.10482282275268,55198.175108364856,71597.76343592741,0.19822010743348334,18309.863446753156,2.8074880364954632e-14,0.0,0.0,779.7043571217582,0.0,775.4687303626246,0.0,0.0,272.5708630959259,0.0,16750.354414004978
70000.0,0.1875,0.5060963793447271,5.060963793447271e-10,8.722031954608665,0.00027347906530672046,1559.4088526822045,1.8777348545192638,1048.989925752774,0.4134573144615305,775.6779840984831,170.13523045318422,86.10482413133728,110385.93972172857,58984.741852286454,0.6398593299410416,272.8947065830813,170.13523045318684,86.10482413133856,55198.17546886157,71597.76365076454,0.19820880728099283,18309.8634532749,5.366763122035081e-14,0.0,0.0,779.7043571377438,0.0,775.4687348486162,0.0,0.0,272.5708760929085,0.0,16750.35442623862
70000.0,0.1925,0.5060963795904828,5.060963795904828e-10,8.722399874134249,0.0002737417633006122,1559.408852843861,1.8769594414444748,1048.9895300784115,0.41332816706699366,775.6779208372188,170.13523735105727,86.10482766413757,110385.94448206491,58984.74428865806,0.6396622051070258,272.89460147834455,170.13523735107245,86.10482766414525,55198.17603426823,71597.76392545084,0.198236505404257,18309.863459604414,-2.675319739483828e-14,0.0,0.0,779.7043571520978,0.0,775.468736948285,0.0,0.0,272.5708707521791,0.0,16750.354418521496
70000.0,0.1975,0.5060963781915814,5.060963781915814e-10,8.723441727797246,0.0002743910720651172,1559.4088533544214,1.8746994571408233,1048.9884212689508,0.41293746277394544,775.6777421066487,170.13525930128543,86.1048385350661,110385.96184787215,58984.75292337653,0.6390600110354163,272.8943126682133,170.13525930125164,86.104838535049,55198.17931832227,71597.76563721694,0.19828870846845428,18309.863496819173,4.708337732311259e-14,0.0,0.0,779.7043572430522,0.0,775.4687559523165,0.0,0.0,272.5708867111814,0.0,16750.35442913431
70000.0,0.2025,0.5060963717315626,5.060963717315626e-10,8.726270206215926,0.0002761475963428791,1559.4088549417477,1.868551628456187,1048.9854590359328,0.4118721691219394,775.6772734673401,170.13531929592563,86.10486779905888,110386.00754301337,58984.77533781626,0.6374099616390714,272.89355624833826,170.1353192959398,86.10486779906604,55198.187401054856,71597.76996448319,0.19841673264852092,18309.863633575816,-2.1709965594530454e-13,0.0,0.0,779.7043575922357,0.0,775.4688264569237,0.0,0.0,272.5709653794478,0.0,16750.35450040397
70000.0,0.20750000000000002,0.5060963498385422,5.060963498385423e-10,8.733725050888243,0.0002809063225257139,1559.4088602572645,1.8524889877779593,1048.977860823033,0.4091050655314443,775.6761624220802,170.13548092388328,86.10494587360228,110386.13039521867,58984.83510199337,0.6331149179866798,272.89162421551384,170.13548092385048,86.10494587358566,55198.21033037449,71597.78234476627,0.19876063654692158,18309.863999538993,8.125660802391882e-14,0.0,0.0,779.7043590457748,0.0,775.4691158417228,0.0,0.0,272.5712070664916,0.0,16750.3546894094
70000.0,0.2125,0.506096253058884,5.06096253058884e-10,8.752641773813854,0.0002933936566064715,1559.4088786531047,1.8123924194816792,1048.9598761648112,0.4022273324970317,775.673899144229,170.1358996529932,86.10514132518215,110386.44713222964,58984.98474244001,0.6224364050000857,272.8873104862031,170.13589965306167,86.10514132521679,55198.27279359799,71597.81741440017,0.19966201549319385,18309.86537787962,5.0235397426982625e-14,0.0,0.0,779.7043650838377,0.0,775.4703333983751,0.0,0.0,272.57229775386514,0.0,16750.35559951399
70000.0,0.2175,0.5060958637328308,5.060958637328308e-10,8.799026460187958,0.0003262986942237383,1559.4089441624278,1.7178232927942578,1048.9213047313278,0.38612491326363596,775.6707247873605,170.13693476639477,86.10559895345484,110387.22581198426,58985.33595043373,0.5974551354427053,272.87898247516057,170.13693476637079,86.10559895344268,55198.4367100512,71597.91422142932,0.2020469413018622,18309.87025811563,3.072814520022748e-14,0.0,0.0,779.7043895120064,0.0,775.4753085658721,0.0,0.0,272.57661290234705,0.0,16750.359223970405
70000.0,0.2225,0.506094332535469,5.060943325354691e-10,8.910229595543004,0.00042120779288952557,1559.409182456675,1.5116919335779004,1048.8534349162585,0.3518663543025222,775.6734261436017,170.1393435951332,86.1065575348018,110389.02635715489,58986.07855213442,0.5443141376642481,272.86850191240063,170.1393435951249,86.1065575347974,55198.85119211772,71598.17804169781,0.20890924295150565,18309.888097099127,-7.715957798826281e-13,0.0,0.0,779.7044846734095,0.0,775.4953486247216,0.0,0.0,272.59302761541477,0.0,16750.373400059707
70000.0,0.2275,0.5060887449096729,5.06088744909673e-10,9.180067280202946,0.0007828373016469123,1559.4100244954107,1.114245075098811,1048.7859153509812,0.2908900421473749,775.7195049351594,170.14448691710862,86.10820983717977,110392.84844807893,58987.39737471393,0.4499751952370552,272.87744708237625,170.14448691710805,86.10820983717946,55199.86498168074,71598.88567823732,0.23511315110716519,18309.95158527688,4.868448403496455e-14,0.0,0.0,779.7048141551105,0.0,775.572288758817,0.0,0.0,272.64971970057763,0.0,16750.4229688483
70000.0,0.2325,0.5060744086646303,5.060744086646303e-10,9.82489607546604,0.0034515824659994295,1559.4121176185226,0.5625893700228838,1048.8858199773497,0.24547052788062532,775.9515786110693,170.15348944537337,86.11032655329073,110399.57666023324,58989.22121687459,0.38465491184661493,272.968419642821,170.15348944537257,86.11032655329035,55202.41023350243,71600.64674964626,0.4307104529150141,18310.11316304842,-4.940748622726951e-14,0.0,0.0,779.7051854304847,0.0,775.8273522588254,0.0,0.0,272.77375563576743,0.0,16750.48482064993
70000.0,0.2375,0.5060671037241361,5.060671037241362e-10,10.345445427998657,0.01144572260492946,1559.4080665128631,0.3027191099425578,1049.1967077310692,0.3354198282057064,776.7064475992198,170.16679878502404,86.11581901114491,110409.31070323846,58993.568769143516,0.5761642322921169,272.92045116176985,170.16679878502202,86.11581901114427,55208.299207622724,71603.5229084152,1.0548330461038748,18309.803055133278,2.2541771962913793e-13,0.0,0.0,779.7011371046971,0.0,776.5367026582506,0.0,0.0,272.5068088895443,0.12206450792558589,16749.866964617715
70000.0,0.2425,0.5059694948588709,5.05969494858871e-10,10.345470357105295,0.011447122296276476,1559.4045990879756,0.30278202887217887,1049.15456079859,0.33550881526713605,779.9284606779081,170.19519103200517,86.11357483387269,110427.73258139561,58998.33109993679,0.5763098264889027,272.76896053292205,170.19519103200622,86.11357483387322,55217.51104492932,71608.31204124117,1.0551007754505588,18309.51652509478,5.03767749248287e-14,0.0,0.0,779.6994035966453,0.0,779.7587034521271,0.0,0.0,269.2426588762623,3.2347064648690176,16749.583869095328
70000.0,0.2475,0.5055163228205727,5.055163228205727e-10,10.34547049732203,0.01145018781289891,1559.4027454300447,0.3028459846391573,1048.7014601135666,0.33558510895705157,793.8405614106905,170.23570950678894,86.05692988262315,110454.0221727491,58989.72192883922,0.5764392480140019,272.47729080463495,170.23570950678965,86.0569298826235,55230.65664317021,71616.30082729673,1.0553328612929274,18309.307486277627,7.39187825615508e-14,0.0,0.0,779.698478586612,0.0,793.6709176604211,0.0,0.0,254.8774488646095,17.308442491039763,16749.37704111721
70000.0,0.2525,0.5208174583437369,5.20817458343737e-10,12.531570846256965,0.006071316738573251,0.0031620477525835075,0.009825564838655881,12928.564906401172,27.299615337788694,12993.269533094017,170.1325461852083,88.60800028572861,110440.43820683885,57621.08124897278,0.00013448448682461427,0.39490414886558417,170.13254618520838,88.6080002857287,55248.680836118685,67661.92982082939,0.5666125706873123,0.295101718930977,2.3393244382447765e-13,0.0,0.0,0.0,0.0,12928.559789076198,0.0,50.49162774185663,0.0,0.3948341069969694,0.0
70000.0,0.2575,0.5203547852665077,5.203547852665078e-10,12.531626312210465,0.003245173691750254,0.0016886320659693565,0.009828985719552678,12928.282593208025,27.052187173702734,13007.381430178913,170.17345671218868,88.55057252553024,110466.48135951908,57612.001608201506,0.00013109497853181688,0.09256236050662112,170.17345671218857,88.55057252553031,55260.93007487097,67670.36125992861,0.3062757684637218,0.15937206173134286,-6.44298604115458e-09,0.0,0.0,0.0,0.0,12928.27747865846,0.0,65.02721647435347,0.0,0.0924941446072177,0.0
70000.0,0.2625,0.5202463504760328,5.202463504760328e-10,12.531659838398854,0.0015673377373285693,0.0008154017378085512,0.009831248337078683,12928.216420167173,26.903996819733674,13010.641886095696,170.20202243604498,88.54698101599226,110484.71569591397,57616.18114313162,0.00012906541617657328,0.021701023293845968,170.20202243604678,88.54698101599224,55269.58305416879,67675.34381056919,0.14953354644895117,0.07779428181380518,-1.5906000378681757e-11,0.0,0.0,0.0,0.0,12928.211305432727,0.0,68.4338746951394,0.0,0.021633877482107437,0.0
70000.0,0.2675,0.5202209277979755,5.202209277979755e-10,12.531677228922081,0.0006994031851614681,0.0003638441738895582,0.009832447018860052,12928.20090789616,26.82636157010278,13011.383995122433,170.2189842117249,88.55147789545246,110495.56387282487,57620.57993330731,0.0001279950961317569,0.005087933723218006,170.21898421172477,88.5514778954524,55274.76362287128,67678.15137208946,0.06724151471703955,0.03498044317263954,4.602153198775605e-15,0.0,0.0,0.0,0.0,12928.195792851775,0.0,69.23256756643272,0.0,0.005021347995554752,0.0
70000.0,0.2725,0.5202149710541799,5.2021497105418e-10,12.53168547341166,0.00029501110275635846,0.00015346596413048404,0.009833103292357521,12928.19727133992,26.78978442741847,13011.548319255382,170.2278952210694,88.55509958504257,110501.27157161533,57623.257466304545,0.0001274929913571731,0.0011871227256279758,170.22789522106953,88.55509958504264,55277.502378787,67679.60244216386,0.028286211271242336,0.014714910577701868,-1.2410782657453273e-08,0.0,0.0,0.0,0.0,12928.19215600392,0.0,69.41971631589296,0.0,0.001120798962819493,0.0
70000.0,0.2775,0.5202135724051233,5.202135724051234e-10,12.531689092828266,0.00012118227448784031,6.304066392349766e-05,0.00983356746162305,12928.19641898736,26.773903083940517,13011.583124618586,170.23215353169502,88.5570767269405,110504.0023486607,57624.60954084943,0.00012727716391246758,0.00024978650437716015,170.23215353169462,88.55707672694027,55278.817594506,67680.2928034554,0.011270467006792144,0.005863049904277419,-2.8163223102717875e-14,0.0,0.0,0.0,0.0,12928.191303431833,0.0,69.46367341738889,0.0,0.00018357519625266297,0.0
70000.0,0.28250000000000003,0.5202132450621594,5.202132450621594e-10,12.531690448108378,5.117352808671408e-05,2.6621147107269086e-05,0.009833656391756472,12928.196219194866,26.76733923565146,13011.589762922375,170.23404165093393,88.55800322727914,110505.21413323694,57625.223910315886,0.00012667679848140195,6.589894841209534e-05,170.23404165093424,88.55800322727922,55279.40287439528,67680.59873495283,0.004298861808266971,0.002236324851352343,2.4554575674228316e-13,0.0,0.0,0.0,0.0,12928.191103597308,0.0,69.47393491495127,0.0,0.0,0.0
70000.0,0.2875,0.520213169087951,5.20213169087951e-10,12.531690995321371,2.4292777044976175e-05,1.2637422532514085e-05,0.009833682206378695,12928.19617233279,26.76493630488936,13011.590814410409,170.2348285399869,88.55839964393056,110505.71971700092,57625.48322704098,7.257058933613776e-05,3.775217626113249e-05,170.23482853998695,88.55839964393057,55279.647745952694,67680.7264808554,0.0015873930865216714,0.0008257827881277427,-1.4685224238681665e-14,0.0,0.0,0.0,0.0,12928.191056720787,0.0,69.47628535493575,0.0,0.0,0.0
70000.0,0.2925,0.5202131483828709,5.20213148382871e-10,12.531690978538393,1.4460293583469969e-05,7.522434851597538e-06,0.009833702162224036,12928.196161370814,26.763946762858094,13011.590926658477,170.2351412088125,88.55855877363896,110505.92051762393,57625.58667522378,3.897100614025638e-05,2.0273229799870966e-05,170.23514120881256,88.55855877363898,55279.74508829247,67680.77721923178,0.000577325931306662,0.00030033254036811164,-6.087814840863763e-14,0.0,0.0,0.0,0.0,12928.191045749381,0.0,69.47692389994735,0.0,0.0,0.0
70000.0,0.2975,0.5202131452808567,5.202131452808567e-10,12.531690998357849,1.0976344813342084e-05,5.71444867307172e-06,0.009833833260380412,12928.196158835555,26.763631695716,13011.590856798299,170.2352598577261,88.55861996829167,110505.996826073,57625.62622254775,2.0830351875792734e-05,1.08362228709592e-05,170.23525985772616,88.55861996829167,55279.782178582274,67680.79652827836,0.00021446336281991804,0.00011156666052005908,2.1152212141902008e-08,0.0,0.0,0.0,0.0,12928.191043153476,0.0,69.47702062987372,0.0,0.0,0.0
70000.0,0.3025,0.5202131452025833,5.202131452025834e-10,12.53169096762669,9.790058235341098e-06,5.092916986323245e-06,0.009833706564302708,12928.196158175395,26.76349446577986,13011.59078785409,170.23530353110974,88.55864267443503,110506.02486811137,57625.640807817756,1.2023429019474946e-05,6.254745826341075e-06,170.2353035311098,88.55864267443506,55279.79579880036,67680.8036136511,8.807655626040022e-05,4.581858235083509e-05,-8.007062170237622e-14,0.0,0.0,0.0,0.0,12928.191042551212,0.0,69.47702367032774,0.0,0.0,0.0
70000.0,0.3075,0.5202131430220049,5.202131430220049e-10,12.531690979604509,9.417764517430237e-06,4.890439299206679e-06,0.00983370315980895,12928.196158059467,26.763466274917995,13011.59083910716,170.23531895401706,88.55865032642271,110506.03480975558,57625.64587084003,8.086337220357573e-06,4.206618961150884e-06,170.23531895401712,88.55865032642274,55279.80065115959,67680.80614922443,4.521435967334025e-05,2.352110415539572e-05,-1.426141327215325e-08,0.0,0.0,0.0,0.0,12928.191042438088,0.0,69.47708975491551,0.0,0.0,0.0
70000.0,0.3125,0.5202131466731559,5.20213146673156e-10,12.531691097368352,9.266211539862672e-06,4.82040506289107e-06,0.00983371977130371,12928.196158022478,26.763549636139125,13011.590772131622,170.2353237702944,88.55865345346835,110506.03809789465,57625.64776401778,6.4379913210439985e-06,3.349127723374766e-06,170.2353237702945,88.55865345346837,55279.802348404235,67680.80701303552,3.1012328789194696e-05,1.6133021145089477e-05,-9.683191222877649e-15,0.0,0.0,0.0,0.0,12928.191042391363,0.0,69.4769793669749,0.0,0.0,0.0
70000.0,0.3175,0.5202131426737014,5.202131426737015e-10,12.531690997321874,9.224238681650716e-06,4.79857019335384e-06,0.009833729940342867,12928.196158036473,26.763478282701442,13011.590855878436,170.2353259596328,88.55865391154254,110506.03937426956,57625.64822797317,5.783691037572244e-06,3.0087520909091776e-06,170.23532595963275,88.55865391154252,55279.802905287885,67680.80732361098,2.6401808839211073e-05,1.3734567948516304e-05,-4.622695250578759e-14,0.0,0.0,0.0,0.0,12928.191042400551,0.0,69.47710033234686,0.0,0.0,0.0
70000.0,0.3225,0.5202131467486167,5.202131467486168e-10,12.531691081746198,9.216361027442467e-06,4.79447217165716e-06,0.00983371864871198,12928.196157990402,26.763525665367297,13011.590757383743,170.23532628451144,88.55865477424322,110506.03967931739,57625.64859054196,5.5351861083510324e-06,2.8794765832645208e-06,170.2353262845114,88.5586547742432,55279.80310196115,67680.807404633,2.4931921522980915e-05,1.2969913349959465e-05,-9.35900309053565e-15,0.0,0.0,0.0,0.0,12928.191042361044,0.0,69.47697711830668,0.0,0.0,0.0
70000.0,0.3275,0.520213142817285,5.202131428172851e-10,12.531690960209017,9.22486033055478e-06,4.798893584608401e-06,0.009833668818607415,12928.196158024966,26.76342334518073,13011.590822959046,170.23532705311786,88.55865450483083,110506.03997325365,57625.648546714285,5.444246764369879e-06,2.83216871956569e-06,170.23532705311777,88.55865450483081,55279.80314554514,67680.80744786048,2.4470816344481022e-05,1.2730040277867057e-05,1.130069507949145e-14,0.0,0.0,0.0,0.0,12928.191042420971,0.0,69.47709596641108,0.0,0.0,0.0
70000.0,0.3325,0.5202131451137696,5.202131451137697e-10,12.531691064298826,9.167501893638815e-06,4.77566426039902e-06,0.009833713895920257,12928.196158017114,26.76351124380565,13011.590799284802,170.23532661951842,88.55865467020949,110506.03986762403,57625.648606681585,5.412007208423315e-06,2.8153972997367817e-06,170.23532661951845,88.55865467020945,55279.803180358846,67680.8074539542,2.4328250614859274e-05,1.2655875767471946e-05,-6.3796206831812035e-09,0.0,0.0,0.0,0.0,12928.191042389202,0.0,69.47702653776194,0.0,0.0,0.0
70000.0,0.3375,0.5202131430759265,5.202131430759265e-10,12.531690973094593,9.220008363096335e-06,4.8095761199866265e-06,0.009833701104876734,12928.196158021141,26.763445743334692,13011.590826802145,170.23532700771537,88.55865452524176,110506.03998842782,57625.64856757817,5.400886766902769e-06,2.8096123177672254e-06,170.23532700771545,88.55865452524179,55279.80317519987,67680.80746193203,2.428474554088595e-05,1.2633243806623369e-05,-3.1717333944562968e-09,0.0,0.0,0.0,0.0,12928.191042402801,0.0,69.47708816331551,0.0,0.0,0.0
70000.0,0.3425,0.5202131450455351,5.20213145045535e-10,12.531691020334495,9.214589666778237e-06,4.793550670858796e-06,0.009833720841977048,12928.19615800711,26.763488112888563,13011.590789316053,170.23532677511892,88.558654739539,110506.0399222353,57625.648631705815,5.397141943608816e-06,2.807664184741914e-06,170.23532677511903,88.55865473953902,55279.80318442816,67680.80745643075,2.427162643772107e-05,1.2626419124537235e-05,2.967330451337743e-14,0.0,0.0,0.0,0.0,12928.191042376227,0.0,69.47702861621649,0.0,0.0,0.0
70000.0,0.34750000000000003,0.520213145947365,5.202131459473649e-10,12.531691117335592,9.198125388309154e-06,4.785033077455348e-06,0.009833722980802859,12928.196157987188,26.763550546612226,13011.590794503236,170.2353264256902,88.55865471128482,110506.03982022715,57625.64862380519,5.395910144940679e-06,2.8070217858662027e-06,170.23532642569236,88.55865471128476,55279.80319541342,67680.80745761207,2.4267712946395503e-05,1.2624383296792e-05,7.202848400825016e-07,0.0,0.0,0.0,0.0,12928.191042336855,0.0,69.4770013816188,0.0,0.0,0.0
70000.0,0.35250000000000004,0.5202131451958114,5.202131451958115e-10,12.53169103907792,9.185966554466925e-06,4.77866055296277e-06,0.009833711475292726,12928.196158036391,26.76349423630581,13011.590787956424,170.2353267429447,88.55865474838389,110506.0399137445,57625.64863472727,5.395507408279505e-06,2.806813878788382e-06,170.23532674294418,88.55865474838362,55279.803186236386,67680.80745661209,2.426655713033511e-05,1.2623782007845468e-05,-4.747923863742568e-14,0.0,0.0,0.0,0.0,12928.191042410352,0.0,69.47702403253011,0.0,0.0,0.0
70000.0,0.3575,0.5202131444482101,5.202131444482101e-10,12.531691058991829,9.205409683268837e-06,4.788775117267282e-06,0.009833713881532577,12928.196158011846,26.763508226115107,13011.590817830664,170.2353266645543,88.558654580336,110506.03989046598,57625.64858528938,5.395380217374389e-06,2.8067477083739985e-06,170.23532666455552,88.55865458033664,55279.80318862091,67680.8074617284,2.4266218826354807e-05,1.2623605999526387e-05,-8.079390333151587e-15,0.0,0.0,0.0,0.0,12928.191042385291,0.0,69.47704667399339,0.0,0.0,0.0
70000.0,0.3625,0.5202131449502182,5.202131449502182e-10,12.531691072586945,9.203854427539166e-06,4.78796605741414e-06,0.009833733344532119,12928.196158026569,26.763527317408634,13011.590812598883,170.23532655687626,88.55865460977998,110506.03985895717,57625.64859399683,5.395340356617796e-06,2.8067269749929754e-06,170.23532655687572,88.55865460977978,55279.803192049054,67680.80746088915,2.426612062988329e-05,1.2623554928612957e-05,-4.044107277401797e-14,0.0,0.0,0.0,0.0,12928.191042384642,0.0,69.47703148996496,0.0,0.0,0.0
70000.0,0.3675,0.5202131444721562,5.202131444721562e-10,12.531690989687412,9.217597115830598e-06,4.795115180103711e-06,0.009833680825877688,12928.196158015637,26.76344893264425,13011.590786243883,170.23532699835823,88.55865475806166,110506.03998898367,57625.648637664846,5.395327954941561e-06,2.8067205208986766e-06,170.2353269983584,88.55865475806166,55279.80317855144,67680.80745638134,2.4266092418990346e-05,1.2623540241334918e-05,1.4073902828451568e-14,0.0,0.0,0.0,0.0,12928.19104240776,0.0,69.47704592457413,0.0,0.0,0.0
70000.0,0.3725,0.5202131435058601,5.202131435058601e-10,12.531691054310134,9.205050763720663e-06,4.79299249266822e-06,0.009833722507370551,12928.196158019413,26.76350846020067,13011.590846429051,170.23532666322288,88.55865441922214,110506.03989027768,57625.64853804747,5.395324237037865e-06,2.806718597774022e-06,170.23532666322276,88.55865441922207,55279.80318876863,67680.80746671883,2.4266084287600965e-05,1.2623535987831056e-05,1.441308027696542e-09,0.0,0.0,0.0,0.0,12928.19104238963,0.0,69.47707517338522,0.0,0.0,0.0
70000.0,0.3775,0.5202131457414765,5.202131457414765e-10,12.531691077187785,9.107348980793332e-06,4.79061874064284e-06,0.009833758843941231,12928.196158014765,26.763535415360632,13011.590792862735,170.23532651158456,88.55865472091878,110506.03984567024,57625.64862670947,5.395323103377585e-06,2.806718000408228e-06,170.23532651158445,88.55865472091872,55279.80319331676,67680.80745748509,2.426608197031608e-05,1.2623534836598655e-05,3.09235247400449e-08,0.0,0.0,0.0,0.0,12928.191042390272,0.0,69.47700754966652,0.0,0.0,0.0
70000.0,0.3825,0.5202131460374853,5.202131460374852e-10,12.531691080612767,9.19247541044208e-06,4.790858614638967e-06,0.009833713430668802,12928.196158009101,26.76352321130177,13011.59077759021,170.23532658010578,88.55865480695556,110506.03986593745,57625.64865198172,5.395322803797645e-06,2.806717828283918e-06,170.23532658010578,88.55865480695557,55279.803191360195,67680.80745483964,2.4266081332208622e-05,1.2623534511829741e-05,-1.4521108639622195e-09,0.0,0.0,0.0,0.0,12928.191042386754,0.0,69.47699859991161,0.0,0.0,0.0
70000.0,0.3875,0.520213144923362,5.20213144923362e-10,12.53169110175834,9.206541620313992e-06,4.789363970171367e-06,0.00983372333152363,12928.196158014376,26.763540658179046,13011.590820342188,170.23532648175657,88.55865456612987,110506.0398369848,57625.64858123275,5.395322655340334e-06,2.8067177664108597e-06,170.23532648175663,88.55865456612992,55279.80319431632,67680.80746221982,2.4266081136417427e-05,1.2623534382941176e-05,-8.342155626868906e-14,0.0,0.0,0.0,0.0,12928.1910423817,0.0,69.47703230559594,0.0,0.0,0.0
70000.0,0.3925,0.5202131456289838,5.202131456289837e-10,12.53169105619945,9.202376065216e-06,4.787197000146886e-06,0.009833741733906096,12928.196157993814,26.763518402177713,13011.590787442487,170.23532660726883,88.55865475154476,110506.03987381521,57625.64863574502,5.395322634810448e-06,2.806717759538001e-06,170.23532660726843,88.55865475154457,55279.803190535546,67680.80745655166,2.426608110358869e-05,1.2623534382985917e-05,4.4510355031009217e-14,0.0,0.0,0.0,0.0,12928.191042351757,0.0,69.47701099538033,0.0,0.0,0.0
70000.0,0.3975,0.5202131442061824,5.202131442061823e-10,12.531690980251154,9.205687906168647e-06,4.78891985024882e-06,0.009833713037130577,12928.196158040872,26.76345998153921,13011.590800043738,170.2353269361663,88.55865468043048,110506.03997046425,57625.64861473378,5.3953226290245196e-06,2.8067177488516118e-06,170.23532693616647,88.55865468043055,55279.80318035551,67680.80745872017,2.4266081136391697e-05,1.2623534365524654e-05,-2.5529688946577455e-15,0.0,0.0,0.0,0.0,12928.191042413378,0.0,69.47705396348496,0.0,0.0,0.0
70000.0,0.4025,0.5202131451420282,5.202131451420282e-10,12.531691057893982,9.20712464376707e-06,4.789667268648743e-06,0.009833711500216575,12928.196158022287,26.76351204868951,13011.59079884751,170.23532664291182,88.55865468718966,110506.03988436188,57625.64861677087,5.395322617073107e-06,2.8067177476835194e-06,170.2353266429119,88.55865468718972,55279.80318937993,67680.807458523,2.4266081090700504e-05,1.2623534364464808e-05,-1.186113981299019e-14,0.0,0.0,0.0,0.0,12928.191042395509,0.0,69.4770256759455,0.0,0.0,0.0
70000.0,0.40750000000000003,0.5202131416249566,5.202131416249566e-10,12.531690963347351,9.206626619288578e-06,4.789408157388064e-06,0.009833686721509066,12928.196158021683,26.763433307317953,13011.590864175134,170.23532708650444,88.55865431922254,110506.04001475679,57625.64850869535,5.395322634260703e-06,2.806717737648997e-06,170.2353270865045,88.55865431922257,55279.80317577128,67680.80746980032,2.4266081152862565e-05,1.2623534311456785e-05,-7.467562683863332e-14,0.0,0.0,0.0,0.0,12928.191042409204,0.0,69.47713204515146,0.0,0.0,0.0
70000.0,0.41250000000000003,0.5202131460975008,5.202131460975008e-10,12.531691060709155,9.205200497548001e-06,4.788666311287725e-06,0.009833755866954109,12928.196158006405,26.763523112773413,13011.59077573298,170.23532658058502,88.55865481742164,110506.03986586399,57625.64865502856,5.3953226254505775e-06,2.806717757196673e-06,170.23532658058477,88.55865481742153,55279.80319125315,67680.80745448428,2.4266081080453787e-05,1.2623534382319903e-05,-3.6686690469760367e-14,0.0,0.0,0.0,0.0,12928.191042357998,0.0,69.47699681668776,0.0,0.0,0.0
70000.0,0.4175,0.5202131453153922,5.202131453153922e-10,12.531691070144017,9.208415770965314e-06,4.790338931585728e-06,0.009833739968556311,12928.196158008855,26.7635238117091,13011.590799732376,170.23532657662892,88.5586546822211,110506.03986479418,57625.6486153391,5.395322582368067e-06,2.8067177305648565e-06,170.23532657662886,88.55865468222107,55279.80319142884,67680.80745865968,2.4266081079810005e-05,1.2623534363006292e-05,-1.4272968267509184e-14,0.0,0.0,0.0,0.0,12928.191042367895,0.0,69.4770204628772,0.0,0.0,0.0
70000.0,0.4225,0.5202131439714021,5.20213143971402e-10,12.531690909008416,9.225877115552763e-06,4.799422540175514e-06,0.009833707013181347,12928.196158007442,26.76340754876877,13011.590779865366,170.2353272315397,88.5586547941197,110506.04005734257,57625.64864825167,5.395322661305805e-06,2.8067177643780446e-06,170.23532723153966,88.55865479411968,55279.803171414605,67680.80745527481,2.4266081173142133e-05,1.2623534378945517e-05,8.071377314761014e-14,0.0,0.0,0.0,0.0,12928.19104238446,0.0,69.47706109742887,0.0,0.0,0.0
70000.0,0.4275,0.5202131440370572,5.202131440370573e-10,12.531691056402188,9.215493584478401e-06,4.794020891434839e-06,0.009833722585370342,12928.196158023722,26.763512824491503,13011.590832647145,170.2353266385624,88.55865449682194,110506.03988306099,57625.64856085445,5.3953225828115285e-06,2.8067177238985213e-06,170.2353266385624,88.55865449682193,55279.80318953117,67680.80746436112,2.4266081088610704e-05,1.2623534336564349e-05,-8.177244622184377e-14,0.0,0.0,0.0,0.0,12928.191042391863,0.0,69.47705910321713,0.0,0.0,0.0
70000.0,0.4325,0.5202131433812571,5.202131433812571e-10,12.531690923809611,9.209674453067584e-06,4.790993696748347e-06,0.009833695548728255,12928.196158023766,26.763413234487327,13011.59080065658,170.2353271995706,88.55865467702544,110506.04004792214,57625.64861379272,5.39532263739089e-06,2.8067177487531696e-06,170.23532719957058,88.55865467702543,55279.80317232615,67680.80745883798,2.426608116857766e-05,1.2623534362250514e-05,9.853257599852275e-15,0.0,0.0,0.0,0.0,12928.191042406092,0.0,69.47707892399004,0.0,0.0,0.0
70000.0,0.4375,0.5202131425797036,5.202131425797036e-10,12.531690938219123,9.19144515728258e-06,4.781510570118969e-06,0.009833691136844642,12928.196158008086,26.763420281676815,13011.590828547007,170.23532715992772,88.55865451994995,110506.04003625282,57625.64856766727,5.395322675345138e-06,2.8067177641728284e-06,170.23532715992746,88.55865451994983,55279.803173507404,67680.80746362984,2.426608116292638e-05,1.2623534339860078e-05,-1.6404529170944284e-14,0.0,0.0,0.0,0.0,12928.191042391765,0.0,69.4771031854118,0.0,0.0,0.0
70000.0,0.4425,0.5202131460418752,5.202131460418752e-10,12.531691008360365,9.208436315549095e-06,4.790349625838049e-06,0.009833744911531604,12928.196158016945,26.76348593108932,13011.590758070613,170.2353267900244,88.55865491690531,110506.03992747513,57625.64868426441,5.395322617140209e-06,2.8067177525733924e-06,170.23532679002446,88.55865491690531,55279.80318487292,67680.807451464,2.426608111019865e-05,1.2623534396443759e-05,4.5418731871168934e-14,0.0,0.0,0.0,0.0,12928.191042373277,0.0,69.47699848218294,0.0,0.0,0.0
70000.0,0.4475,0.5202131448334539,5.20213144833454e-10,12.53169111716007,9.147215362520873e-06,4.7937522154528845e-06,0.00983372295463304,12928.196158015757,26.76355027843643,13011.590828051829,170.23532642765156,88.55865452267815,110506.03982118909,57625.64856846094,5.395322696909278e-06,2.8067177497812643e-06,170.2353264276515,88.5586545226782,55279.80319592063,67680.80746356097,2.4266081058544406e-05,1.2623534340248895e-05,7.655522093044775e-09,0.0,0.0,0.0,0.0,12928.191042408183,0.0,69.47703499555215,0.0,0.0,0.0
70000.0,0.4525,0.5202131459499677,5.202131459499678e-10,12.531691064094034,9.19543929763894e-06,4.784689515777224e-06,0.009833703809524,12928.19615800444,26.763517505795015,13011.590777270236,170.23532661217496,88.55865480873979,110506.0398753238,57625.64865251673,5.395322550697913e-06,2.80671773475979e-06,170.23532661217502,88.55865480873982,55279.80319032472,67680.80745477331,2.4266081084847174e-05,1.2623534381025356e-05,-1.5826059201430917e-09,0.0,0.0,0.0,0.0,12928.191042384042,0.0,69.47700125017926,0.0,0.0,0.0
70000.0,0.4575,0.5202131440545121,5.202131440545121e-10,12.531690955997806,9.19420171183099e-06,4.782944579582977e-06,0.009833697797374903,12928.196158006656,26.763434666322443,13011.59079146088,170.23532707893008,88.55865472887845,110506.04001240122,57625.64862902443,5.3953226168223205e-06,2.8067177416855576e-06,170.23532707893034,88.5586547288786,55279.80317598132,67680.80745721827,2.4266081151380488e-05,1.2623534369641578e-05,-2.4035090391309184e-14,0.0,0.0,0.0,0.0,12928.191042387834,0.0,69.47705857974337,0.0,0.0,0.0
70000.0,0.4625,0.520213143065205,5.202131430652051e-10,12.531691061523235,9.212964404473043e-06,4.792705169798777e-06,0.009833762914022623,12928.196158037603,26.763526482518657,13011.590869122523,170.23532656156002,88.55865429132072,110506.03986028675,57625.64850042473,5.3953226245932455e-06,2.8067177403904637e-06,170.2353265615601,88.55865429132078,55279.80319186779,67680.80747064104,2.4266081077632307e-05,1.2623534307270202e-05,-2.6530090004780926e-15,0.0,0.0,0.0,0.0,12928.191042385066,0.0,69.47708850743312,0.0,0.0,0.0
70000.0,0.4675,0.5202131462218194,5.202131462218193e-10,12.531691056981783,9.208623502914365e-06,4.791478119087891e-06,0.009833742841376517,12928.196158006283,26.763520508318134,13011.59077062223,170.2353265952081,88.55865484619217,110506.03987024937,57625.64866351631,5.395322620604604e-06,2.806717754255662e-06,170.235326595208,88.55865484619213,55279.80319089395,67680.80745364203,2.4266081082428628e-05,1.2623534386363972e-05,-8.955269585875456e-10,0.0,0.0,0.0,0.0,12928.191042364144,0.0,69.47699304942643,0.0,0.0,0.0
70000.0,0.47250000000000003,0.5202131450539935,5.202131450539935e-10,12.531691061566606,9.216467962077306e-06,4.7945277848416064e-06,0.009833762982053641,12928.196158033148,26.763526521740932,13011.59080903131,170.23532656145002,88.55865462982555,110506.0398603416,57625.64859990927,5.3953226207596184e-06,2.806717749126316e-06,170.23532656144977,88.55865462982551,55279.80319193423,67680.80746029604,2.4266081077616613e-05,1.2623534355522139e-05,-2.894198013411697e-13,0.0,0.0,0.0,0.0,12928.191042381297,0.0,69.47702835470311,0.0,0.0,0.0
70000.0,0.47750000000000004,0.520213143383463,5.20213143383463e-10,12.531690961874393,9.212857160302068e-06,4.792646662949751e-06,0.009833707476139335,12928.196158001934,26.76342791515591,13011.590808235549,170.23532711682967,88.55865463435804,110506.04002354121,57625.64860131831,5.395322457555502e-06,2.806717731634216e-06,170.23532711682958,88.55865463435798,55279.80317487983,67680.80746014068,2.4266081156782826e-05,1.2623534356168217e-05,-1.7257671085872424e-08,0.0,0.0,0.0,0.0,12928.191042370905,0.0,69.47707889657295,0.0,0.0,0.0
70000.0,0.4825,0.520213144161864,5.202131441618641e-10,12.531690963441196,9.172925294547091e-06,4.789502039673842e-06,0.00983370341339374,12928.196158016206,26.763426658388187,13011.590784037242,170.2353271240984,88.55865477065069,110506.04002572245,57625.64864132579,5.395322757513162e-06,2.8067177419841397e-06,170.23532712409826,88.55865477065063,55279.80317464506,67680.8074559697,2.426608115781895e-05,1.2623534375595962e-05,1.0901438252320977e-08,0.0,0.0,0.0,0.0,12928.191042396953,0.0,69.47705532237478,0.0,0.0,0.0
70000.0,0.4875,0.5202131446979494,5.202131446979495e-10,12.531691061303073,9.174583581900229e-06,4.790422243819724e-06,0.009833762639907227,12928.196158008777,26.763526393791583,13011.590819723786,170.2353265622466,88.5586545696287,110506.03986065193,57625.64858229248,5.395322725780725e-06,2.8067177380939287e-06,170.23532656224793,88.55865456962869,55279.80319163603,67680.8074621222,2.4266081077730177e-05,1.2623534346941419e-05,3.3304476343775466e-07,0.0,0.0,0.0,0.0,12928.191042421322,0.0,69.47703907961706,0.0,0.0,0.0
70000.0,0.4925,0.520213144312914,5.20213144312914e-10,12.531691020416277,9.206719894071321e-06,4.789456704903101e-06,0.009833702950061928,12928.196158009598,26.76347716881882,13011.590805761898,170.23532683935247,88.55865464823614,110506.03994200229,57625.64860533206,5.395322608400891e-06,2.8067177386987797e-06,170.23532683935252,88.55865464823619,55279.80318331628,67680.80745969698,2.426608111723004e-05,1.262353435814647e-05,2.2140109562422617e-14,0.0,0.0,0.0,0.0,12928.191042386083,0.0,69.47705076555353,0.0,0.0,0.0
70000.0,0.4975,0.5202131457834771,5.202131457834771e-10,12.531691116890851,9.205486744910476e-06,4.788815218037981e-06,0.009833722899296913,12928.196158025532,26.763550094931052,13011.590799274898,170.23532642842184,88.55865468480651,110506.03982112535,57625.64861605027,5.395322678511558e-06,2.8067177831054336e-06,170.23532642842218,88.5586546848065,55279.803195772176,67680.80745858184,2.4266081058654232e-05,1.2623534363359365e-05,2.0943419493616069e-13,0.0,0.0,0.0,0.0,12928.191042368622,0.0,69.47700630341745,0.0,0.0,0.0
80000.0,0.0025,0.506096379678403,5.060963796784031e-10,8.721839986099763,0.0002733626688843452,1559.4088526038174,1.878138713822903,1048.9901231713934,0.41352883263856033,775.6780171463045,170.13522665022313,86.10482226344216,110385.93661318785,58984.74031599564,0.6399579384580043,272.8947526625977,170.13522665023132,86.10482226344655,55198.17484295281,71597.76332185407,0.19818431553827281,18309.863436041902,-9.051654320772756e-13,0.0,0.0,779.7043571275736,0.0,775.4687317011379,0.0,0.0,272.57087226676884,0.0,16750.354421425218
80000.0,0.0075,0.5060963784696249,5.060963784696249e-10,8.721839490178693,0.00027338083971839463,1559.4088526335736,1.8781768416788711,1048.9901678946826,0.4135361058157659,775.6780290800023,170.13522630633784,86.10482188374763,110385.93639004088,58984.74006953122,0.6399895671827288,272.8947858446994,170.13522630632048,86.10482188373885,55198.17492728495,71597.76341128442,0.19821494241692236,18309.863470149605,-3.563559622179022e-14,0.0,0.0,779.7043571383001,0.0,775.468739954461,0.0,0.0,272.57088944248335,0.0,16750.354440008563
80000.0,0.0125,0.506096379482595,5.060963794825951e-10,8.721838719929224,0.0002733604660582268,1559.408852614874,1.8781457758900164,1048.9901332363481,0.4135294244273165,775.6780201706506,170.13522660192157,86.10482220568339,110385.93657732932,58984.740276115735,0.6399628854419732,272.8947589322134,170.13522660192262,86.10482220568392,55198.17485463507,71597.7633354476,0.19818922452171187,18309.86343805529,-4.8726433857768804e-14,0.0,0.0,779.7043571340648,0.0,775.4687344261386,0.0,0.0,272.5708760328872,0.0,16750.354420939948
80000.0,0.0175,0.5060963802020507,5.060963802020508e-10,8.721838890490455,0.00027335599198326124,1559.4088525984046,1.8781680864161616,1048.9901276914304,0.41353072118871725,775.6780176387035,170.13522637782356,86.10482221467296,110385.93644018836,58984.74028610198,0.6399843888517791,272.89475616645603,170.13522637781378,86.10482221466803,55198.174906094675,71597.76333135087,0.19821476639964195,18309.86344133729,3.234329973500617e-14,0.0,0.0,779.7043571269695,0.0,775.468731237615,0.0,0.0,272.5708623838725,0.0,16750.35441130758
80000.0,0.0225,0.5060963797295186,5.060963797295186e-10,8.721838326726468,0.0002733843913456248,1559.4088526295357,1.8781850265685425,1048.9901467938025,0.41353892768413664,775.6780252566103,170.1352262998219,86.10482209480224,110385.93637277516,58984.740199862295,0.6399935031574511,272.8947678408001,170.1352262998571,86.10482209482005,55198.17494197184,71597.76336791557,0.19821583722733946,18309.863448317083,-1.1575044536275286e-14,0.0,0.0,779.7043571373803,0.0,775.46873470194,0.0,0.0,272.5708694470526,0.0,16750.35441772658
80000.0,0.0275,0.5060963789804875,5.060963789804875e-10,8.72184011560664,0.0002733574128560909,1559.408852620015,1.878163942138959,1048.9901519259538,0.4135299014233526,775.6780237015947,170.13522641156524,86.10482202391859,110385.93646304535,58984.740162748225,0.6399823449797024,272.8947749871758,170.13522641155538,86.10482202391364,55198.17490017254,71597.76337750621,0.19821210222217978,18309.863458735897,-1.0369144414963827e-13,0.0,0.0,779.7043571372393,0.0,775.468737715787,0.0,0.0,272.5708822397633,0.0,16750.354430036175
80000.0,0.0325,0.5060963803044944,5.060963803044945e-10,8.72183854359375,0.00027338956217845393,1559.40885261389,1.8781802391799196,1048.9901318703553,0.4135388684377864,775.6780206386951,170.1352263265554,86.10482220615562,110385.93639679623,58984.74027542342,0.6399890471765951,272.8947576756916,170.13522632655815,86.10482220615704,55198.174921221995,71597.76333547973,0.19821075407925967,18309.86343767149,-1.2940863178630442e-13,0.0,0.0,779.7043571261819,0.0,775.4687301142679,0.0,0.0,272.57086153547976,0.0,16750.35440967219
80000.0,0.037500000000000006,0.5060963797990622,5.060963797990623e-10,8.721838427785768,0.00027336273909464955,1559.4088526095816,1.8781747326375993,1048.9901392010258,0.41353370229484326,775.6780199703791,170.1352263220023,86.10482211785848,110385.93640041092,58984.74021917655,0.6399885706986751,272.8947656061117,170.1352263220105,86.10482211785485,55198.174914182724,71597.76335556615,0.19822019278517855,18309.863451863534,2.9805555073492436e-11,0.0,0.0,779.7043571288838,0.0,775.4687320666222,0.0,0.0,272.5708697075369,0.0,16750.354418666993
80000.0,0.042499999999999996,0.5060963792056171,5.060963792056171e-10,8.721838485687728,0.00027335851108861476,1559.408852628047,1.8781675534025095,1048.9901460213785,0.41352906372122344,775.6780252350026,170.13522648115685,86.10482209743994,110385.93648965975,58984.74020856587,0.6399818141155382,272.8947672003184,170.13522648110978,86.10482209743681,55198.17487437277,71597.76336021435,0.1982199739491221,18309.863446854757,-1.216490504225915e-10,0.0,0.0,779.704362178415,0.0,775.4687326983739,0.0,0.0,272.57087847037604,0.0,16750.354410823547
80000.0,0.0475,0.5060963802229077,5.060963802229077e-10,8.72183865094568,0.0002733899480227269,1559.4088526054175,1.8781804272034437,1048.9901316104174,0.413538854376008,775.6780192241777,170.1352263189235,86.10482218841236,110385.93639913386,58984.74026760767,0.6399893784295835,272.8947588957097,170.13522631892386,86.10482218841251,55198.174923732564,71597.76334034825,0.1982112974921227,18309.863442543796,-2.371421318282335e-14,0.0,0.0,779.7043571218785,0.0,775.468728706895,0.0,0.0,272.5708625879063,0.0,16750.354414278416
80000.0,0.052500000000000005,0.5060963798400135,5.060963798400136e-10,8.721838430165054,0.0002733594690387088,1559.4088526186024,1.8781727872608722,1048.9901422435335,0.4135331928672967,775.6780219884905,170.13522628853138,86.10482210788736,110385.93634126674,58984.74021437475,0.639987148635379,272.8947666342663,170.13522628847593,86.10482210788662,55198.17487711112,71597.76335872714,0.1982200059790126,18309.863450272896,3.102200734155866e-11,0.0,0.0,779.7043570497965,0.0,775.4687343664622,0.0,0.0,272.5708714611852,0.0,16750.35441129922
80000.0,0.057499999999999996,0.5060963800325069,5.060963800325069e-10,8.72183858836764,0.00027339003471574296,1559.408852611993,1.8781807470872485,1048.990136162278,0.4135388837707655,775.6780207582722,170.13522632141422,86.10482215727902,110385.9363988904,58984.74024648493,0.6399895917607913,272.8947618745869,170.13522632141448,86.10482215727917,55198.174923256935,71597.7633475014,0.1982115430496161,18309.863445029772,1.2352710109248236e-13,0.0,0.0,779.704357125176,0.0,775.4687302261862,0.0,0.0,272.57086545894066,0.0,16750.354416637052
80000.0,0.0625,0.5060963798388833,5.060963798388834e-10,8.72183852967479,0.0002733601285266521,1559.4088526211465,1.8782096233637355,1048.9901450245995,0.4135361549054824,775.678023695933,170.1352262660228,86.10482209630507,110385.9363797319,58984.740206453025,0.6399990751450063,272.89476776873516,170.1352262661117,86.10482209630453,55198.17495485679,71597.76336095393,0.19822005124923403,18309.863449122306,3.1321830496813075e-11,0.0,0.0,779.7043573859006,0.0,775.4687350800924,0.0,0.0,272.57086253908955,0.0,16750.354419731917
80000.0,0.0675,0.5060963797627238,5.060963797627238e-10,8.721839207726205,0.0002733604466342487,1559.408852603572,1.8781604739570603,1048.9901320801,0.4135309752345123,775.678018691962,170.13522644592297,86.10482217439285,110385.9364752724,58984.74025536664,0.6399780456452753,272.8947602731693,170.13522644592496,86.10482217439386,55198.17489372396,71597.76334321522,0.19820697900789924,18309.863446213392,5.124687126817523e-14,0.0,0.0,779.7043571284196,0.0,775.4687321624766,0.0,0.0,272.5708697011404,0.0,16750.35442012254
80000.0,0.07250000000000001,0.5060963794241351,5.060963794241351e-10,8.721838578256632,0.0002733635529363131,1559.4088526314586,1.8781708293569903,1048.9901505105097,0.41353242608075036,775.678025795239,170.1352263523711,86.10482206944248,110385.93641961704,58984.74018818963,0.6399885496416345,272.89477118296054,170.1352263523898,86.10482206944398,55198.17491646528,71597.76336708007,0.19822025019213887,18309.863448304346,-2.3219232685119468e-11,0.0,0.0,779.7043572048797,0.0,775.468738603549,0.0,0.0,272.5708761154303,0.0,16750.354416303628
80000.0,0.0775,0.5060963790981137,5.060963790981136e-10,8.721837974918847,0.0002733655229331052,1559.4088526136743,1.8781696704864312,1048.990140247853,0.41353204788111375,775.6780207807774,170.13522655008302,86.10482211403195,110385.93658192195,58984.74021714854,0.639984713459933,272.89476556097156,170.1352265498764,86.10482211403217,55198.17495884259,71597.76335697353,0.1982203263396187,18309.863451504203,-2.771729366195341e-10,0.0,0.0,779.7043569358949,0.0,775.4687337080816,0.0,0.0,272.57087161106114,0.0,16750.354445385627
80000.0,0.0825,0.5060963797537419,5.060963797537419e-10,8.721838413965934,0.0002733594400861122,1559.408852613704,1.8781650579917062,1048.9901379672249,0.41352950393597554,775.6780226941813,170.1352263863242,86.1048221426916,110385.9364523196,58984.74023693573,0.6399831602188164,272.89476164196265,170.13522638647547,86.10482214269098,55198.174875154386,71597.76334865851,0.19822003165791724,18309.863446023457,-5.152993177589573e-10,0.0,0.0,779.704356953542,0.0,775.4687369518067,0.0,0.0,272.5708684837246,0.0,16750.354414992456
80000.0,0.0875,0.5060963794833033,5.060963794833033e-10,8.721838409061059,0.0002733599538085508,1559.4088526248456,1.8781622207674198,1048.9901439031119,0.4135312746501709,775.6780226864176,170.1352264297592,86.10482211867324,110385.93647859305,58984.74022624446,0.6399785221804024,272.89476761055175,170.1352264297613,86.10482211867425,55198.17489934384,71597.76335798022,0.19820696161926565,18309.863443454215,9.610827196559158e-13,0.0,0.0,779.7043571392336,0.0,775.4687360054851,0.0,0.0,272.5708767975344,0.0,16750.354417370676
80000.0,0.0925,0.5060963795847633,5.060963795847633e-10,8.721839467116453,0.00027335623546839,1559.4088526110036,1.8781653674113719,1048.9901386398067,0.41353034384626436,775.6780211966727,170.13522639441157,86.10482211804575,110385.93644626538,58984.74022106383,0.6399826668956667,272.8947638710056,170.1352263944045,86.10482211804216,55198.17489822735,71597.76335129866,0.19821326306644224,18309.863451074576,1.350274546059336e-15,0.0,0.0,779.7043571332092,0.0,775.4687349868052,0.0,0.0,272.5708709602922,0.0,16750.35442179253
80000.0,0.0975,0.5060963800451751,5.060963800451752e-10,8.721838583510465,0.00027336991083904213,1559.4088526073413,1.8781780974903473,1048.9901350191597,0.4135345115062508,775.678022027038,170.1352262796775,86.10482213831186,110385.93634618707,58984.74022187287,0.6399921135214542,272.8947594580547,170.13522627965895,86.10482213830205,55198.17490484499,71597.76333506111,0.19822048704928105,18309.86344691749,-6.150114297600797e-12,0.0,0.0,779.7043572930693,0.0,775.468733656343,0.0,0.0,272.5708620308735,0.0,16750.354413991958
80000.0,0.10250000000000001,0.5060963797654868,5.060963797654869e-10,8.721838717782559,0.0002733589582900738,1559.4088526175963,1.878161175792862,1048.9901376243922,0.4135308575042543,775.6780176961538,170.1352264822227,86.1048221932341,110385.93647855075,58984.74025736634,0.6399782704633442,272.8947665122675,170.13522648225054,86.10482219324818,55198.17491107975,71597.76335539017,0.19820720620832613,18309.863440149005,3.367576307511777e-15,0.0,0.0,779.7043571358201,0.0,775.4687312262577,0.0,0.0,272.57087582645846,0.0,16750.35441392752
80000.0,0.1075,0.5060963790846724,5.060963790846725e-10,8.721840740549343,0.0002733560403510454,1559.408852615117,1.878163833039881,1048.990148346399,0.4135295411464123,775.6780225574701,170.13522635436016,86.10482201269281,110385.93639110257,58984.74013794934,0.6399818985027318,272.8947722003253,170.13522635433378,86.10482201267949,55198.174859481056,71597.76335235417,0.1982132298281914,18309.863459465247,4.247507220797014e-15,0.0,0.0,779.704357130411,0.0,775.468736757302,0.0,0.0,272.5708796756602,0.0,16750.35443020108
80000.0,0.1125,0.5060963789198489,5.06096378919849e-10,8.721839693834712,0.00027336475482129017,1559.4088526181938,1.8781394095306747,1048.9901380636954,0.41353055506393804,775.6780242260013,170.13522681695292,86.10482221876705,110385.936855443,58984.74035475209,0.6399565240250148,272.8947602793925,170.1352268170149,86.10482221879842,55198.174951974936,71597.76340477495,0.19817751921366314,18309.863445623283,-3.735983881024805e-14,0.0,0.0,779.704357134643,0.0,775.4687379095117,0.0,0.0,272.57088059991725,0.0,16750.35443443014
80000.0,0.1175,0.5060963796655149,5.060963796655149e-10,8.721838362626265,0.00027337951886247303,1559.4088526206547,1.8781769816255818,1048.9901465744942,0.4135358466605362,775.6780221168929,170.13522627795294,86.10482207284515,110385.93633573422,58984.740174034065,0.6399886016111863,272.89477079599175,170.13522627791872,86.10482207282783,55198.174902828934,71597.76335351633,0.19821398674478583,18309.863446076957,2.5442722105238695e-14,0.0,0.0,779.7043571321702,0.0,775.4687331220343,0.0,0.0,272.5708748816901,0.0,16750.354416430564
80000.0,0.1225,0.5060963795911821,5.060963795911822e-10,8.721840491905459,0.0002733528053524136,1559.4088526159603,1.8781557912183822,1048.9901351894193,0.4135315896651111,775.6780218118696,170.13522645047667,86.10482214751217,110385.93646538857,58984.74023148046,0.6399719410185155,272.89475985406506,170.13522645045654,86.10482214750203,55198.17485959601,71597.76333228551,0.19820580974433197,18309.863445290306,-2.534489692316922e-13,0.0,0.0,779.7043571366339,0.0,775.468734971495,0.0,0.0,272.5708723716726,0.0,16750.35441977644
80000.0,0.1275,0.5060963795583695,5.060963795583696e-10,8.721839087290187,0.0002733568779331608,1559.4088526168748,1.8781599065351622,1048.9901384487591,0.41353019154622705,775.6780221815881,170.13522645163746,86.10482214251707,110385.93647032406,58984.74023033049,0.6399774908603552,272.8947627621363,170.13522645167708,86.10482214253716,55198.17488403103,71597.76334552647,0.19820710343144135,18309.86344551908,-4.077475560597999e-14,0.0,0.0,779.7043571359486,0.0,775.4687360488086,0.0,0.0,272.5708724710126,0.0,16750.35441934925
80000.0,0.1325,0.5060963798356957,5.060963798356957e-10,8.72183866591333,0.0002733832799953344,1559.408852614671,1.878177557151211,1048.9901396043283,0.41353678331791877,775.678021466624,170.13522633804365,86.1048221322106,110385.93639903473,58984.74022483803,0.6399886061930641,272.894764661037,170.13522633802486,86.10482213220105,55198.17492121471,71597.76335425473,0.19821284751221552,18309.863447418305,-7.165594839771449e-15,0.0,0.0,779.7043571281982,0.0,775.4687319976588,0.0,0.0,272.57086874430667,0.0,16750.354418357205
80000.0,0.1375,0.5060963801147575,5.060963801147576e-10,8.721839831776053,0.0002733526193591076,1559.4088526085545,1.8781821989009972,1048.9901381597035,0.4135317884632866,775.678019812994,170.13522624479117,86.10482213249414,110385.93634994075,58984.740230822295,0.6399981788262848,272.89476483849893,170.13522624479168,86.10482213249439,55198.17493939861,71597.76335155514,0.19823311200144017,18309.863449690893,2.071012689036467e-13,0.0,0.0,779.7043571366955,0.0,775.4687328759511,0.0,0.0,272.5708640656408,0.0,16750.354410368396
80000.0,0.14250000000000002,0.5060963795944331,5.060963795944331e-10,8.72183951136487,0.0002733835407121452,1559.408852623473,1.8781756537365673,1048.990144946263,0.4135363786314042,775.6780239585718,170.1352263333023,86.10482208876374,110385.93640706992,58984.740202334964,0.6399881358870703,272.8947680317014,170.13522633330015,86.10482208876284,55198.174920170786,71597.76336293509,0.19821303684089647,18309.863449305147,5.646916781352972e-14,0.0,0.0,779.7043571325435,0.0,775.468734694503,0.0,0.0,272.5708723531382,0.0,16750.3544201249
80000.0,0.1475,0.5060963800442037,5.060963800442036e-10,8.721840048839713,0.00027335681727700463,1559.4088526046003,1.8781696395039607,1048.9901319395258,0.4135308227584051,775.6780188928019,170.13522636965618,86.10482218368415,110385.93642952776,58984.740263333224,0.6399875858142398,272.8947600438096,170.1352263696692,86.1048221836906,55198.17491664646,71597.76334283399,0.19821878143766208,18309.86344556496,-9.20758612152917e-13,0.0,0.0,779.7043571296938,0.0,775.4687324404135,0.0,0.0,272.5708646433638,0.0,16750.35441350437
80000.0,0.1525,0.5060963796049661,5.060963796049662e-10,8.721835930261365,0.00027338281163425006,1559.4088526214257,1.8781835385238774,1048.9901485767775,0.4135382802581694,775.678024359546,170.13522628905238,86.10482206816107,110385.93637821943,58984.74018887327,0.6399897610397176,272.8947690556765,170.1352262890211,86.10482206814513,55198.17492516661,71597.76336534036,0.1982114383880854,18309.863448686472,-8.833401389093008e-14,0.0,0.0,779.7043571317431,0.0,775.4687341330582,0.0,0.0,272.5708725546351,0.0,16750.354420329284
80000.0,0.1575,0.5060963803159796,5.060963803159796e-10,8.721838538311806,0.0002733603815114993,1559.4088525959257,1.8781790570699892,1048.990123499447,0.413531505080964,775.6780154384968,170.13522639400094,86.10482224224629,110385.9363911789,58984.74030253503,0.6399877855990324,272.89475450536474,170.1352263940221,86.10482224224832,55198.17487553895,71597.76332961593,0.19822008216529657,18309.863441720016,1.823953596245363e-10,0.0,0.0,779.7043650769172,0.0,775.468721787759,0.0,0.0,272.57085251428134,0.0,16750.3543989865
80000.0,0.1625,0.5060963775525836,5.060963775525836e-10,8.721841069500254,0.0002733580316956296,1559.4088526618204,1.8781331553733884,1048.9901716512877,0.41352743439031603,775.6780346686821,170.13522668911403,86.10482192144826,110385.93664281354,58984.7400962874,0.63995572627016,272.89478459356815,170.13522668911696,86.1048219214497,55198.174845595204,71597.76340605214,0.19818438837417984,18309.863459218424,-2.888429295149639e-13,0.0,0.0,779.7043571515711,0.0,775.4687499300251,0.0,0.0,272.57090533870354,0.0,16750.354444498644
80000.0,0.1675,0.5060963804720648,5.060963804720649e-10,8.721844754709252,0.0002733602975545103,1559.4088525947384,1.8781481310748402,1048.9901111500446,0.41352803289552276,775.678013213689,170.13522655406058,86.10482234980478,110385.93656097527,58984.74037701619,0.6399742569850767,272.8947476609461,170.13522655406692,86.10482234980803,55198.1748990581,71597.76331790045,0.1982074838033874,18309.86343491931,1.5061643704480644e-13,0.0,0.0,779.7043571239935,0.0,775.4687281730173,0.0,0.0,272.57085900589044,0.0,16750.35440858019
80000.0,0.17250000000000001,0.5060963792588682,5.060963792588682e-10,8.721853343775395,0.0002733871570666992,1559.4088526293529,1.8781447601417274,1048.990136545232,0.41353028461668156,775.6780224801422,170.13522662330718,86.10482217844276,110385.93662865784,58984.740277411125,0.6399801809493606,272.894769634368,170.13522662330715,86.10482217844273,55198.174966881765,71597.76340015871,0.1982146998844762,18309.863455355007,-2.9539843123625166e-14,0.0,0.0,779.7043571345279,0.0,775.4687363003887,0.0,0.0,272.5708779819933,0.0,16750.354425340658
80000.0,0.1775,0.5060963797253009,5.060963797253009e-10,8.721880876286598,0.00027338096219820576,1559.4088526303472,1.8780788955602672,1048.9900940604489,0.41351484216969964,775.6780136944549,170.1352272193498,86.1048225594544,110385.93709744609,58984.74056614389,0.6399619425121285,272.8947522229792,170.13522721935072,86.10482255945485,55198.17502589498,71597.76341058877,0.1982191817426329,18309.863448738546,-7.893193735263516e-14,0.0,0.0,779.7043571366115,0.0,775.4687353298931,0.0,0.0,272.57086980071216,0.0,16750.354416456834
80000.0,0.1825,0.5060963798562392,5.060963798562393e-10,8.721962123644428,0.0002734371420821528,1559.4088526504258,1.8778908478182563,1048.9899959741474,0.41348176063572634,775.6779959686857,170.13522895881195,86.10482346204641,110385.93838576265,58984.741264468634,0.639907264653003,272.894722598479,170.1352289588257,86.1048234620465,55198.17515999018,71597.76351365502,0.19822565229648417,18309.86344647818,-3.437109477533762e-10,0.0,0.0,779.7043571182833,0.0,775.4687343709696,0.0,0.0,272.57086784030446,0.0,16750.354414748137
80000.0,0.1875,0.5060963795305535,5.060963795305535e-10,8.722196435582179,0.0002735776885204976,1559.4088527435729,1.8774034042873884,1048.9897561623527,0.4133978904087529,775.6779557212184,170.1352336331074,86.10482577229331,110385.9420481651,58984.74305385209,0.6397816137326011,272.8946637093125,170.1352336330366,86.10482577229462,55198.17587014921,71597.76385607108,0.19823786499166565,18309.863460099026,-1.734534139590955e-10,0.0,0.0,779.7043571680108,0.0,775.468736517478,0.0,0.0,272.5708725480901,0.0,16750.354419576484
80000.0,0.1925,0.5060963795004438,5.060963795004439e-10,8.722818123218788,0.00027400441308955193,1559.4088529984106,1.8760502789326625,1048.9890716487464,0.4131712803609553,775.6778421358667,170.1352466685793,86.1048323643829,110385.9517629705,58984.74796359227,0.6394187663966602,272.89447926861277,170.13524666858447,86.1048323643855,55198.17749473143,71597.76466789845,0.19825560387079152,18309.86347085108,-2.4036375892303264e-14,0.0,0.0,779.7043571630278,0.0,775.4687376472313,0.0,0.0,272.57087174597484,0.0,16750.35442007695
80000.0,0.1975,0.5060963775134207,5.060963775134208e-10,8.724493238399143,0.0002750549785740584,1559.408853792864,1.8724126477868217,1048.987279262005,0.41254252101691946,775.6775487008284,170.1352830271702,86.10485042727142,110385.97969172854,58984.76187943156,0.6384456365326405,272.8940106022639,170.135283027153,86.10485042726272,55198.18274533431,71597.767397027,0.1983343634626348,18309.86352820318,5.0557876680088925e-14,0.0,0.0,779.7043572942865,0.0,775.4687624253701,0.0,0.0,272.57089557837537,0.0,16750.35443731164
80000.0,0.2025,0.506096368990038,5.06096368990038e-10,8.728809459954487,0.0002777663929862881,1559.408856199831,1.8630627607920758,1048.9827460583026,0.4109259912800035,775.6768232497326,170.1353786264615,86.10489735959837,110386.05102018316,58984.797627756314,0.6359410884596476,272.8928494770827,170.1353786298167,86.10489735959926,55198.19595306284,71597.77471258702,0.19853873760824967,18309.863725184387,-9.936302526784988e-09,0.0,0.0,779.7043559212642,0.0,775.468855307706,0.0,0.0,272.5710019322869,0.0,16750.354536459785
80000.0,0.20750000000000002,0.5060963385823904,5.060963385823905e-10,8.739551993161147,0.00028468740906724584,1559.4088639607942,1.8400330020113405,1048.9718122809888,0.4069639232593807,775.6751911284949,170.13562241678596,86.10501556757144,110386.23618276996,58984.88740175846,0.6297897647020492,272.8900844327992,170.13562241677567,86.10501556756627,55198.233398347176,71597.79443761955,0.1990316969179131,18309.864271137598,1.3277568988845547e-13,0.0,0.0,779.7043599407696,0.0,775.4692281769977,0.0,0.0,272.5713501388074,0.0,16750.35482204359
80000.0,0.2125,0.5060962089421905,5.060962089421906e-10,8.765296540393582,0.0003020022364765564,1559.4088901494843,1.786043610764839,1048.9475341857342,0.3977178260536946,775.6720589151352,170.13621866388556,86.10529526955203,110386.68382681985,58985.09967705269,0.6154363835447642,272.8843188855932,170.13621866391983,86.10529526956933,55198.32817463763,71597.8470761713,0.20027982404715863,18309.86622632864,-3.2012277824822986e-14,0.0,0.0,779.7043686555909,0.0,775.4707754284074,0.0,0.0,272.5728488518126,0.0,16750.356128142823
80000.0,0.2175,0.5060956982031786,5.060956982031786e-10,8.82495370146589,0.0003463113481213544,1559.408981859273,1.667241305011737,1048.8993827162938,0.37762281427635513,775.6680836271314,170.1376051310997,86.10591005943398,110387.71845784268,58985.56706898379,0.5842101421188662,272.874298623779,170.1376051310952,86.10591005943031,55198.563031122176,71597.98426144727,0.20349337660045408,18309.873053719315,-4.6897727122979863e-11,0.0,0.0,779.7044034534073,0.0,775.4769679669001,0.0,0.0,272.5786359521108,0.0,16750.361258880155
80000.0,0.2225,0.5060937421291523,5.060937421291523e-10,8.960534868364059,0.0004726624926852094,1559.4093092159492,1.4271918292840824,1048.8235889010234,0.3382134559382241,775.6725698730862,170.14063041829667,86.10710833660882,110389.96079032274,58986.48648983318,0.5231714474439145,272.8646676681559,170.14063041828956,86.10710833660525,55199.122190181784,71598.33674982851,0.21265875737615272,18309.897562873884,1.0722999575579595e-13,0.0,0.0,779.7045349993733,0.0,775.5014021616867,0.0,0.0,272.5998938848149,0.0,16750.380867605334
80000.0,0.2275,0.506086930630368,5.06086930630368e-10,9.272938059893212,0.0009692262190991851,1559.410422228048,1.0055989481062968,1048.7703528915076,0.2762247448518726,775.7318143164366,170.14664522298335,86.10899343795381,110394.39204155818,58987.97889052085,0.42742603399268847,272.885726539279,170.1466452229814,86.10899343795276,55200.409617721976,71599.22651941808,0.24864673767292278,18309.98159686125,-5.592866180408097e-13,0.0,0.0,779.7049658471532,0.0,775.5920205746907,0.0,0.0,272.6694118364963,0.0,16750.445828262185
80000.0,0.2325,0.5060720053276393,5.060720053276393e-10,9.92594264941534,0.004355664939834685,1559.4126130612349,0.5059544801556366,1048.9236726554154,0.25076531316250644,775.9999526847885,170.15631769443178,86.11134891478797,110401.5594323505,58989.959390738564,0.3956914207126188,272.9948242278783,170.15631769443044,86.11134891478737,55203.44070607976,71601.24678152509,0.4980450728806394,18310.15302201692,8.874179854323018e-14,0.0,0.0,779.7052043907066,0.0,775.8730473799098,0.0,0.0,272.7945758771067,0.0,16750.490566565717
80000.0,0.2375,0.5060644177842918,5.060644177842918e-10,10.345457739878315,0.01144644543520379,1559.4072032899517,0.30271811231662177,1049.234936958461,0.335433490237697,776.8433143824315,170.1709378554152,86.11745658960758,110411.99631088572,58994.78795000076,0.5761911524564854,272.90101811995413,170.17093785541465,86.11745658960731,55209.64216874417,71604.19008233867,1.054891591919491,18309.735548094555,-2.1755337878362808e-14,0.0,0.0,779.7007053255876,0.0,776.6735634284857,0.0,0.0,272.4081786647111,0.201249615142226,16749.800294344892
80000.0,0.2425,0.5059499867565317,5.059499867565317e-10,10.345470436425924,0.011447394532846402,1559.4042641473432,0.3027884307674401,1049.1571916748674,0.3355171530655735,780.5413918304523,170.1992139259659,86.11229003181491,110430.34275916807,58998.68340962635,0.5763244372250689,272.7519544177759,170.19921392596706,86.11229003181514,55218.81622620335,71609.03304665904,1.0551288351500472,18309.488608172658,1.1503265832344037e-12,0.0,0.0,779.6992361691007,0.0,780.3716369310702,0.0,0.0,268.63235894094726,3.8280041354042673,16749.556293465153
80000.0,0.2475,0.5054312647865968,5.054312647865968e-10,10.345470508874325,0.011450320618181069,1559.4021009012838,0.3028490562185474,1048.6750839017864,0.33558897587271225,796.4605151577167,170.23757419363122,86.04339243888914,110455.23203902123,58986.11578658759,0.5764460118340154,272.42023421515665,170.23757419363176,86.04339243888941,55231.26161881948,71616.89079073806,1.0553456301269508,18309.249414588696,1.8905404722129412e-14,0.0,0.0,779.6981567756071,0.0,796.2908979971918,0.0,0.0,252.23111652306696,19.897763855246662,16749.319696361446
80000.0,0.2525,0.5209043938030639,5.209043938030638e-10,12.53156392171329,0.0064322112452491744,0.003350567099519772,0.00982543911780687,12928.593979440433,27.330663240544236,12990.613368894148,170.13061289985862,88.62178377994451,110439.24666634828,57624.76607837119,0.00013489559867385664,0.4508460559682748,170.13061289985853,88.62178377994466,55248.180958308054,67661.26403639065,0.5987641520213827,0.3118988776397039,3.370737757250104e-13,0.0,0.0,0.0,0.0,12928.588861335078,0.0,47.78784499010233,0.0,0.4507757882582209,0.0
80000.0,0.2575,0.5203751567842352,5.203751567842352e-10,12.531618628700059,0.00365068208914229,0.0018997242645068186,0.009828581097287537,12928.289405207217,27.087331701084604,13006.773507571474,170.1693450831769,88.55189962752881,110463.88474255364,57611.65983070659,0.00013157990613225096,0.10567043961912441,170.16934508317735,88.55189962752905,55259.74069864354,67669.64759068612,0.34286561845432306,0.1784187499590921,6.263839195168045e-14,0.0,0.0,0.0,0.0,12928.284290657644,0.0,64.3936424326349,0.0,0.1056019687048412,0.0
80000.0,0.2625,0.520251125431366,5.20251125431366e-10,12.53165364926653,0.0018811382386721284,0.0009786642857611523,0.00983090065703088,12928.218016798175,26.931321257916768,13010.509321120056,170.1978266992348,88.5456108862495,110482.04869135054,57615.03032181457,0.00012944038457959035,0.024773761774441665,170.197826699234,88.54561088624911,55268.33481891313,67674.6722472102,0.1782696238141381,0.0927449724195316,-6.71020927058908e-14,0.0,0.0,0.0,0.0,12928.212902261392,0.0,68.28536866569567,0.0,0.024706420268687867,0.0
80000.0,0.2675,0.5202220468927061,5.202220468927061e-10,12.531673332101821,0.0008958015668983429,0.0004660157247415494,0.009832231112206881,12928.20128211818,26.843647804301984,13011.35858698156,170.21582318346833,88.55002395003083,110493.54789185354,57619.58666065842,0.00012823726896776043,0.005808272033533325,170.21582318346853,88.55002395003093,55273.8097063064,67677.64993441702,0.08548815882620135,0.04447282496965524,-4.832012507841545e-14,0.0,0.0,0.0,0.0,12928.196167174774,0.0,69.19776239998188,0.0,0.005741560178982984,0.0
80000.0,0.2725,0.5202152326296801,5.202152326296801e-10,12.531683257712496,0.0004014189418881796,0.00020882424823631936,0.009833056758757426,12928.197359035707,26.799213645574298,13011.545183518358,170.2259176014107,88.55411532461862,110500.00751887051,57622.61285687862,0.00012762728789503374,0.0013556986193057512,170.22591760141077,88.55411532461866,55276.90000871132,67679.28786812861,0.038319939095458375,0.01993461603089905,-5.4637308944760046e-14,0.0,0.0,0.0,0.0,12928.19224373063,0.0,69.41158062620212,0.0,0.0012893049600435414,0.0
80000.0,0.2775,0.5202136346768429,5.202136346768428e-10,12.531688082493945,0.00017308744248051706,9.00384001695172e-05,0.00983342806221845,12928.196439498823,26.77860017350276,13011.583655398297,170.2310666590329,88.55652192161143,110503.30665922616,57624.250721222066,0.0001273412458841381,0.00028789559961168814,170.23106665903268,88.55652192161132,55278.48445484008,67680.11920995262,0.016235640048652397,0.008446001321014323,-7.388607754520875e-09,0.0,0.0,0.0,0.0,12928.191324011364,0.0,69.46173846246309,0.0,0.0002216509472460231,0.0
80000.0,0.28250000000000003,0.520213259809371,5.20213259809371e-10,12.531690068341986,7.447719773435501e-05,3.874402581485554e-05,0.009833511877025074,12928.196223996003,26.769498729969484,13011.590440064574,170.2334998215592,88.5577238709313,110504.86695999137,57625.0440328461,0.00013266538000595378,6.901428979674617e-05,170.23349982155918,88.55772387093128,55279.23601855886,67680.51186119241,0.006564230167112919,0.003414799573372825,8.204185609919072e-15,0.0,0.0,0.0,0.0,12928.191108472733,0.0,69.47348339406041,0.0,0.0,0.0
80000.0,0.2875,0.5202131731431976,5.202131731431976e-10,12.531690825427056,3.4167715840229005e-05,1.7756884621347116e-05,0.009833743243589458,12928.196173459282,26.765848382533942,13011.59116620533,170.23457842339565,88.55827022032916,110505.55929380677,57625.399973137784,7.976840711755232e-05,4.149657616155678e-05,170.2345784233957,88.55827022032919,55279.57040622914,67680.68622739168,0.0025562367211445763,0.0013297880160117854,-2.0054347946279232e-08,0.0,0.0,0.0,0.0,12928.191057820168,0.0,69.47616146349156,0.0,0.0,0.0
80000.0,0.2925,0.5202131489762784,5.202131489762784e-10,12.53169091873902,1.8393234101794002e-05,9.568402231952126e-06,0.009833688426232315,12928.196161641941,26.76430937843092,13011.591097329958,170.23503268548322,88.5585024193949,110505.85085014788,57625.55046233733,4.486597292440735e-05,2.3339869056890387e-05,170.23503268548333,88.55850241939493,55279.71141497544,67680.75969904948,0.0009703519399792268,0.0005047898383118343,2.6452889126779938e-14,0.0,0.0,0.0,0.0,12928.191046027223,0.0,69.47690564013688,0.0,0.0,0.0
80000.0,0.2975,0.5202131452950792,5.202131452950793e-10,12.531690971366675,1.2493429001773318e-05,6.499248603376002e-06,0.009833700533180625,12928.196158871317,26.763758160557344,13011.590922154333,170.2352151814065,88.55859672950409,110505.96810301345,57625.61128092769,2.4700954594716923e-05,1.2849761281502247e-05,170.23521518140646,88.55859672950409,55279.76825457569,67680.78928483035,0.0003670321321806389,0.00019093493990604947,1.2338654360940317e-12,0.0,0.0,0.0,0.0,12928.191043251036,0.0,69.47702009067667,0.0,0.0,0.0
80000.0,0.3025,0.5202131449628493,5.202131449628494e-10,12.531690964040653,1.0348210674053755e-05,5.383275219487629e-06,0.009833766659513993,12928.196158199304,26.76354006341051,13011.590818771514,170.23528589173947,88.55863345739118,110506.01351865756,57625.6348922352,1.4212442922186157e-05,7.393499630155448e-06,170.23528589174026,88.5586334573912,55279.79028685021,67680.80074775712,0.0001451342449735298,7.550074201948852e-05,-4.796601823949269e-13,0.0,0.0,0.0,0.0,12928.19104247897,0.0,69.47703100251569,0.0,0.0,0.0
80000.0,0.3075,0.5202131439847324,5.202131439847324e-10,12.53169105282116,9.589918456928603e-06,4.988801631036042e-06,0.00983365553400027,12928.196158067154,26.763555019254216,13011.590856155974,170.23531183091586,88.55864678478206,110506.03036833154,57625.643608401544,9.196466072076716e-06,4.78412252890395e-06,170.23531183091592,88.55864678478208,55279.79856179011,67680.80505730503,6.588057893351538e-05,3.4271943094538374e-05,7.129545925226673e-13,0.0,0.0,0.0,0.0,12928.191042469918,0.0,69.47706059874162,0.0,0.0,0.0
80000.0,0.3125,0.5202131467805445,5.202131467805446e-10,12.531691064501674,9.338102099773847e-06,4.857845089793863e-06,0.009833732695619563,12928.196158022753,26.763532454639172,13011.590759903002,170.23532142335,88.5586522508376,110506.03654229845,57625.646959867976,6.955814061172047e-06,3.6185042816191048e-06,170.23532142334886,88.5586522508376,55279.801568423274,67680.8066066242,3.829246158227387e-05,1.992024193768782e-05,2.4798557960248595e-07,0.0,0.0,0.0,0.0,12928.191042419377,0.0,69.47697608738159,0.0,0.0,0.0
80000.0,0.3175,0.5202131417437982,5.202131417437982e-10,12.531690980985365,9.249445231769646e-06,4.811682963406081e-06,0.009833674967021071,12928.196158033374,26.76344046896544,13011.590864285432,170.23532529581396,88.55865340791296,110506.03886863643,57625.647918283634,6.009704838027628e-06,3.126327434743255e-06,170.23532529581297,88.55865340791296,55279.80261977671,67680.80717991028,2.8904676239776466e-05,1.503659243778143e-05,6.499915306766267e-13,0.0,0.0,0.0,0.0,12928.191042412993,0.0,69.47712844619072,0.0,0.0,0.0
80000.0,0.3225,0.5202131459144441,5.202131459144441e-10,12.531691000641345,9.223724687931139e-06,4.798302836957382e-06,0.009833675065988104,12928.196157987344,26.763454704422326,13011.590745675763,170.23532637720393,88.55865468045741,110506.03959782679,57625.64850638592,5.6286332248402635e-06,2.9280889970927164e-06,170.2353263772039,88.55865468045738,55279.80299194832,67680.80735177727,2.577405917578356e-05,1.340800440681941e-05,2.8411119179857364e-14,0.0,0.0,0.0,0.0,12928.19104238037,0.0,69.47700232880008,0.0,0.0,0.0
80000.0,0.3275,0.5202131429606833,5.202131429606833e-10,12.531690997410577,9.216413242823713e-06,4.794499299873787e-06,0.009833701831640446,12928.196158034358,26.763463939397607,13011.590839743532,170.23532671931042,88.55865435559127,110506.03983788488,57625.648483482044,5.481179372427673e-06,2.8513815484618662e-06,170.23532671931042,88.55865435559127,55279.80311910094,67680.8074333495,2.474878611104923e-05,1.2874643807290627e-05,2.7459054755759822e-14,0.0,0.0,0.0,0.0,12928.191042414202,0.0,69.47709163645683,0.0,0.0,0.0
80000.0,0.3325,0.520213144515683,5.202131445156829e-10,12.531690995820705,9.202803710286216e-06,4.78631937580625e-06,0.009833676193908705,12928.196158013054,26.763453983328255,13011.590787568644,170.23532690675964,88.55865471782069,110506.0399395696,57625.648614152014,5.426057081592388e-06,2.8227062148982843e-06,170.23532690675955,88.55865471782064,55279.803159143565,67680.80744607293,2.4418437559692898e-05,1.2702792187087702e-05,6.8765796586120075e-09,0.0,0.0,0.0,0.0,12928.191042407416,0.0,69.47704460835625,0.0,0.0,0.0
80000.0,0.3375,0.520213144575354,5.20213144575354e-10,12.531691120635411,9.236147348002509e-06,4.804765255665699e-06,0.009833723655347976,12928.196158023586,26.76355264970414,13011.590837095178,170.23532639397672,88.5586544612223,110506.03980413341,57625.64854663373,5.406059411288925e-06,2.812303166107798e-06,170.23532639397635,88.55865446122239,55279.80318999095,67680.80746177162,2.4313556167710572e-05,1.2648231509814205e-05,5.695396781146068e-13,0.0,0.0,0.0,0.0,12928.191042391953,0.0,69.47704282070077,0.0,0.0,0.0
80000.0,0.3425,0.5202131461032277,5.202131461032277e-10,12.531691119871107,9.244210685197617e-06,4.791380098615788e-06,0.00983372492553387,12928.196158005247,26.763553250702255,13011.590791235456,170.23532640448147,88.55865472678516,110506.03981208922,57625.64862726335,5.3989931201896625e-06,2.8086271935920637e-06,170.23532640448192,88.55865472678532,55279.803194451226,67680.80745610576,2.4280701636711945e-05,1.2631140188027712e-05,-1.4894526039392265e-08,0.0,0.0,0.0,0.0,12928.191042375505,0.0,69.47699662389977,0.0,0.0,0.0
80000.0,0.34750000000000003,0.5202131458603328,5.202131458603328e-10,12.531691060231505,1.136750871313056e-05,4.785822423737141e-06,0.009833755179282833,12928.19615798552,26.763523998359002,13011.590782409872,170.23532658374214,88.55865477868964,110506.03986467098,57625.64864339026,5.39654366614719e-06,2.807357168905584e-06,170.2353265837607,88.55865477868915,55279.80319344745,67680.80745539605,2.4270535259395027e-05,1.262585149900405e-05,3.043947607591356e-06,0.0,0.0,0.0,0.0,12928.191044344034,0.0,69.47700177178918,0.0,0.0,0.0
80000.0,0.35250000000000004,0.5202131460614619,5.202131460614619e-10,12.531691122574113,9.192661644148017e-06,4.782143434580769e-06,0.009833725468342165,12928.196158037841,26.763554977505247,13011.590793389087,170.23532640057337,88.55865471764209,110506.03981302056,57625.64862558756,5.395728320037385e-06,2.806928804659575e-06,170.2353264005733,88.55865471764216,55279.803196524306,67680.80745745366,2.4267424556562557e-05,1.2624233275378584e-05,-8.381153847261659e-14,0.0,0.0,0.0,0.0,12928.19104238996,0.0,69.47699787108446,0.0,0.0,0.0
80000.0,0.3575,0.5202131446983023,5.202131446983022e-10,12.531691060070134,9.270179695276231e-06,4.787218981889419e-06,0.009833755109825579,12928.196158012806,26.763522679492382,13011.590817799964,170.23532658286123,88.55865458041274,110506.03986647337,57625.6485853344,5.3954538516678955e-06,2.8067861492305963e-06,170.2353265828619,88.55865458041308,55279.80319115854,67680.80746171696,2.4266482593407925e-05,1.2623743220683349e-05,-8.22026129726613e-09,0.0,0.0,0.0,0.0,12928.191042358132,0.0,69.47703913954113,0.0,0.0,0.0
80000.0,0.3625,0.5202131456940701,5.2021314569407e-10,12.531691123940348,9.204696655370107e-06,4.78840420224977e-06,0.00983372431785143,12928.196158020564,26.76355473303827,13011.590804374213,170.23532640250303,88.55865465610289,110506.0398136126,57625.648607620606,5.395364622977068e-06,2.8067396026854013e-06,170.235326402503,88.55865465610289,55279.80319667037,67680.80745945324,2.426620002530304e-05,1.2623596249204418e-05,1.2268042433982821e-13,0.0,0.0,0.0,0.0,12928.19104238404,0.0,69.47700899057939,0.0,0.0,0.0
80000.0,0.3675,0.5202131436608829,5.202131436608829e-10,12.531690960174672,9.209080612542967e-06,4.790684775677465e-06,0.009833679167544877,12928.196158025105,26.763428179859382,13011.590799971897,170.23532711523998,88.55865468075774,110506.04002325087,57625.64861489403,5.395335843173297e-06,2.8067246200834206e-06,170.2353271152396,88.55865468075768,55279.80317490631,67680.8074587362,2.4266116128066464e-05,1.2623552555421507e-05,-1.8776424602057774e-13,0.0,0.0,0.0,0.0,12928.191042425056,0.0,69.47707044467299,0.0,0.0,0.0
80000.0,0.3725,0.5202131436359333,5.202131436359333e-10,12.531691047652565,9.200639181931557e-06,4.786293432292557e-06,0.009833741362076587,12928.19615801901,26.763512661077616,13011.590844685981,170.23532663952668,88.55865442903811,110506.03988327578,57625.64854094465,5.395326768145986e-06,2.806719899000324e-06,170.2353266395265,88.55865442903807,55279.80318949354,67680.80746641484,2.4266091292460778e-05,1.2623539635007568e-05,2.6149987319681846e-14,0.0,0.0,0.0,0.0,12928.191042377859,0.0,69.47707125207496,0.0,0.0,0.0
80000.0,0.3775,0.5202131442289633,5.202131442289632e-10,12.531690966595812,9.227739422279509e-06,4.809202347849065e-06,0.00983374096561409,12928.196158006274,26.763438602498198,13011.590788235491,170.2353270565563,88.55865474693705,110506.04000581172,57625.64863437479,5.395323954450297e-06,2.8067184123844628e-06,170.2353270565562,88.55865474693701,55279.80317679609,67680.8074567114,2.4266084104704532e-05,1.2623535910232812e-05,1.1758311888380606e-08,0.0,0.0,0.0,0.0,12928.191042365093,0.0,69.47705332834911,0.0,0.0,0.0
80000.0,0.3825,0.520213146564638,5.20213146564638e-10,12.531691126354588,9.200217832881056e-06,4.78607426792315e-06,0.009833724792759341,12928.196158013825,26.76355630649098,13011.590778881826,170.2353263936366,88.55865479969187,110506.03981104531,57625.64864982985,5.395322985560821e-06,2.806717947051112e-06,170.23532639363657,88.55865479969185,55279.80319699291,67680.80745504587,2.4266081904772187e-05,1.2623534822476762e-05,2.9292988250310114e-14,0.0,0.0,0.0,0.0,12928.191042380045,0.0,69.47698266207125,0.0,0.0,0.0
80000.0,0.3875,0.5202131441162019,5.202131441162019e-10,12.531691025513421,9.200492754490797e-06,4.786217263231992e-06,0.009833709945387641,12928.196158015346,26.763484185744897,13011.590815356887,170.2353267999155,88.55865459423316,110506.03993048219,57625.648589488854,5.395322748023594e-06,2.8067178102710207e-06,170.23532679991544,88.55865459423315,55279.80318457499,67680.80746136588,2.4266081355107222e-05,1.2623534477119873e-05,6.589671187892428e-15,0.0,0.0,0.0,0.0,12928.191042390143,0.0,69.47705671117333,0.0,0.0,0.0
80000.0,0.3925,0.5202131457299343,5.202131457299343e-10,12.531691056155967,9.20258476496107e-06,4.787305569426767e-06,0.009833741681562393,12928.196157989034,26.7635183670904,13011.590784370987,170.2353266074369,88.55865476881753,110506.03987388214,57625.64864082818,5.395322656934731e-06,2.806717771592004e-06,170.2353266074366,88.55865476881745,55279.80319058825,67680.80745600736,2.4266081153437948e-05,1.2623534411367824e-05,-4.223368139085336e-13,0.0,0.0,0.0,0.0,12928.191042350594,0.0,69.47700794312206,0.0,0.0,0.0
80000.0,0.3975,0.5202131454403844,5.202131454403844e-10,12.531691118026098,9.205198525268516e-06,4.788665279233124e-06,0.009833723127542259,12928.196158042892,26.763550842867602,13011.5908100206,170.23532642429103,88.55865462425106,110506.03982021294,57625.64859823345,5.395322621439044e-06,2.806717751564466e-06,170.23532642429134,88.55865462425108,55279.80319606074,67680.80746045374,2.4266081077662197e-05,1.2623534364922041e-05,-2.907742603395025e-13,0.0,0.0,0.0,0.0,12928.191042383163,0.0,69.47701666504848,0.0,0.0,0.0
80000.0,0.4025,0.5202131442066865,5.202131442066865e-10,12.531690970742831,9.206588946372285e-06,4.789388583210853e-06,0.00983370997010114,12928.196158022029,26.76343942783454,13011.59078933769,170.23532705197448,88.55865474076124,110506.04000449901,57625.648632505974,5.395322633235096e-06,2.806717751044729e-06,170.2353270519746,88.5586547407613,55279.80317684928,67680.80745687798,2.426608115305406e-05,1.2623534374204868e-05,2.7740997948666786e-14,0.0,0.0,0.0,0.0,12928.191042397437,0.0,69.47705396603942,0.0,0.0,0.0
80000.0,0.40750000000000003,0.5202131411929289,5.20213141192929e-10,12.531690961751428,9.206640035304322e-06,4.78941513259824e-06,0.009833701169552166,12928.196158030594,26.763437575589347,13011.590879452391,170.23532706243827,88.55865423315664,110506.04000762574,57625.648483378936,5.395322633463006e-06,2.806717734903096e-06,170.23532706243824,88.55865423315664,55279.80317651241,67680.80747243817,2.426608115057472e-05,1.2623534299782998e-05,-7.612907013346645e-14,0.0,0.0,0.0,0.0,12928.19104240972,0.0,69.47714511256193,0.0,0.0,0.0
80000.0,0.41250000000000003,0.5202131447685256,5.202131447685257e-10,12.531690943003545,9.206724669942363e-06,4.789459193568683e-06,0.009833701571196703,12928.196157997905,26.763427794304874,13011.590766310186,170.23532711751682,88.5586548705021,110506.0400237492,57625.64867065875,5.395322635017503e-06,2.806717755003263e-06,170.23532711751676,88.55865487050204,55279.80317478621,67680.80745286639,2.4266081157311585e-05,1.2623534390053324e-05,1.285688025532658e-13,0.0,0.0,0.0,0.0,12928.191042376866,0.0,69.47703699449269,0.0,0.0,0.0
80000.0,0.4175,0.5202131454709585,5.202131454709585e-10,12.531691050404913,9.210619634619634e-06,4.79148541186205e-06,0.009833737118951042,12928.196158005936,26.763511078022216,13011.590788406924,170.2353266483636,88.55865474602132,110506.03988588907,57625.648634091944,5.395322601331783e-06,2.8067177412693616e-06,170.2353266483635,88.55865474602126,55279.80318922025,67680.8074567038,2.4266081090125243e-05,1.2623534372147403e-05,-3.9986496342200157e-14,0.0,0.0,0.0,0.0,12928.19104236662,0.0,69.47701575872514,0.0,0.0,0.0
80000.0,0.4225,0.5202131441482747,5.202131441482747e-10,12.531690981695464,9.220024291227839e-06,4.796377825663102e-06,0.009833717942183911,12928.196158011673,26.76345493088181,13011.59079916873,170.2353269646477,88.55865468538896,110506.03997888541,57625.64861628655,5.3953226342647e-06,2.8067177512651915e-06,170.23532696464764,88.55865468538892,55279.80317956756,67680.80745859434,2.4266081135123218e-05,1.2623534363459586e-05,-2.0972173712363427e-14,0.0,0.0,0.0,0.0,12928.191042383238,0.0,69.47705574874522,0.0,0.0,0.0
80000.0,0.4275,0.5202131444083328,5.202131444083328e-10,12.531691047762674,9.214796891811897e-06,4.793658466173599e-06,0.009833714322998196,12928.196158020439,26.76350160452023,13011.59081559041,170.23532670175763,88.55865459290116,110506.03990164863,57625.64858908837,5.395322602385637e-06,2.8067177360843807e-06,170.23532670175757,88.55865459290112,55279.803187590594,67680.80746141874,2.4266081097625768e-05,1.262353435026351e-05,3.1620079495426914e-14,0.0,0.0,0.0,0.0,12928.191042392693,0.0,69.4770478719383,0.0,0.0,0.0
80000.0,0.4325,0.5202131453503683,5.202131453503683e-10,12.53169111345077,9.207827752332005e-06,4.790033036885044e-06,0.009833722200676636,12928.196158026925,26.76354783184046,13011.590811171754,170.2353264413363,88.55865461779425,110506.03982515138,57625.648596383995,5.395322614512912e-06,2.806717747475735e-06,170.23532644133618,88.55865461779422,55279.80319552049,67680.80746065245,2.4266081060497566e-05,1.2623534353808442e-05,-1.0398455779260834e-13,0.0,0.0,0.0,0.0,12928.19104238562,0.0,69.47701938511506,0.0,0.0,0.0
80000.0,0.4375,0.5202131438471214,5.202131438471213e-10,12.531691054515457,9.221054307717234e-06,4.784005956603085e-06,0.009833720884015023,12928.196158013816,26.76351115512439,13011.590837447955,170.2353266487674,88.55865446979692,110506.03988594018,57625.64855292755,5.395322540483526e-06,2.8067177548871166e-06,170.2353266487665,88.55865446979685,55279.803189484504,67680.80746517252,2.4266081090063895e-05,1.2623534332711321e-05,-2.284313565734099e-07,0.0,0.0,0.0,0.0,12928.19104239202,0.0,69.4770648482312,0.0,0.0,0.0
80000.0,0.4425,0.5202131466720581,5.202131466720581e-10,12.531691066581908,9.19664835914456e-06,4.784217381747013e-06,0.009833698078779032,12928.196158009303,26.763520778012158,13011.590757124064,170.23532659408352,88.5586549222537,110506.03987016928,57625.64868586147,5.395322628894929e-06,2.8067177620883913e-06,170.2353265940833,88.55865492225367,55279.80319088347,67680.8074512936,2.4266081082268532e-05,1.2623534397206212e-05,5.979209817003257e-13,0.0,0.0,0.0,0.0,12928.191042394064,0.0,69.4769793971647,0.0,0.0,0.0
80000.0,0.4475,0.5202131445772353,5.202131445772353e-10,12.531691064374543,9.235345916145765e-06,4.804348698974826e-06,0.009833713748325338,12928.196158015036,26.76351137918561,13011.590815568756,170.23532664663992,88.55865459298137,110506.03988538533,57625.64858909123,5.395322602393683e-06,2.8067177301085866e-06,170.23532664664,88.55865459298143,55279.803189285754,67680.80746141683,2.4266081089760016e-05,1.2623534350270243e-05,3.7663811661069746e-09,0.0,0.0,0.0,0.0,12928.191042388622,0.0,69.47704276751638,0.0,0.0,0.0
80000.0,0.4525,0.5202131462596585,5.202131462596585e-10,12.5316910615239,9.191561767704915e-06,4.7815712662177635e-06,0.009833762843759876,12928.196158007377,26.76352643392308,13011.590772566045,170.2353265617977,88.55865483525321,110506.03986016393,57625.64866030292,5.395322618153885e-06,2.806717754275731e-06,170.23532656179748,88.55865483525325,55279.803191667845,67680.80745395334,2.4266081077666202e-05,1.26235343848047e-05,-1.253693239804601e-13,0.0,0.0,0.0,0.0,12928.191042349184,0.0,69.47699192158038,0.0,0.0,0.0
80000.0,0.4575,0.5202131440628123,5.202131440628123e-10,12.531691009754937,9.196319933503587e-06,4.784046506415414e-06,0.009833694888154618,12928.196158013756,26.763468520932353,13011.590808820527,170.23532688818815,88.55865463106497,110506.03995639335,57625.64860028416,5.395322611035789e-06,2.8067177387201092e-06,170.2353268881884,88.55865463106508,55279.803181833486,67680.80746022303,2.4266081124191292e-05,1.2623534355698818e-05,-2.3299191378259044e-14,0.0,0.0,0.0,0.0,12928.191042396511,0.0,69.47705831898807,0.0,0.0,0.0
80000.0,0.4625,0.5202131419576613,5.202131419576613e-10,12.531690975250855,9.20849032061792e-06,4.790377682375359e-06,0.00983370037930854,12928.196158029616,26.763446657503735,13011.59086108695,170.23532701103704,88.55865433660148,110506.03999208748,57625.64851374873,5.3953226312661745e-06,2.8067177378862536e-06,170.23532701103628,88.5586543366015,55279.803177747766,67680.80746925648,2.4266081141702692e-05,1.2623534313724714e-05,-2.7101057872718466e-13,0.0,0.0,0.0,0.0,12928.191042357368,0.0,69.47712203939578,0.0,0.0,0.0
80000.0,0.4675,0.5202131459838666,5.202131459838667e-10,12.53169104785761,9.211457513538507e-06,4.791921292214593e-06,0.009833716469658324,12928.196158007559,26.76350160055145,13011.59076797435,170.2353267017759,88.55865486112216,110506.03990161816,57625.648667899986,5.395322616773496e-06,2.8067177520696475e-06,170.2353267017758,88.55865486112211,55279.803187579775,67680.80745317771,2.4266081097619273e-05,1.2623534388492158e-05,-5.514467662374919e-14,0.0,0.0,0.0,0.0,12928.19104237924,0.0,69.47700023016695,0.0,0.0,0.0
80000.0,0.47250000000000003,0.520213145249042,5.20213145249042e-10,12.531691056142906,9.208377022675292e-06,4.792510566515258e-06,0.009833741703066685,12928.196158025958,26.763518382054098,13011.590798915311,170.23532660713445,88.55865468679534,110506.0398737566,57625.6486166487,5.395322612277661e-06,2.8067177396378775e-06,170.2353266071344,88.55865468679532,55279.80319052653,67680.80745854341,2.4266081084128667e-05,1.2623534363642857e-05,-2.7751961511834557e-09,0.0,0.0,0.0,0.0,12928.191042384631,0.0,69.47702245114226,0.0,0.0,0.0
80000.0,0.47750000000000004,0.5202131446081448,5.202131446081449e-10,12.531691058724343,9.20600571961847e-06,4.789085184683292e-06,0.009833746748816125,12928.196158007653,26.763521271292035,13011.590819786135,170.23532659103103,88.55865456931478,110506.0398690888,57625.64858220927,5.395322677242246e-06,2.806717776103824e-06,170.23532659103094,88.55865456931474,55279.803191008636,67680.80746213123,2.4266081081833218e-05,1.2623534346896672e-05,3.1126000728168815e-14,0.0,0.0,0.0,0.0,12928.191042362658,0.0,69.47704186157108,0.0,0.0,0.0
80000.0,0.4825,0.520213145314601,5.202131453146011e-10,12.531691051804499,9.216197906283566e-06,4.794387300669615e-06,0.009833748261472422,12928.196158022365,26.763515618637317,13011.590795488224,170.2353266228297,88.55865470612068,110506.03987841136,57625.64862235951,5.395322544080645e-06,2.8067177106429664e-06,170.23532662282983,88.55865470612075,55279.80318997984,67680.80745792996,2.426608108636595e-05,1.262353436639758e-05,9.966335294110893e-14,0.0,0.0,0.0,0.0,12928.191042370745,0.0,69.47702048362298,0.0,0.0,0.0
80000.0,0.4875,0.5202131450519696,5.202131450519695e-10,12.53169106025089,9.216090938633046e-06,4.794331652271256e-06,0.00983375525953725,12928.19615799785,26.763522829340086,13011.590807165163,170.23532658234504,88.55865464035088,110506.03986645956,57625.648603059846,5.395322574669266e-06,2.806717725138589e-06,170.23532658234396,88.5586546403506,55279.80319136698,67680.80745999177,2.426608108059508e-05,1.2623534357022466e-05,1.767362041673172e-13,0.0,0.0,0.0,0.0,12928.191042361008,0.0,69.4770284385886,0.0,0.0,0.0
80000.0,0.4925,0.5202131447995064,5.202131447995064e-10,12.531691061599657,9.251478674599212e-06,4.7863087128054196e-06,0.009833756877481493,12928.196158016131,26.76352372014261,13011.590815288257,170.23532657697504,88.55865459457918,110506.03986479664,57625.64858956008,5.3953230998426105e-06,2.8067177562958248e-06,170.23532657697535,88.55865459457932,55279.80319138453,67680.80746131671,2.4266081079829632e-05,1.2623534350497976e-05,-2.189360120853921e-08,0.0,0.0,0.0,0.0,12928.191042346965,0.0,69.47703609079082,0.0,0.0,0.0
80000.0,0.4975,0.520213144234069,5.20213144234069e-10,12.531690967135074,9.204110143356753e-06,4.788099077552304e-06,0.00983370337284923,12928.196158024433,26.763444516467402,13011.590791157536,170.23532702339168,88.55865473055353,110506.03999613477,57625.648629510215,5.3953226842141676e-06,2.806717777712449e-06,170.23532702339168,88.5586547305535,55279.803177720394,67680.80745719327,2.4266081143463772e-05,1.262353436988034e-05,-3.217684765390502e-14,0.0,0.0,0.0,0.0,12928.191042403325,0.0,69.4770531311975,0.0,0.0,0.0
90000.0,0.0025,0.5060963800542042,5.060963800542043e-10,8.721839384093656,0.00027335704763906,1559.4088526054134,1.8781592810934147,1048.9901269961156,0.4135300786846745,775.6780178418079,170.1352264564581,86.10482222931572,110385.93648754236,58984.74029375919,0.639977323883787,272.894755823781,170.13522645646174,86.10482222931756,55198.1748910937,71597.76333021598,0.19820712743350444,18309.86343912726,-1.3827924469400484e-14,0.0,0.0,779.7043571302013,0.0,775.4687317659418,0.0,0.0,272.5708656168466,0.0,16750.354412957073
90000.0,0.0075,0.5060963787299568,5.060963787299569e-10,8.721839033012953,0.0002733837275107422,1559.4088526299633,1.8781768048083582,1048.9901619848406,0.4135367182921663,775.6780278333356,170.13522632669932,86.10482193834414,110385.93640265378,58984.74010463753,0.6399883652553654,272.8947809016581,170.13522632669003,86.10482193833941,55198.17492147495,71597.7633978709,0.19821272517925417,18309.86346544821,5.2937706183443396e-14,0.0,0.0,779.704357135703,0.0,775.4687383977446,0.0,0.0,272.5708851075718,0.0,16750.35443643339
90000.0,0.0125,0.5060963791041035,5.060963791041036e-10,8.721838397524499,0.0002733542549290911,1559.4088526165388,1.8781410313147922,1048.9901378359903,0.41352926261025746,775.6780209275025,170.135226642571,86.1048221618612,110385.93660590553,58984.740248610724,0.6399588217003175,272.8947630380596,170.13522664256976,86.10482216186023,55198.17484513832,71597.76334617293,0.19818242236011147,18309.863442329533,1.8166910929827576e-14,0.0,0.0,779.7043571364067,0.0,775.4687352650749,0.0,0.0,272.5708821956226,0.0,16750.35442863535
90000.0,0.0175,0.5060963803573653,5.060963803573652e-10,8.721838085821247,0.00027335900011147234,1559.4088526014605,1.878172383024819,1048.9901272861014,0.41353391752604024,775.6780182534911,170.13522634779255,86.10482222588566,110385.93641237896,58984.74029141566,0.6399855952231728,272.8947551994751,170.13522634779116,86.10482222588483,55198.17490848229,71597.76333021701,0.19821996299633446,18309.863439330395,-9.936859823027005e-11,0.0,0.0,779.7043571009998,0.0,775.4687302294568,0.0,0.0,272.57086080546947,0.0,16750.354408166368
90000.0,0.0225,0.5060963797277094,5.060963797277094e-10,8.721838360109146,0.00027338302082804397,1559.4088526249848,1.8781782075831228,1048.9901430881075,0.41353687607697937,775.678023769311,170.135226340621,86.10482211514271,110385.936405069,58984.740215989885,0.6399887912233557,272.8947656536206,170.1352263406399,86.10482211515229,55198.17492566588,71597.76335997414,0.1982128735170341,18309.863447396518,4.907421093465898e-14,0.0,0.0,779.704357133407,0.0,775.4687342534434,0.0,0.0,272.57086964331626,0.0,16750.35441831148
90000.0,0.0275,0.5060963791368029,5.06096379136803e-10,8.721838765144525,0.00027335878977061687,1559.408852624507,1.8781775593519805,1048.9901548997577,0.41353366566010547,775.6780251153959,170.13522632797594,86.10482200820873,110385.93640771363,58984.740150205704,0.63998874354602,272.8947763716794,170.13522632798768,86.10482200820822,55198.17492083015,71597.76338221537,0.1982199641943589,18309.86345903246,-9.862462775746146e-12,0.0,0.0,779.7043580562524,0.0,775.4687364895186,0.0,0.0,272.5708786863282,0.0,16750.35442549997
90000.0,0.0325,0.5060963802331704,5.060963802331704e-10,8.721838458061212,0.00027335912803175873,1559.40885260873,1.8781702645304303,1048.9901300395409,0.41353461757186766,775.6780193817681,170.13522636740882,86.10482221469682,110385.9364241629,58984.740282068364,0.6399837138480403,272.8947570540665,170.13522636740834,86.10482221469731,55198.17490979928,71597.76333280487,0.19821995924336192,18309.863438718596,-7.092580835034524e-12,0.0,0.0,779.7043575359615,0.0,775.4687312370866,0.0,0.0,272.5708634932151,0.0,16750.354406772727
90000.0,0.037500000000000006,0.5060963796091678,5.060963796091679e-10,8.72183938132587,0.00027335449244866736,1559.4088526117152,1.8781661283674616,1048.990139023272,0.41353013385713855,775.6780200531462,170.13522641236707,86.10482213128503,110385.93645120804,58984.74022626354,0.6399829648698607,272.8947650573962,170.13522641234988,86.10482213127634,55198.174901629725,71597.76335303576,0.19821408280954125,18309.863450819765,3.357592170405634e-14,0.0,0.0,779.7043571340133,0.0,775.4687339495387,0.0,0.0,272.57087199586346,0.0,16750.35442112298
90000.0,0.042499999999999996,0.5060963795527068,5.060963795527069e-10,8.721839811441244,0.0002733832057904986,1559.4088526313733,1.8781748639508777,1048.9901478988438,0.41353612002663637,775.6780265973803,170.135226303272,86.10482206646635,110385.93639271888,58984.74019047321,0.6399879713032077,272.8947685310625,170.1352263032832,86.10482206647207,55198.17492848956,71597.76336808754,0.19821325319041147,18309.863445998333,7.580491977651731e-16,0.0,0.0,779.704357136597,0.0,775.4687374642073,0.0,0.0,272.5708729358294,0.0,16750.354416717797
90000.0,0.0475,0.5060963796793251,5.060963796793252e-10,8.721839824895946,0.00027335832516400344,1559.4088526002015,1.8781525188126005,1048.9901300879962,0.4135301099715725,775.6780179695302,170.13522652111445,86.10482219825792,110385.93652255033,58984.74027008706,0.6399693383934641,272.8947581850191,170.13522652110072,86.10482219825096,55198.17486589887,71597.76333317954,0.1982001067474818,18309.86344401403,-3.550534163493275e-14,0.0,0.0,779.7043571272716,0.0,775.4687318779847,0.0,0.0,272.57087201975276,0.0,16750.354421403084
90000.0,0.052500000000000005,0.5060963795155818,5.060963795155819e-10,8.72183776061865,0.0002733604026768066,1559.4088526231408,1.878178960963439,1048.9901438971044,0.41353295480372687,775.6780228004832,170.13522641449856,86.10482211644148,110385.93644486417,58984.740227096096,0.6399900379173104,272.8947670621774,170.13522641451615,86.10482211645221,55198.17493673788,71597.76336717047,0.19822007004425482,18309.86344894691,8.661097590350663e-11,0.0,0.0,779.7043641739053,0.0,775.4687313155755,0.0,0.0,272.5708613647445,0.0,16750.35441178512
90000.0,0.057499999999999996,0.5060963798226179,5.060963798226179e-10,8.721837307523698,0.0002733534454561692,1559.4088526067371,1.8781703710316247,1048.9901372307827,0.4135309428361758,775.678019921472,170.1352263853041,86.10482215390394,110385.93643735674,58984.74024280216,0.6399839277489087,272.89476214592935,170.13522638530873,86.10482215390628,55198.174904338965,71597.76334571598,0.1982136601919548,18309.863446282994,1.6149503721401794e-14,0.0,0.0,779.704357131774,0.0,775.4687334083601,0.0,0.0,272.57086859695073,0.0,16750.35441680343
90000.0,0.0625,0.506096379687877,5.060963796878771e-10,8.72184558408837,0.000273384543770365,1559.4088526235603,1.8781635298082338,1048.9901375935588,0.413533785247076,775.678023379554,170.1352263581523,86.10482211723834,110385.93641381394,58984.740216018385,0.6399859969844062,272.89476499881573,170.13522635811512,86.10482211721951,55198.174906788474,71597.76335183784,0.19821523599739352,18309.86344749877,5.817106240994199e-14,0.0,0.0,779.7043571322745,0.0,775.4687354279612,0.0,0.0,272.5708704026898,0.0,16750.354417222257
90000.0,0.0675,0.5060963797524196,5.060963797524196e-10,8.721837969334967,0.00027335403931040726,1559.4088526043943,1.8781686749271382,1048.9901370604287,0.41353070941258296,775.6780193454009,170.1352264068944,86.10482215288751,110385.93645513269,58984.7402440448,0.6399833106403867,272.8947629796495,170.13522640690496,86.10482215289288,55198.17490860833,71597.76335090995,0.19821339565788743,18309.863448576056,-6.767466580975341e-15,0.0,0.0,779.7043571304459,0.0,775.4687329504509,0.0,0.0,272.57086974303235,0.0,16750.354419233336
90000.0,0.07250000000000001,0.5060963793188941,5.06096379318894e-10,8.721838506500667,0.00027335479840786815,1559.4088526313333,1.8781667645927063,1048.990150237861,0.41353053022003067,775.6780256964117,170.1352264286268,86.10482209012824,110385.9364708648,58984.740204195696,0.6399823039288293,272.89477017305256,170.135226428601,86.10482209011519,55198.17491006186,71597.7633683741,0.1982125587824669,18309.86344722754,-1.1384059009112117e-14,0.0,0.0,779.7043571437193,0.0,775.4687393923322,0.0,0.0,272.57087744620605,0.0,16750.354418282932
90000.0,0.0775,0.5060963797649103,5.060963797649104e-10,8.721838315585865,0.00027338354188221687,1559.4088526128642,1.8781784063022673,1048.9901398679365,0.4135370785031459,775.6780206082898,170.13522626107851,86.1048220812157,110385.93634601851,58984.74019018883,0.6399887341016339,272.89476556741783,170.1352262611829,86.10482208126852,55198.17489725911,71597.76334516425,0.19821249715247174,18309.863450973888,3.9439868821629694e-14,0.0,0.0,779.7043571271967,0.0,775.4687309899886,0.0,0.0,272.57086958599797,0.0,16750.354422082444
90000.0,0.0825,0.5060963800610847,5.060963800610847e-10,8.721838419604573,0.00027338379552762027,1559.4088526142589,1.8781846264500885,1048.9901382781152,0.4135387047833684,775.67802311289,170.13522631179288,86.10482215727178,110385.93639435706,58984.740247344205,0.6399934322016668,272.8947615254908,170.13522631170488,86.10482215722726,55198.174949500884,71597.763358024,0.198216059690683,18309.8634449015,-8.363601927860174e-15,0.0,0.0,779.7043571278566,0.0,775.4687326713946,0.0,0.0,272.57086316619035,0.0,16750.354414216694
90000.0,0.0875,0.5060963795284301,5.060963795284302e-10,8.721839892806141,0.000273354934564598,1559.4088526248129,1.8781648988895354,1048.990144783577,0.41352995790973,775.6780225594606,170.1352264018781,86.10482211224029,110385.93645867985,58984.74022115415,0.6399825628726252,272.89476864118706,170.135226401893,86.10482211224782,55198.17490221259,71597.76335733774,0.19821396371230302,18309.863445401297,-3.4557155590565344e-14,0.0,0.0,779.7043571404348,0.0,775.4687365449353,0.0,0.0,272.5708757831557,0.0,16750.354415750982
90000.0,0.0925,0.506096379569599,5.060963795695989e-10,8.721839455028363,0.00027335662490741866,1559.4088526124442,1.8781656336377943,1048.9901392625964,0.41353045618537093,775.678021573886,170.1352263922838,86.10482211438891,110385.93644241343,58984.74021740677,0.6399829541821631,272.8947641804164,170.13522639228145,86.1048221143877,55198.17489828158,71597.76335184928,0.19821349579573286,18309.863451154564,-6.540656196552286e-14,0.0,0.0,779.7043571294628,0.0,775.4687352980897,0.0,0.0,272.57087113313855,0.0,16750.354421757136
90000.0,0.0975,0.506096380086908,5.060963800869081e-10,8.721838329045582,0.0002733844998079112,1559.4088526050534,1.878177890753956,1048.9901320911058,0.4135375457307425,775.6780212711403,170.135226325231,86.10482216846623,110385.93638371714,58984.74024479475,0.6399877691666747,272.89475713649045,170.13522632522216,86.10482216846177,55198.174905229665,71597.76333426715,0.19821045277164287,18309.863444863473,-2.2647631262170394e-14,0.0,0.0,779.7043571230728,0.0,775.4687314162176,0.0,0.0,272.57086164321555,0.0,16750.35441702369
90000.0,0.10250000000000001,0.5060963800203658,5.06096380020366e-10,8.721838768992255,0.000273384327335629,1559.4088526183248,1.87817743775332,1048.9901388320168,0.41353709684966145,775.6780178759161,170.13522635460598,86.10482217201162,110385.93640160945,58984.74024653371,0.6399882984549335,272.8947675426422,170.13522635461845,86.10482217201796,55198.17492264571,71597.76335146044,0.19821200848271076,18309.86344120335,-1.912816955451963e-15,0.0,0.0,779.7043571297494,0.0,775.4687282481946,0.0,0.0,272.57087178153944,0.0,16750.35441256361
90000.0,0.1075,0.5060963788631743,5.060963788631743e-10,8.72183953053951,0.0002733581219663397,1559.408852616617,1.8781519672222442,1048.9901467999307,0.41352966469076985,775.678022939225,170.13522651094559,86.1048220542555,110385.93651761377,58984.7401775266,0.6399699998860515,272.8947703165165,170.13522651094047,86.1048220542529,55198.17486536562,71597.76336473365,0.19819922588445657,18309.863456493906,3.412545734773586e-14,0.0,0.0,779.7043571355287,0.0,775.4687370733716,0.0,0.0,272.5708838169931,0.0,16750.354434312285
90000.0,0.1125,0.5060963793901276,5.060963793901276e-10,8.721839041078812,0.00027335690629726157,1559.4088526183282,1.8781658803002732,1048.9901436024359,0.413530784408201,775.6780245847924,170.13522647989512,86.10482212819429,110385.93657437564,58984.740264424174,0.6399827476569799,272.8947654499471,170.13522647992517,86.10482212820949,55198.17496492657,71597.76339148756,0.19821272825124156,18309.863452319456,5.375816041515006e-14,0.0,0.0,779.7043571366871,0.0,775.4687381520381,0.0,0.0,272.5708724984857,0.0,16750.354423303663
90000.0,0.1175,0.5060963799906729,5.06096379990673e-10,8.721838453426578,0.0002733762850547605,1559.408852616698,1.8781813026631073,1048.9901416695436,0.4135365887987494,775.6780211847796,170.13522628277727,86.10482213060757,110385.93636751763,58984.74022600497,0.6399922756132986,272.89476687101467,170.13522628276266,86.10482213060017,55198.17492841,71597.76335302705,0.1982172130564494,18309.863442651982,2.471742406836681e-14,0.0,0.0,779.7043571309763,0.0,775.4687318141929,0.0,0.0,272.57086909710455,0.0,16750.354411377175
90000.0,0.1225,0.506096379736849,5.06096379736849e-10,8.721843045859805,0.0002733565683073109,1559.4088526190114,1.8781665419664082,1048.9901373178907,0.4135297367863547,775.6780220910769,170.13522638254605,86.10482213791632,110385.93642587052,58984.740227037175,0.6399863394947042,272.8947616873296,170.13522638247554,86.10482213791111,55198.17489518275,71597.76334037862,0.19822187656585072,18309.86344577617,-8.371518585970001e-12,0.0,0.0,779.7043565294325,0.0,775.4687379814712,0.0,0.0,272.57087121549637,0.0,16750.3544125474
90000.0,0.1275,0.5060963797511053,5.060963797511053e-10,8.721838618067794,0.0002733597156697273,1559.408852618981,1.878167678075495,1048.9901401246957,0.413530400717748,775.678022923267,170.1352263587495,86.10482212829946,110385.93642079417,58984.740221484535,0.6399851054022665,272.89476369618325,170.1352263587661,86.10482212830873,55198.17487989246,71597.76334818818,0.1982200458126837,18309.863446337353,-2.9954613703838713e-10,0.0,0.0,779.7043570883302,0.0,775.4687366971095,0.0,0.0,272.57086954937887,0.0,16750.354413615947
90000.0,0.1325,0.5060963799010767,5.060963799010767e-10,8.721838681244346,0.000273390117789375,1559.4088526097967,1.878180582304454,1048.9901381674053,0.4135388500540716,775.6780204813174,170.1352263233624,86.10482213590407,110385.93639118898,58984.740228051596,0.6399895744016849,272.8947642143091,170.13522632335565,86.10482213590063,55198.17492039096,71597.76335168726,0.19821160076513392,18309.863448362335,-1.2487220432383965e-13,0.0,0.0,779.7043571240309,0.0,775.4687299663698,0.0,0.0,272.57086780752957,0.0,16750.354419957428
90000.0,0.1375,0.5060963793115336,5.060963793115336e-10,8.721839138689235,0.00027335579986069783,1559.4088526133926,1.878147709875199,1048.9901366013544,0.4135288017510655,775.6780205013844,170.1352265554044,86.10482215303765,110385.93654900309,58984.740242896296,0.6399668416404639,272.8947626749308,170.13522655540302,86.10482215303696,55198.1748647383,71597.76334695559,0.19819590148813956,18309.863445772033,-7.299004621831371e-15,0.0,0.0,779.7043571345093,0.0,775.4687350720748,0.0,0.0,272.57087777349705,0.0,16750.35442527653
90000.0,0.14250000000000002,0.5060963792510295,5.060963792510296e-10,8.721839114003856,0.00027336039937385473,1559.4088526189528,1.8781606944029001,1048.9901450322711,0.4135310099391255,775.6780231906899,170.13522644234777,86.10482208552621,110385.93647681188,58984.74019969531,0.6399781181898265,272.8947686697429,170.13522644234752,86.10482208552608,55198.17489446724,71597.76336373853,0.19820700371638977,18309.863451142002,4.053608142593073e-14,0.0,0.0,779.7043571361357,0.0,775.4687366438574,0.0,0.0,272.5708780613276,0.0,16750.354425021993
90000.0,0.1475,0.50609638000724,5.0609638000724e-10,8.721838694877706,0.0002733596808991018,1559.4088526085948,1.8781637687923411,1048.990133616209,0.4135490084349543,775.678019883818,170.1352263648615,86.10482217496842,110385.93642844385,58984.74025692786,0.6399626223734592,272.89476027425934,170.13522636487667,86.10482217497027,55198.174894944634,71597.76334310154,0.19821977720026127,18309.86344468239,-1.6193180517970782e-11,0.0,0.0,779.7043571263056,0.0,775.4687242253218,0.0,0.0,272.5708775071717,0.0,16750.35441263489
90000.0,0.1525,0.5060963796539061,5.060963796539061e-10,8.72183693391718,0.00027335677182230473,1559.4088526172413,1.8781779937459309,1048.9901459578189,0.41353250999503594,775.6780230009797,170.13522631845785,86.10482209136964,110385.93638892542,58984.740200021515,0.6399906374342978,272.89476807539506,170.1352263184433,86.10482209136224,55198.17491927716,71597.76335964522,0.19821984637235604,18309.863449501663,5.784825156305903e-12,0.0,0.0,779.7043572221603,0.0,775.4687357145273,0.0,0.0,272.57087115154496,0.0,16750.354416933937
90000.0,0.1575,0.5060963805844174,5.060963805844174e-10,8.721841324263199,0.00027338083203739074,1559.4088525976083,1.8781714124771978,1048.990119339741,0.4135351337755192,775.6780155370384,170.13522634179517,86.10482226149317,110385.93643682603,58984.74032658178,0.6399873493105828,272.894751964286,170.13522634178764,86.10482226148935,55198.17493831414,71597.76333314867,0.19821394046462987,18309.86343818006,3.7452789299221533e-14,0.0,0.0,779.7043571202828,0.0,775.4687269025909,0.0,0.0,272.57085668318007,0.0,16750.354408581115
90000.0,0.1625,0.5060963779880252,5.060963779880253e-10,8.721842843449096,0.0002733580074236932,1559.4088526634143,1.8781586488687474,1048.9901765142042,0.41352931295477674,775.678035101955,170.13522647784364,86.10482188860904,110385.93650088781,58984.740072556866,0.6399799883789674,272.89478936434205,170.13522647784845,86.1048218886115,55198.1749045792,71597.76341768261,0.19821359611719952,18309.863464912512,-1.2735649716527183e-13,0.0,0.0,779.7043571589877,0.0,775.4687494144799,0.0,0.0,272.57089781023797,0.0,16750.35443541054
90000.0,0.1675,0.5060963806607213,5.060963806607213e-10,8.721848912796176,0.0002733630079669937,1559.4088525978925,1.8781455030750052,1048.990106383044,0.41352707102112285,775.6780127018118,170.13522659078342,86.1048224004872,110385.93659475878,58984.74041495143,0.6399778495107155,272.89474606706943,170.13522659078842,86.10482240048974,55198.17492796271,71597.763324493,0.19821434619576989,18309.863434329647,-1.4866561252264509e-15,0.0,0.0,779.7043571249294,0.0,775.4687281478544,0.0,0.0,272.5708555937273,0.0,16750.354404515867
90000.0,0.17250000000000001,0.5060963794847242,5.060963794847242e-10,8.721866169153527,0.0002733969924959351,1559.408852629506,1.878122492804295,1048.9901195159773,0.41352705104096577,775.6780189067351,170.13522685861523,86.10482233595738,110385.93681409507,58984.740396178306,0.639976732191894,272.89476407137994,170.1352268586167,86.10482233595812,55198.175005852994,71597.7634109268,0.19821821106574217,18309.863455043935,9.390890871069532e-15,0.0,0.0,779.7043571329756,0.0,775.4687343717801,0.0,0.0,272.5708741567277,0.0,16750.35442325646
90000.0,0.1775,0.5060963796267438,5.060963796267439e-10,8.721918553243938,0.0002734043508091961,1559.4088526446108,1.8779952095373158,1048.990053823613,0.4135002850707085,775.6780070809548,170.13522802609697,86.10482295097819,110385.93769888386,58984.74085966279,0.6399370980544757,272.8947410119134,170.13522802609887,86.10482295097914,55198.17510998388,71597.76345691152,0.19821748173629591,18309.863449312168,4.996191848436781e-14,0.0,0.0,779.7043571378252,0.0,775.4687360837039,0.0,0.0,272.57087116340045,0.0,16750.35441788545
90000.0,0.1825,0.5060963800796872,5.060963800796872e-10,8.722057068134378,0.0002735165515223268,1559.4088526828914,1.8777011252467073,1048.9898937740948,0.41345370883736215,775.6779787084201,170.1352309102681,86.10482448770838,110385.93995567612,58984.74205177624,0.639861136306343,272.89469615353045,170.13523091025937,86.10482448770395,55198.17557141227,71597.76367334064,0.1982239188621606,18309.863448364067,3.7696571961259184e-14,0.0,0.0,779.7043571285836,0.0,775.4687312830447,0.0,0.0,272.57086474869277,0.0,16750.354413699275
90000.0,0.1875,0.5060963794295389,5.06096379429539e-10,8.722436131000476,0.00027373056608993943,1559.408852832706,1.876869354928187,1048.9894880220777,0.4133067296465394,775.6779103674971,170.13523907836583,86.10482851093992,110385.94612368912,58984.745101701126,0.6396369182230346,272.89459183731907,170.13523907842435,86.10482851096955,55198.176635841664,71597.76423678975,0.19824227279790857,18309.86346510583,-5.375314883084516e-14,0.0,0.0,779.7043571493239,0.0,775.4687373280294,0.0,0.0,272.5708739088566,0.0,16750.354421110722
90000.0,0.1925,0.5060963783350474,5.060963783350474e-10,8.723428294557532,0.00027436092240756013,1559.4088532222108,1.8746868490187016,1048.9884053359976,0.4129344476947624,775.6777275444935,170.13526102347694,86.10483943106964,110385.96261754262,58984.753328506114,0.6390327070320231,272.8943023338381,170.1352610235822,86.1048394311229,55198.17955742341,71597.76575866058,0.19825145369737834,18309.863488699037,3.771644189296434e-14,0.0,0.0,779.704357184574,0.0,775.4687429160251,0.0,0.0,272.570890195172,0.0,16750.354439986506
90000.0,0.1975,0.5060963764460036,5.060963764460037e-10,8.725946452931584,0.0002759426453170184,1559.4088543951086,1.8692517084873845,1048.9857051750218,0.41199277494544023,775.6772819196727,170.1353174856326,86.10486768496907,110386.00536620223,58984.77475567942,0.6375966219996683,272.8935951295493,170.1353174861082,86.10486768520973,55198.1879870586,71597.77008962202,0.19840103897507858,18309.863572629823,1.0152372439147031e-13,0.0,0.0,779.7043573707622,0.0,775.4687738691525,0.0,0.0,272.5709097895219,0.0,16750.35444784343
90000.0,0.2025,0.5060963656313318,5.060963656313318e-10,8.732120644003103,0.0002799069747807181,1559.408857845582,1.855950290925612,1048.9792199316146,0.40970663335522356,775.6762372329215,170.135460000064,86.1049379710472,110386.11340246724,58984.82824152867,0.6340448417715728,272.8919318298481,170.13545999878815,86.1049379704015,55198.21016234601,71597.78171143,0.19868707840163216,18309.863843683255,1.4037075085196145e-14,0.0,0.0,779.7043580928281,0.0,775.468886194805,0.0,0.0,272.57104403978076,0.0,16750.354572688455
90000.0,0.20750000000000002,0.5060963246195874,5.060963246195874e-10,8.746714744867784,0.00028939991061303753,1559.4088686339646,1.8248462413638138,1048.9644421312091,0.404355964504353,775.6740079023883,170.1358059202904,86.10510606245042,110386.37214783374,58984.95467644579,0.6257441062279946,272.8882161128589,170.135805920776,86.10510606269615,55198.26504304185,71597.81097327896,0.19937517297289703,18309.86461390395,2.8631997148032715e-14,0.0,0.0,779.7043610848684,0.0,775.4693648349137,0.0,0.0,272.57152932054436,0.0,16750.354988693212
90000.0,0.2125,0.5060961561004104,5.060961561004103e-10,8.779932782446592,0.0003123248544626319,1559.4089042727287,1.7561083556584722,1048.9335631936044,0.39261867980904225,775.6699946419928,170.13660836993643,86.10548350798561,110386.97052356243,58985.23895847417,0.6075297214906666,272.8809801238744,170.1366083700677,86.10548350805288,55198.40016327547,71597.8854727837,0.2010353967069419,18309.867268090606,9.448957775729149e-12,0.0,0.0,779.7043731055576,0.0,775.4712918385551,0.0,0.0,272.57351166714204,0.0,16750.356778431156
90000.0,0.2175,0.5060955042186881,5.060955042186882e-10,8.853163322019956,0.0003694482942740921,1559.4090270789823,1.6139733643876812,1048.8766849537428,0.3687055809804336,775.6654682148479,170.1383750546974,86.10626671025535,110388.27917457241,58985.82948892838,0.5704249177679956,272.8696818010436,170.1383750547222,86.10626671026789,55198.717547135224,71598.06961649921,0.2051611224766567,18309.876404186314,-1.0344636688486527e-13,0.0,0.0,779.704420057833,0.0,775.4788679885064,0.0,0.0,272.58099228714775,0.0,16750.36373296833
90000.0,0.2225,0.5060930808569817,5.060930808569817e-10,9.011948310498502,0.0005319821231279668,1559.409457060069,1.3461050566514252,1048.796782444867,0.3254245825194394,775.6726396575435,170.14201317099142,86.10769562889168,110390.9550131661,58986.91688697125,0.5033419756409216,272.8623186236826,170.14201317098687,86.10769562889273,55199.43313114366,71598.51832296514,0.2169311541020489,18309.90858600298,4.29146372398735e-11,0.0,0.0,779.7045949295291,0.0,775.5079407109423,0.0,0.0,272.60758440758957,0.0,16750.389608997088
90000.0,0.2275,0.5060850532975809,5.06085053297581e-10,9.360705416961476,0.001186024306602413,1559.4108549428881,0.9139832992197466,1048.764298037624,0.2650093408169622,775.7461706762411,170.14880420068718,86.10976664242443,110395.91981240334,58988.54547152806,0.41029805382420054,272.89733705349505,170.14880420068627,86.10976664242393,55200.99377367108,71599.58967314204,0.26440723923510484,18310.01427559065,-1.970891301469926e-15,0.0,0.0,779.7051273568604,0.0,775.6120534098728,0.0,0.0,272.6896913410579,0.0,16750.47020832626
90000.0,0.2325,0.506070036789994,5.06070036789994e-10,9.998412909051467,0.005146696390525935,1559.4129499254523,0.4677818108562412,1048.9627272847624,0.25724476249734207,776.0459983338422,170.15903681348038,86.11239002034796,110403.44060573852,58990.69393976571,0.4087222787940593,273.01702455777775,170.1590368134795,86.11239002034752,55204.44453392633,71601.81697310254,0.557490026860236,18310.181050361305,-5.938637460519226e-14,0.0,0.0,779.705172668312,0.0,775.9158144674234,0.0,0.0,272.81018245911173,0.0,16750.488576026815
90000.0,0.2375,0.5060616141252803,5.060616141252804e-10,10.345469599882195,0.011447415956373198,1559.4064118673473,0.302713298234958,1049.2667292586386,0.33545141482121477,776.9804305923857,170.17466293682125,86.11886460903327,110414.41334988286,58995.872342030314,0.576228261320077,272.8819041530969,170.17466293682082,86.11886460903305,55210.85090019021,71604.78840418032,1.0549740686063762,18309.673411120562,-2.8256011204912113e-14,0.0,0.0,779.7003093847752,0.0,776.8106715079384,0.0,0.0,272.3028661703749,0.2874309786938567,16749.738910471657
90000.0,0.2425,0.5059304104994555,5.059304104994556e-10,10.345470321867715,0.01144767093268605,1559.4039539409157,0.30279352752990807,1049.1583121590645,0.3355219019118276,781.1550911416201,170.2026092360692,86.11067595888292,110432.5457253455,58998.82683714137,0.5763304060882681,272.7350230692638,170.20260923606915,86.1106759588829,55219.91774121465,71609.65139858687,1.055134110116234,18309.462655425326,-7.671983404461005e-15,0.0,0.0,779.6990811080278,0.0,780.9853404080535,0.0,0.0,268.0197792973318,4.423660692996512,16749.530668776548
90000.0,0.2475,0.5053460268758805,5.053460268758805e-10,10.345470517759393,0.011450427144836465,1559.401495740435,0.3028514828509797,1048.6483555598347,0.33559210184917704,799.0834767246654,170.23907154150493,86.02963842253828,110456.20356472419,58982.375964399216,0.5764515267359192,272.3631969392783,170.23907154150538,86.02963842253853,55231.747416412734,71617.42322228928,1.0553561571455665,18309.194805973475,-3.7126834326041965e-14,0.0,0.0,779.6978546562855,0.0,798.9138865893448,0.0,0.0,249.58142417689785,22.490465273657897,16749.26577661998
90000.0,0.2525,0.5209913340335877,5.209913340335877e-10,12.53155822685849,0.006730115365170057,0.0035063317822998934,0.0098252523471428,12928.62296914995,27.356379517733714,12987.954293499204,170.1290784185271,88.6357755231733,110438.30308968134,57628.580315052204,0.0001352430299257468,0.5067938854171498,170.12907841852763,88.63577552317355,55247.7885641269,67660.65407727956,0.6253796785087042,0.3258173929837461,-1.2684597314833422e-13,0.0,0.0,0.0,0.0,12928.61785028237,0.0,45.08400655627004,0.0,0.50672342497057,0.0
90000.0,0.2575,0.5203955263785807,5.203955263785807e-10,12.53161168558505,0.004008634924293153,0.0020860547954168456,0.009828210383865896,12928.296197211215,27.11826654681116,13006.163455816446,170.16588023852617,88.55356281840234,110461.69926039282,57611.53184886492,0.00013200387447185897,0.11877889535676359,170.16588023852637,88.55356281840247,55258.74404922163,67669.03416198121,0.37517570257977134,0.19523975722870424,-1.1479916403032829e-08,0.0,0.0,0.0,0.0,12928.291082675843,0.0,63.76014858760443,0.0,0.11871020113102378,0.0
90000.0,0.2625,0.5202559003213618,5.202559003213618e-10,12.531647822663095,0.002179817083214012,0.0011340626991633907,0.009830578588373277,12928.2196087226,26.957335150074048,13010.376076892595,170.1940477644086,88.54445754900925,110479.64945883572,57614.01879425228,0.00012979522805446874,0.027846539758217423,170.19404776440828,88.5444575490091,55267.216243617855,67674.06812588025,0.2055593281444471,0.1069434533332436,4.7718920928459356e-14,0.0,0.0,0.0,0.0,12928.214494308324,0.0,68.1368699174126,0.0,0.027779013024988523,0.0
90000.0,0.2675,0.5202231661686185,5.202231661686186e-10,12.531669362806937,0.0010974460143080148,0.0005709027900710232,0.009831980159657437,12928.201655233197,26.86135454543999,13011.333392203753,170.212773212577,88.54862780298782,110491.6048197895,57618.63132393199,0.00012847919396433098,0.006528652524844637,170.21277321257696,88.54862780298785,55272.89347833482,67677.16809929223,0.104137741956767,0.05417486583839695,2.7404120633607737e-08,0.0,0.0,0.0,0.0,12928.19654042562,0.0,69.16295291941228,0.0,0.00646181467177372,0.0
90000.0,0.2725,0.5202154956655727,5.202154956655727e-10,12.531681005390617,0.0005190208451885645,0.00027000268624053345,0.00983293061747693,12928.197446443395,26.809696204561025,13011.542551539414,170.22387415925178,88.55309706986924,110498.70288832838,57621.94721124839,0.00012777478755662897,0.001524424451049377,170.22387415925184,88.55309706986925,55276.28038441418,67678.96431013366,0.049336016829389706,0.025665360449065994,1.987217454761423e-13,0.0,0.0,0.0,0.0,12928.19233119773,0.0,69.40340094594802,0.0,0.0014579540266070417,0.0
90000.0,0.2775,0.5202136966836362,5.202136966836361e-10,12.53168684484417,0.00023461422892170344,0.00012204953532194021,0.009833335648970777,12928.19645995761,26.78410518697807,13011.584614039271,170.22986738679802,88.55590859925137,110502.53967760353,57623.85480157477,0.0001274167094515016,0.0003266183353262618,170.22986738679793,88.5559085992513,55278.11823792172,67679.92841078319,0.022073970813835282,0.011483181957551946,-3.4750037137437275e-14,0.0,0.0,0.0,0.0,12928.191344520945,0.0,69.45981114643214,0.0,0.0002603344178832313,0.0
90000.0,0.28250000000000003,0.5202132752313653,5.202132752313653e-10,12.531689531900556,0.00010412107010073505,5.4132855747981844e-05,0.009833558255704275,12928.196228802562,26.772235658260723,13011.591397192256,170.2328626345363,88.55739502312319,110504.45908146897,57624.83260964377,0.00013767926842273527,7.162258314118162e-05,170.23286263453605,88.55739502312318,55279.04055268201,67680.41010043293,0.009407691892195954,0.004894006211606679,-7.313106687249399e-08,0.0,0.0,0.0,0.0,12928.191113242648,0.0,69.47301158019366,0.0,0.0,0.0
90000.0,0.2875,0.5202131762495168,5.202131762495169e-10,12.531690521292841,4.741642540548667e-05,2.4666649266586503e-05,0.009833595121554841,12928.196174553264,26.767014667790964,13011.591678905157,170.2342663187616,88.55810838818911,110505.35916540076,57625.29601642086,8.611578390317489e-05,4.4798565469487614e-05,170.23426631876174,88.55810838818917,55279.474121894906,67680.63612371811,0.0038500608575762338,0.002002852387473671,-3.6923387533858e-15,0.0,0.0,0.0,0.0,12928.19105898731,0.0,69.47606619953513,0.0,0.0,0.0
90000.0,0.2925,0.5202131492111058,5.202131492111058e-10,12.531690790466783,2.4047993843647697e-05,1.2510082609613254e-05,0.009833676423834134,12928.19616190718,26.764806872387577,13011.591349002812,170.23488919234137,88.55842781235157,110505.75876592714,57625.50257004592,5.042073465190481e-05,2.6229529158804928e-05,170.23488919234146,88.5584278123516,55279.66699762986,67680.7365915469,0.0015269894710004952,0.0007943600015213683,5.309759862034657e-14,0.0,0.0,0.0,0.0,12928.19104629991,0.0,69.47689823242897,0.0,0.0,0.0
90000.0,0.2975,0.5202131469000246,5.202131469000246e-10,12.531691067655665,1.4782611871658214e-05,7.690109041156984e-06,0.009833711085187052,12928.19615893609,26.764055113923245,13011.591028122964,170.23515213717062,88.55856420628196,110505.92780458584,57625.59039729361,2.8612588271407274e-05,1.4884644585623513e-05,170.23515213717067,88.55856420628203,55279.74886663914,67680.77919063899,0.0005955118329970546,0.0003097930846595998,1.067015820427608e-14,0.0,0.0,0.0,0.0,12928.191043309596,0.0,69.47697147881476,0.0,0.0,0.0
90000.0,0.3025,0.5202131446079167,5.202131446079168e-10,12.531690938154634,1.1240164692538831e-05,5.847281420616502e-06,0.009833723489734877,12928.196158197448,26.76361913091153,13011.590870663716,170.23525987413265,88.55861986226842,110505.99680431564,57625.626178840095,1.6583526387479337e-05,8.626968410718991e-06,170.23525987413214,88.55861986226824,55279.782192696824,67680.79653862698,0.00023523345136273818,0.00012237153345038345,-1.4118987683581426e-13,0.0,0.0,0.0,0.0,12928.191042591616,0.0,69.47704161268389,0.0,0.0,0.0
90000.0,0.3075,0.5202131428152419,5.202131428152418e-10,12.531690960508097,9.944528359863705e-06,5.1644719037114404e-06,0.009833730937332802,12928.19615808624,26.76349917140782,13011.590862465027,170.2353019019133,88.55864142049583,110506.02381755096,57625.640142150834,1.0482173026812737e-05,5.452964181487976e-06,170.23530190191326,88.55864142049579,55279.79530115731,67680.8033671571,0.00010020308312523535,5.212696079235561e-05,-2.066314929759249e-08,0.0,0.0,0.0,0.0,12928.191042447297,0.0,69.47709599880011,0.0,0.0,0.0
90000.0,0.3125,0.5202131468985317,5.202131468985318e-10,12.53169106229883,9.459352857186646e-06,4.920879717460683e-06,0.009833712973825237,12928.19615801255,26.763531562447263,13011.590755920177,170.23531746254756,88.55865021046243,110506.03397179324,57625.64562877798,7.595083873247718e-06,3.951062482660484e-06,170.23531746254784,88.55865021046262,55279.80030863518,67680.80595073104,5.0978974507597324e-05,2.6519932754257233e-05,-8.665741224298755e-16,0.0,0.0,0.0,0.0,12928.191042389793,0.0,69.47697255155443,0.0,0.0,0.0
90000.0,0.3175,0.5202131421309897,5.202131421309897e-10,12.53169102985974,9.293865170761376e-06,4.834790803023542e-06,0.00983368634155989,12928.196158038545,26.763485759072374,13011.59087616741,170.23532355092956,88.55865256611472,110506.0378276624,57625.6473962165,6.306183445974206e-06,3.2805595052846737e-06,170.2353235509297,88.55865256611483,55279.80215413859,67680.80693570118,3.347114850317021e-05,1.741213133356714e-05,1.191923332352322e-14,0.0,0.0,0.0,0.0,12928.191042425358,0.0,69.47711672059651,0.0,0.0,0.0
90000.0,0.3225,0.5202131470608862,5.202131470608861e-10,12.531691065801782,9.239507329205317e-06,4.806513185018022e-06,0.009833753123357412,12928.196157990735,26.763525514285398,13011.590747869861,170.23532543349742,88.55865438469382,110506.03912729931,57625.648319030995,5.758476389516422e-06,2.9956351248661476e-06,170.23532543349737,88.55865438469372,55279.80283099021,67680.80726204888,2.7379503137094894e-05,1.424317749191154e-05,-2.8718760307334225e-15,0.0,0.0,0.0,0.0,12928.191042343704,0.0,69.4769676921405,0.0,0.0,0.0
90000.0,0.3275,0.5202131444627913,5.202131444627912e-10,12.53169111923122,9.22460614908585e-06,4.79876137124675e-06,0.009833723288755588,12928.196158030569,26.763552360142427,13011.590840336314,170.2353260267777,88.55865425103846,110506.0395653725,57625.64841690503,5.535377282741418e-06,2.879576022042814e-06,170.23532602677759,88.55865425103845,55279.80307239262,67680.8074012429,2.530146786637174e-05,1.3162156158289513e-05,3.7627628350543685e-13,0.0,0.0,0.0,0.0,12928.191042407132,0.0,69.47704620854317,0.0,0.0,0.0
90000.0,0.3325,0.5202131434689387,5.202131434689387e-10,12.531690927465702,9.244989210096962e-06,4.800564696843437e-06,0.009833692269912396,12928.196158019877,26.763413276018387,13011.59079802549,170.23532706808487,88.55865462355138,110506.0399628114,57625.648573894025,5.447773086675872e-06,2.834003126552437e-06,170.23532706808504,88.55865462355142,55279.80313051119,67680.80743663735,2.46051372970257e-05,1.2799915818770563e-05,3.844317302996229e-09,0.0,0.0,0.0,0.0,12928.191042404953,0.0,69.47707627306674,0.0,0.0,0.0
90000.0,0.3375,0.5202131449049051,5.202131449049051e-10,12.531691118317838,9.28940390115405e-06,4.84018147260215e-06,0.009833724643422527,12928.19615802005,26.76355248824831,13011.590827051376,170.23532637188876,88.55865450583319,110506.03978913506,57625.64855540322,5.414458566511277e-06,2.8166725056590875e-06,170.23532637188973,88.5586545058337,55279.80318251637,67680.80745620167,2.4375555760775213e-05,1.2680484521117752e-05,2.1461524812907116e-08,0.0,0.0,0.0,0.0,12928.191042392147,0.0,69.47703285221235,0.0,0.0,0.0
90000.0,0.3425,0.5202131456624745,5.202131456624744e-10,12.531691055548453,9.616299347121883e-06,4.949658898697006e-06,0.00983374208684758,12928.196158006544,26.763518706186407,13011.5907865964,170.2353265925369,88.5586547495823,110506.03986420174,57625.64863238959,5.402141943215362e-06,2.810265236493119e-06,170.23532659253948,88.55865474958374,55279.8031863863,67680.80745420342,2.4300973346895086e-05,1.2641685787448239e-05,-7.405496947711188e-09,0.0,0.0,0.0,0.0,12928.191042369845,0.0,69.477009962142,0.0,0.0,0.0
90000.0,0.34750000000000003,0.5202131457233259,5.202131457233259e-10,12.531691063689545,8.250011208654992e-06,4.362287913979948e-06,0.009833756571346745,12928.196157979814,26.763523300313963,13011.590787108025,170.23532657126754,88.5586547488768,110506.03986248023,57625.64863447391,5.397705583088835e-06,2.8079572830744417e-06,170.23532657125963,88.55865474887267,55279.80318888141,67680.80745524797,2.427707010687779e-05,1.2629251009244615e-05,1.9323769298545634e-07,0.0,0.0,0.0,0.0,12928.1910423473,0.0,69.47700814669477,0.0,0.0,0.0
90000.0,0.35250000000000004,0.5202131456229698,5.202131456229698e-10,12.531691055720712,9.51438619177985e-06,4.953910923188736e-06,0.009833742304693348,12928.196158042063,26.763518804263725,13011.590787836612,170.23532660478259,88.5586547492276,110506.03987243866,57625.64863456064,5.3961367846046125e-06,2.807141191090513e-06,170.2353266047854,88.55865474922913,55279.80319050626,67680.80745656682,2.4269503997837064e-05,1.2625315017424063e-05,-9.582923405442348e-09,0.0,0.0,0.0,0.0,12928.191042405613,0.0,69.47701111712111,0.0,0.0,0.0
90000.0,0.3575,0.5202131451191054,5.202131451191054e-10,12.531691119912782,9.250049312251635e-06,4.8119972452332414e-06,0.009833724957474716,12928.19615800663,26.76355335624759,13011.590821033287,170.23532641023337,88.55865456224501,110506.03981566898,57625.64857995352,5.3955968406887395e-06,2.8068604022893984e-06,170.23532641023434,88.55865456224554,55279.80319639263,67680.80746226624,2.426713638668865e-05,1.2624083342753583e-05,-3.046033582145456e-14,0.0,0.0,0.0,0.0,12928.191042373728,0.0,69.47702639364903,0.0,0.0,0.0
90000.0,0.3625,0.5202131453944352,5.202131453944351e-10,12.531691057547189,9.231850422945545e-06,4.802529946331449e-06,0.009833725581784825,12928.196158019995,26.763511620262125,13011.590791000111,170.2353266453294,88.55865473141591,110506.0398849566,57625.6486297393,5.395413429577027e-06,2.8067649909036417e-06,170.23532664532956,88.558654731416,55279.803189305465,67680.80745715313,2.4266403381507838e-05,1.2623702030504353e-05,-3.73372919041245e-14,0.0,0.0,0.0,0.0,12928.191042386465,0.0,69.47701805123862,0.0,0.0,0.0
90000.0,0.3675,0.5202131443123938,5.202131443123938e-10,12.531691049252318,9.146008973341522e-06,4.793126630337984e-06,0.009833714762313745,12928.196158036182,26.76350277226448,13011.590819064417,170.23532669534708,88.55865457323412,110506.03989992065,57625.64858325355,5.39535234202637e-06,2.8067331677008608e-06,170.23532669534694,88.55865457323412,55279.803187824924,67680.80746202572,2.4266178653921844e-05,1.262358509800297e-05,-2.9546764966541505e-08,0.0,0.0,0.0,0.0,12928.191042440896,0.0,69.47705072004997,0.0,0.0,0.0
90000.0,0.3725,0.5202131441573319,5.202131441573319e-10,12.531691060215397,9.207433574706266e-06,4.789827969517729e-06,0.00983375529836423,12928.196158013587,26.76352277832539,13011.590834193557,170.23532658246867,88.55865448811625,110506.03986650657,57625.648558317254,5.395332193928645e-06,2.806722724376896e-06,170.23532658246856,88.5586544881162,55279.803191244384,67680.80746460738,2.426611036738799e-05,1.2623549570687734e-05,2.3343412784121823e-14,0.0,0.0,0.0,0.0,12928.19104236511,0.0,69.47705549503587,0.0,0.0,0.0
90000.0,0.3775,0.5202131433970185,5.202131433970185e-10,12.531690945703936,9.235015930088973e-06,4.8041766663131264e-06,0.009833675399844567,12928.196158003353,26.76342134711793,13011.590804401554,170.23532715379508,88.55865465589557,110506.04003451679,57625.64860763027,5.395325660952297e-06,2.806719321734591e-06,170.23532715379494,88.55865465589551,55279.803173739645,67680.8074594821,2.4266089886035e-05,1.2623538897568867e-05,-1.6554194460027284e-14,0.0,0.0,0.0,0.0,12928.19104239646,0.0,69.47707845799708,0.0,0.0,0.0
90000.0,0.3825,0.5202131470160322,5.202131470160321e-10,12.53169111792628,9.20457159736749e-06,4.788339157600928e-06,0.009833723106433318,12928.196158014307,26.76355077614813,13011.590762364121,170.23532642476943,88.55865489273079,110506.03982029995,57625.6486771718,5.3953235710345885e-06,2.80671825405768e-06,170.235326424769,88.55865489273074,55279.80319605838,67680.80745220947,2.4266083637998204e-05,1.2623535735077294e-05,-1.1070160133184658e-13,0.0,0.0,0.0,0.0,12928.191042359504,0.0,69.47696903123384,0.0,0.0,0.0
90000.0,0.3875,0.5202131427417254,5.202131427417254e-10,12.53169093428064,9.201949056237194e-06,4.786974837894404e-06,0.009833698507528504,12928.196158019751,26.763420204825966,13011.590823610475,170.23532716032523,88.55865454773858,110506.04003638828,57625.6485758194,5.395322938591855e-06,2.8067179019913904e-06,170.2353271603251,88.55865454773856,55279.80317353616,67680.80746279795,2.4266081920699805e-05,1.2623534737995409e-05,-2.3667180310486437e-14,0.0,0.0,0.0,0.0,12928.191042400698,0.0,69.47709827459144,0.0,0.0,0.0
90000.0,0.3925,0.5202131457719762,5.202131457719762e-10,12.531691058357486,9.202967151326676e-06,4.787504492227811e-06,0.00983374468076632,12928.19615798414,26.763517646248523,13011.590782730094,170.23532661139697,88.55865477803464,110506.03987504817,57625.64864355043,5.395322713303747e-06,2.806717801142737e-06,170.23532661139694,88.5586547780346,55279.80319032895,67680.80745569995,2.4266081305850945e-05,1.2623534491675263e-05,3.2618062265753045e-14,0.0,0.0,0.0,0.0,12928.191042341079,0.0,69.47700668206724,0.0,0.0,0.0
90000.0,0.3975,0.5202131441590137,5.202131441590136e-10,12.531690976309388,9.204941262662157e-06,4.7885314360485215e-06,0.009833701544157263,12928.196158042627,26.763448065994734,13011.590795270256,170.23532700338257,88.5586547073675,110506.03999020038,57625.6486226284,5.3953226584451e-06,2.8067177639020942e-06,170.2353270033825,88.55865470736741,55279.803178345195,67680.80745791963,2.426608120474535e-05,1.2623534399938524e-05,-2.422974979881074e-14,0.0,0.0,0.0,0.0,12928.191042422775,0.0,69.4770553797438,0.0,0.0,0.0
90000.0,0.4025,0.5202131453015041,5.202131453015041e-10,12.531691058256678,9.223208648633833e-06,4.789223763215794e-06,0.009833749420415703,12928.196158022916,26.763522467704757,13011.590799455933,170.2353265841395,88.55865468376395,110506.03986703347,57625.64861577351,5.395322570008043e-06,2.8067177524115366e-06,170.23532658413967,88.55865468376399,55279.80319114374,67680.80745862277,2.4266081099346085e-05,1.2623534372832206e-05,3.5391070725455004e-08,0.0,0.0,0.0,0.0,12928.191042379038,0.0,69.47702087051658,0.0,0.0,0.0
90000.0,0.40750000000000003,0.520213142472981,5.202131424729811e-10,12.531691053383438,9.211045779221467e-06,4.789504024006069e-06,0.00983373246725441,12928.19615803259,26.763518258175218,13011.59088273882,170.2353266079543,88.55865421463818,110506.03987405682,57625.648477929346,5.395322618852912e-06,2.806717734734e-06,170.2353266079543,88.55865421463818,55279.803190462226,67680.80747300504,2.4266081089550335e-05,1.2623534299099155e-05,4.514971454121101e-09,0.0,0.0,0.0,0.0,12928.191042400449,0.0,69.4771064038581,0.0,0.0,0.0
90000.0,0.41250000000000003,0.520213146176218,5.202131461762181e-10,12.531691061552976,9.224799596269542e-06,4.7900065739837685e-06,0.009833762935368306,12928.196158001212,26.76352651125052,13011.590775105664,170.2353265616215,88.55865482095707,110506.03986042773,57625.64865610694,5.395322499362683e-06,2.8067177521854153e-06,170.2353265616217,88.55865482095702,55279.80319191644,67680.80745439522,2.4266081079154767e-05,1.2623534383554298e-05,5.19951687765835e-08,0.0,0.0,0.0,0.0,12928.191042341412,0.0,69.47699445417133,0.0,0.0,0.0
90000.0,0.4175,0.5202131466477837,5.202131466477836e-10,12.531691124272285,9.211373413811701e-06,4.791877548546723e-06,0.009833725793868334,12928.19615800054,26.763556139827145,13011.590776286499,170.23532639450795,88.55865481429947,110506.03981142741,57625.64865416262,5.395322600316524e-06,2.8067177470905612e-06,170.23532639450778,88.55865481429943,55279.80319699436,67680.80745461,2.4266081054249793e-05,1.262353438204145e-05,2.6292428845508095e-13,0.0,0.0,0.0,0.0,12928.191042357696,0.0,69.47698017204489,0.0,0.0,0.0
90000.0,0.4225,0.5202131449015792,5.202131449015792e-10,12.531691056180145,9.216854462745308e-06,4.794728846164891e-06,0.009833737555273616,12928.196158012553,26.763516366344156,13011.590808365112,170.23532661856444,88.55865463359093,110506.0398771503,57625.648601061795,5.395322615605109e-06,2.8067177456225485e-06,170.23532661856433,88.55865463359088,55279.803190179926,67680.80746017359,2.4266081085879426e-05,1.2623534356122065e-05,1.294842291014267e-14,0.0,0.0,0.0,0.0,12928.191042372553,0.0,69.47703297470467,0.0,0.0,0.0
90000.0,0.4275,0.5202131446930222,5.202131446930221e-10,12.531691057248905,9.239817546720667e-06,4.793457709621491e-06,0.009833740177404935,12928.196158021705,26.7635181677526,13011.590815605834,170.23532660845083,88.55865459282589,110506.03987417028,57625.64858906384,5.395322618807302e-06,2.806717738587332e-06,170.2353266084507,88.55865459282582,55279.8031904726,67680.80746142403,2.4266081084350478e-05,1.2623534350265823e-05,-1.6615124076129498e-08,0.0,0.0,0.0,0.0,12928.191042378927,0.0,69.47703927602062,0.0,0.0,0.0
90000.0,0.4325,0.5202131451448131,5.202131451448131e-10,12.531691056722478,9.211002706681008e-06,4.791684687979915e-06,0.009833742305531308,12928.19615802576,26.763518796045307,13011.590802276954,170.2353266050534,88.55865466796928,110506.03987314402,57625.64861111369,5.395322605136538e-06,2.806717741488985e-06,170.23532660505322,88.5586546679692,55279.803190638406,67680.80745914544,2.4266081083841607e-05,1.2623534360964295e-05,-4.888583272604778e-14,0.0,0.0,0.0,0.0,12928.191042384015,0.0,69.47702560455292,0.0,0.0,0.0
90000.0,0.4375,0.5202131445172509,5.202131445172509e-10,12.531691123951456,9.192836121170453e-06,4.781133077147463e-06,0.009833725747156014,12928.196158012091,26.763555881631447,13011.5908405337,170.23532639579471,88.55865445227693,110506.03981178024,57625.648547817706,5.395322653857174e-06,2.8067177702636196e-06,170.23532639579494,88.55865445227703,55279.803196835855,67680.80746565093,2.4266081054006068e-05,1.2623534330214985e-05,8.084050203977168e-09,0.0,0.0,0.0,0.0,12928.19104237885,0.0,69.47704459284341,0.0,0.0,0.0
90000.0,0.4425,0.5202131456000719,5.202131456000719e-10,12.53169099862527,9.206254660905625e-06,4.789214696345039e-06,0.009833688253116207,12928.196158013881,26.763455943134574,13011.59075581905,170.2353269589928,88.55865492959437,110506.03997717226,57625.64868796485,5.395322622091739e-06,2.8067177527655714e-06,170.23532695899266,88.55865492959431,55279.80317966949,67680.80745108571,2.4266081134284825e-05,1.2623534398252872e-05,2.034266108421472e-14,0.0,0.0,0.0,0.0,12928.191042399629,0.0,69.47701181642192,0.0,0.0,0.0
90000.0,0.4475,0.5202131452002692,5.202131452002692e-10,12.531691115714318,9.220993866174716e-06,4.796882220995138e-06,0.009833722665321025,12928.19615801735,26.76354935443262,13011.590816505797,170.23532643269442,88.55865458774649,110506.03982245545,57625.64858754642,5.39532258739433e-06,2.806717732558459e-06,170.23532643269436,88.55865458774647,55279.80319574535,67680.80746156181,2.4266081059263452e-05,1.262353434952412e-05,6.93905251451188e-14,0.0,0.0,0.0,0.0,12928.191042383396,0.0,69.47702392780478,0.0,0.0,0.0
90000.0,0.4525,0.5202131463324358,5.202131463324358e-10,12.531691054553994,9.199849911286516e-06,4.785882868136538e-06,0.009833740252243357,12928.196157995822,26.76351683227313,13011.590765366685,170.2353266159863,88.55865487583208,110506.03987643195,57625.64867228394,5.395322614250925e-06,2.806717752638016e-06,170.23532661598648,88.55865487583218,55279.80319027388,67680.80745274328,2.426608108539052e-05,1.262353439058901e-05,3.148302617670659e-14,0.0,0.0,0.0,0.0,12928.191042354587,0.0,69.47698971417546,0.0,0.0,0.0
90000.0,0.4575,0.5202131448474074,5.202131448474075e-10,12.531691060544896,9.199426985742017e-06,4.785662843046959e-06,0.009833755656534798,12928.196158020335,26.763522985787535,13011.590813445131,170.2353265812857,88.55865460497608,110506.03986601495,57625.64859256322,5.395322606900664e-06,2.8067177408021077e-06,170.23532658128565,88.55865460497607,55279.80319119995,67680.80746098791,2.426608108044411e-05,1.2623534351980006e-05,3.6677906194984384e-14,0.0,0.0,0.0,0.0,12928.191042371176,0.0,69.47703461482836,0.0,0.0,0.0
90000.0,0.4625,0.5202131415296178,5.202131415296179e-10,12.531690981191838,9.206771759532398e-06,4.789483660372517e-06,0.009833670208247757,12928.196158032571,26.763439628988355,13011.590870343569,170.2353270509712,88.55865428450765,110506.0400044266,57625.6484985147,5.395322629515167e-06,2.806717734665923e-06,170.23532705097145,88.55865428450782,55279.80317694447,67680.80747091798,2.4266081147395103e-05,1.2623534306299038e-05,-5.685234244063839e-14,0.0,0.0,0.0,0.0,12928.191042427663,0.0,69.47713490833513,0.0,0.0,0.0
90000.0,0.4675,0.5202131464458524,5.202131464458523e-10,12.531691060116524,9.362273292934659e-06,4.791069479139375e-06,0.009833755195257879,12928.19615800877,26.763522739449076,13011.590765048793,170.23532658222797,88.55865487757805,110506.0398664071,57625.64867269963,5.39532317598709e-06,2.8067177535595534e-06,170.23532658222902,88.55865487757796,55279.80319137114,67680.80745264937,2.4266081080578386e-05,1.2623534390837851e-05,-6.155792802909831e-08,0.0,0.0,0.0,0.0,12928.191042299326,0.0,69.47698634528112,0.0,0.0,0.0
90000.0,0.47250000000000003,0.5202131439789994,5.202131439789994e-10,12.531690974008047,9.212988117963218e-06,4.792717514286809e-06,0.009833680275389797,12928.196158023691,26.763439674095157,13011.590796345827,170.23532705061314,88.55865470129267,110506.0400041764,57625.648620911736,5.3953226227509505e-06,2.806717744362294e-06,170.23532705061305,88.55865470129264,55279.80317686218,67680.80745808617,2.426608114734404e-05,1.2623534365709368e-05,3.879589280174493e-14,0.0,0.0,0.0,0.0,12928.19104241405,0.0,69.47706083456515,0.0,0.0,0.0
90000.0,0.47750000000000004,0.5202131451892308,5.202131451892309e-10,12.53169112025718,9.208724112815784e-06,4.790499333907807e-06,0.00983372357817791,12928.19615800675,26.76355231972497,13011.590818375953,170.2353264161108,88.55865457724033,110506.03981772032,57625.648584527604,5.395322639758763e-06,2.8067177597395685e-06,170.2353264161106,88.55865457724028,55279.803196353976,67680.8074618841,2.4266081056899316e-05,1.2623534348026412e-05,-7.071139010629411e-14,0.0,0.0,0.0,0.0,12928.19104237427,0.0,69.47702427189168,0.0,0.0,0.0
90000.0,0.4825,0.520213145961324,5.202131459613239e-10,12.531691123486317,9.215467818174862e-06,4.7940083319102335e-06,0.009833724233273795,12928.196158022398,26.763554465614863,13011.59079615549,170.23532640398338,88.558654702369,110506.03981415129,57625.64862125096,5.395322753300016e-06,2.8067177353472486e-06,170.23532640398327,88.55865470236897,55279.80319665791,67680.80745806111,2.4266081055170626e-05,1.2623534365862797e-05,3.152570091691552e-08,0.0,0.0,0.0,0.0,12928.191042390154,0.0,69.47700089984573,0.0,0.0,0.0
90000.0,0.4875,0.520213144982199,5.20213144982199e-10,12.531691058307095,9.22028120280598e-06,4.796569899085337e-06,0.009833727766560812,12928.196157996048,26.763514386210634,13011.590804886351,170.23532662977183,88.55865465314548,110506.03988131003,57625.64860682024,5.395324410208786e-06,2.8067177674870934e-06,170.2353266297725,88.55865465314544,55279.80319008566,67680.80745957227,2.4266081087355507e-05,1.2623534358846267e-05,3.4600839299391646e-07,0.0,0.0,0.0,0.0,12928.191042356302,0.0,69.4770305542695,0.0,0.0,0.0
90000.0,0.4925,0.5202131450989878,5.202131450989877e-10,12.531691061500679,9.278429142640745e-06,4.778294980833361e-06,0.009833762805413471,12928.196158010787,26.763526423487356,13011.590807654036,170.23532656174635,88.55865463763938,110506.03986023809,57625.64860223796,5.395322841051812e-06,2.806717664870337e-06,170.23532656174663,88.55865463763939,55279.80319186683,67680.80746001021,2.4266081077658897e-05,1.2623534356635962e-05,-2.644758072179959e-08,0.0,0.0,0.0,0.0,12928.191042324699,0.0,69.47702705694373,0.0,0.0,0.0
90000.0,0.4975,0.5202131457714934,5.202131457714934e-10,12.531691120432695,9.21324263685017e-06,4.792849934871875e-06,0.009833724140136077,12928.19615803086,26.763552268369374,13011.590800748558,170.23532641638474,88.5586546765045,110506.03981775697,57625.64861361137,5.395322736806752e-06,2.8067178133667033e-06,170.23532641638468,88.55865467650447,55279.8031963252,67680.8074588509,2.426608105693838e-05,1.2623534362175959e-05,9.425958665186906e-15,0.0,0.0,0.0,0.0,12928.191042398243,0.0,69.47700663281034,0.0,0.0,0.0
100000.0,0.0025,0.5060963803485737,5.060963803485737e-10,8.721838880630123,0.0002733623502740786,1559.408852607818,1.878170658272615,1048.9901282926485,0.41353149350425056,775.6780184559366,170.1352263406157,86.1048222207724,110385.93641284913,58984.74028807045,0.639987302601104,272.89475649107544,170.13522634086632,86.10482222077297,55198.17489543038,71597.7633321339,0.1982201960277258,18309.863439184912,3.467722574029265e-10,0.0,0.0,779.7043571417149,0.0,775.4687316310649,0.0,0.0,272.5708612301738,0.0,16750.354405569058
100000.0,0.0075,0.5060963789608428,5.060963789608428e-10,8.721838824286985,0.0002733900514218607,1559.4088526248772,1.8781800414818965,1048.9901576540171,0.4135387887759929,775.6780266225048,170.13522631975812,86.10482197411307,110385.93639787797,58984.74012768877,0.6399892700486446,272.8947776491906,170.13522631975283,86.10482197411037,55198.17492214948,71597.76338920774,0.1982112957928059,18309.86346281699,-3.017491433343235e-14,0.0,0.0,779.7043571315701,0.0,775.4687361389375,0.0,0.0,272.57088139704433,0.0,16750.354434534634
100000.0,0.0125,0.5060963795479387,5.060963795479387e-10,8.721838216158057,0.0002733578349527209,1559.4088526196654,1.8781696577218336,1048.9901440242759,0.4135306706236085,775.6780219982103,170.13522638265755,86.10482210583267,110385.93646499122,58984.74021220327,0.6399862730101659,272.89476827454564,170.13522638261642,86.1048221058316,55198.17491399875,71597.76335928036,0.1982199256211037,18309.863448600536,-5.860963360325061e-11,0.0,0.0,779.704357111008,0.0,775.4687356280476,0.0,0.0,272.5708735395787,0.0,16750.354419283663
100000.0,0.0175,0.5060963805712188,5.060963805712188e-10,8.72183810817447,0.0002733895616224825,1559.4088526032988,1.8781815347209005,1048.9901254923877,0.4135390538758722,775.6780181533769,170.13522631766676,86.10482224703631,110385.93639773225,58984.74030533902,0.6399896304227258,272.89475351426074,170.13522631766827,86.1048222470371,55198.1749255337,71597.76332717181,0.19821118777225818,18309.8634358458,-1.5475320526048977e-13,0.0,0.0,779.7043571229929,0.0,775.4687275347085,0.0,0.0,272.5708570790802,0.0,16750.354407633
100000.0,0.0225,0.5060963799278924,5.060963799278924e-10,8.721838028235506,0.0002733674549942588,1559.408852620376,1.8781848936270966,1048.9901417473093,0.4135349879076387,775.6780231066135,170.13522628448854,86.10482212079233,110385.93638492668,58984.74022080883,0.6399936329266552,272.89476476616886,170.1352262845195,86.10482212079891,55198.17493339612,71597.76335652487,0.19822039793540017,18309.86344803198,4.208197858879057e-12,0.0,0.0,779.7043567657126,0.0,775.4687344149677,0.0,0.0,272.5708649817398,0.0,16750.354416595226
100000.0,0.0275,0.5060963791466799,5.060963791466799e-10,8.721839646253425,0.0002733903669687449,1559.4088526263483,1.878177978614664,1048.9901539357347,0.4135384636455691,775.6780253554632,170.1352263385709,86.10482201525157,110385.93640719743,58984.74015292964,0.639988534459177,272.89477570497445,170.1352263385675,86.10482201524987,55198.17491889682,71597.76338088281,0.19821097991096057,18309.863458200118,-7.009445372253499e-14,0.0,0.0,779.7043571322438,0.0,775.4687350363764,0.0,0.0,272.57087982498973,0.0,16750.354430077077
100000.0,0.0325,0.5060963804640294,5.060963804640294e-10,8.721837950696912,0.00027337818389824945,1559.4088526091898,1.8781833871215101,1048.9901304060506,0.41353735144652437,775.678019018229,170.13522628918193,86.10482221438355,110385.9363759645,58984.740282520615,0.6399929830138166,272.89475746272853,170.13522628918324,86.10482221438421,55198.174929384964,71597.76333339291,0.19821704060759449,18309.863437928667,7.022733334952455e-14,0.0,0.0,779.7043571267423,0.0,775.4687292614755,0.0,0.0,272.5708593305031,0.0,16750.35440674949
100000.0,0.037500000000000006,0.5060963795820119,5.06096379582012e-10,8.72183991034239,0.00027335651071540447,1559.40885261446,1.878170230208094,1048.9901400380024,0.4135348166718438,775.6780209281039,170.13522639927004,86.10482212003598,110385.93643041766,58984.74022021215,0.6399805334274901,272.8947653966236,170.13522639924503,86.10482212003149,55198.17489377356,71597.76335556633,0.19822180016393376,18309.863451068963,-1.7724080758627962e-11,0.0,0.0,779.7043580546524,0.0,775.4687308242686,0.0,0.0,272.57087593032435,0.0,16750.3544185101
100000.0,0.042499999999999996,0.506096379804382,5.060963798043821e-10,8.721839053609006,0.00027338469197089616,1559.4088526263881,1.8781834094802423,1048.9901455842776,0.41353861132590386,775.678025599459,170.13522627331616,86.1048220941247,110385.93636875275,58984.74020607834,0.639993080925828,272.8947667361308,170.1352262733194,86.10482209412633,55198.17493463117,71597.76336115887,0.1982159251615994,18309.86344535547,-3.062323475396289e-14,0.0,0.0,779.7043571336901,0.0,775.4687352053548,0.0,0.0,272.5708685547747,0.0,16750.35441472554
100000.0,0.0475,0.506096379915612,5.06096379915612e-10,8.721838987182881,0.0002733555186219584,1559.4088526021467,1.8781691618099514,1048.990134387559,0.413531435377847,775.6780186751724,170.13522638289768,86.10482216850764,110385.93643350611,58984.74025105314,0.6399845693805469,272.8947617323849,170.13522638289263,86.10482216850508,55198.17490841015,71597.7633447405,0.1982166777253147,18309.863447105443,-3.5660695862027503e-13,0.0,0.0,779.7043571254247,0.0,775.4687318856224,0.0,0.0,272.57086789105296,0.0,16750.354416083133
100000.0,0.052500000000000005,0.5060963798011988,5.060963798011989e-10,8.721838683680394,0.00027335642414112634,1559.4088526232367,1.8781720805670359,1048.9901408686324,0.41353040427425686,775.678022492368,170.13522632376282,86.10482211911399,110385.9364183715,58984.74023086228,0.6399895375614728,272.8947649142529,170.13522632377513,86.1048221191202,55198.174929917346,71597.76335859516,0.19822171596459404,18309.86344674441,3.981286276842233e-15,0.0,0.0,779.7043571392799,0.0,775.4687362518307,0.0,0.0,272.57086852618227,0.0,16750.354413173067
100000.0,0.057499999999999996,0.5060963799776486,5.060963799776486e-10,8.72183848612452,0.00027335386378177175,1559.408852609796,1.8781751691210282,1048.9901370327063,0.4135310462737852,775.6780202873205,170.13522633831235,86.10482215649776,110385.9364044475,58984.74024326664,0.6399904388777616,272.8947625011917,170.13522633831232,86.10482215649772,55198.17492182694,71597.76334781444,0.19822168360195128,18309.863446627678,2.949436620993433e-14,0.0,0.0,779.7043571331965,0.0,775.468733721795,0.0,0.0,272.57086565685483,0.0,16750.354413084853
100000.0,0.0625,0.5060963794182407,5.060963794182407e-10,8.721842049917049,0.00027336150198830966,1559.4088526179694,1.8781539737870194,1048.9901388456715,0.4135296797965189,775.6780228772036,170.1352264645363,86.10482212520425,110385.93648538685,58984.74022245781,0.6399763028485284,272.8947646058541,170.13522646451577,86.10482212519385,55198.17488610174,71597.76335221955,0.19820726253037688,18309.86344721084,5.13591539883862e-14,0.0,0.0,779.7043571353961,0.0,775.4687370034522,0.0,0.0,272.5708749160693,0.0,16750.354420954256
100000.0,0.0675,0.5060963795735145,5.060963795735145e-10,8.721843960126112,0.0002733568304325356,1559.4088526073535,1.8781551356830866,1048.9901368267685,0.41352838408120557,775.6780197141782,170.13522645685075,86.10482214773067,110385.93648389043,58984.740239731604,0.63998183088465,272.89476326284125,170.1352264568548,86.10482214773099,55198.174893241405,71597.76335084788,0.19822189500991672,18309.863448664575,3.545315202767554e-12,0.0,0.0,779.7043570938828,0.0,775.4687362885923,0.0,0.0,272.5708745901556,0.0,16750.354415858717
100000.0,0.07250000000000001,0.5060963801093186,5.060963801093186e-10,8.721823983805685,0.00027335647801603896,1559.4088526344185,1.8781667008044314,1048.9901515050165,0.41353093196138235,775.6780263922798,170.13522612836368,86.10482207262609,110385.93595535366,58984.74019129618,0.6399827384552529,272.89477099032126,170.1352261278092,86.10482207262442,55198.17464076852,71597.76336789846,0.19822184592662323,18309.86344740596,1.416433510662096e-10,0.0,0.0,779.7043570607669,0.0,775.4687400521809,0.0,0.0,272.57087803109386,0.0,16750.354382011406
100000.0,0.0775,0.5060963799201303,5.060963799201304e-10,8.72183818688798,0.00027338076977246304,1559.408852609625,1.8781839306561394,1048.9901389451566,0.4135379190612058,775.6780199661677,170.13522625274612,86.10482210340713,110385.93634657639,58984.7402076004,0.6399932430840461,272.89476519815497,170.13522625279484,86.1048221034318,55198.17491973368,71597.76335030096,0.19821676403409322,18309.863451295918,-4.429500671928707e-14,0.0,0.0,779.7043571262958,0.0,775.4687299223699,0.0,0.0,272.57086693465635,0.0,16750.35442025732
100000.0,0.0825,0.5060963800227894,5.060963800227895e-10,8.721838367933078,0.00027338291239611284,1559.4088526110158,1.8781781634003518,1048.9901356022829,0.4135368363541504,775.6780220184801,170.13522633830348,86.10482216417334,110385.93640983278,58984.740250947536,0.639988796135469,272.8947599231352,170.13522633826534,86.10482216415403,55198.17492773131,71597.763348696,0.19821293772136372,18309.86344433804,1.512276190886064e-14,0.0,0.0,779.7043571264535,0.0,775.4687325225964,0.0,0.0,272.5708639101559,0.0,16750.35441523418
100000.0,0.0875,0.5060963795148259,5.060963795148259e-10,8.72184146018396,0.0002733570698904704,1559.408852628193,1.8781714552532105,1048.9901467971522,0.4135307855201027,775.678023526554,170.13522638459813,86.10482210118047,110385.93654557096,58984.740211868004,0.6399882398443086,272.894769678469,170.13522638456715,86.10482210118009,55198.17497147592,71597.76336059677,0.1982219051635371,18309.863445407434,-1.8885315400334765e-10,0.0,0.0,779.7043571986768,0.0,775.4687370827583,0.0,0.0,272.57087394268257,0.0,16750.354417492617
100000.0,0.0925,0.5060963792103224,5.060963792103224e-10,8.721839066170848,0.0002733569146751775,1559.4088526154362,1.8781536645501171,1048.9901406436165,0.4135295736424753,775.6780223412792,170.13522650076558,86.10482210816555,110385.93651159272,58984.7402128017,0.6399717758336593,272.8947647515724,170.13522650076308,86.10482210816431,55198.17487306116,71597.76335389997,0.19820089575739527,18309.863450921697,6.402161460368755e-14,0.0,0.0,779.7043571352561,0.0,775.4687365213615,0.0,0.0,272.5708773530264,0.0,16750.35442789424
100000.0,0.0975,0.5060963802004907,5.060963802004907e-10,8.721838459263344,0.00027339001118995633,1559.4088526018857,1.8781811146242502,1048.9901304606924,0.4135389336656989,775.6780204214986,170.13522631102384,86.1048221806005,110385.9363787958,58984.740254831704,0.6399897532409459,272.8947564306045,170.13522631101992,86.10482218059848,55198.17491453556,71597.76333473036,0.1982116617544047,18309.86344511268,-3.547923602627817e-14,0.0,0.0,779.7043571201149,0.0,775.4687298641006,0.0,0.0,272.5708599331239,0.0,16750.354416669074
100000.0,0.10250000000000001,0.5060963802455142,5.060963802455142e-10,8.721838670902951,0.0002733805090773115,1559.4088526152723,1.8781826530806034,1048.9901365466806,0.41353758358363263,775.6780171003054,170.1352263026794,86.10482218403743,110385.93637428187,58984.740257543854,0.6399928814123582,272.89476596397475,170.1352263026859,86.10482218404073,55198.1749304632,71597.76334619637,0.19821686852335513,18309.863440230263,5.811192570054274e-14,0.0,0.0,779.7043571279909,0.0,775.4687272240145,0.0,0.0,272.5708678812675,0.0,16750.354409131814
100000.0,0.1075,0.5060963782419781,5.060963782419781e-10,8.721838948325798,0.00027335454639128883,1559.4088526192243,1.8781373083336417,1048.990150807612,0.41352896116917887,775.6780238328299,170.13522667576208,86.10482203198112,110385.93663332326,58984.74016738122,0.6399560758810117,272.894773447109,170.13522667576225,86.10482203198195,55198.174841910746,71597.76337838563,0.1981792145957695,18309.863459122364,5.2603796479609333e-14,0.0,0.0,779.7043571372398,0.0,775.4687383232425,0.0,0.0,272.570893994878,0.0,16750.35444708022
100000.0,0.1125,0.5060963794021776,5.060963794021776e-10,8.721838573040136,0.0002733594036752026,1559.4088526204662,1.878152735185618,1048.990143990436,0.4135290393917376,775.6780250535517,170.135226441419,86.10482211077125,110385.93657060593,58984.74023774223,0.6399818010670392,272.89476540384067,170.13522644144192,86.10482211077827,55198.17494253292,71597.76337880886,0.19822003102505528,18309.863451817884,1.546998751555562e-10,0.0,0.0,779.7043528815567,0.0,775.4687470491316,0.0,0.0,272.5708734391556,0.0,16750.35442579211
100000.0,0.1175,0.5060963800285379,5.060963800285379e-10,8.721838713470367,0.00027339015314586126,1559.408852613289,1.8781805343886506,1048.99013864402,0.4135388378173639,775.6780200296948,170.1352263252092,86.10482215852437,110385.93640572077,58984.74024949873,0.6399895783079645,272.8947651624797,170.1352263251946,86.10482215851701,55198.17492645566,71597.76335118926,0.19821163477104684,18309.863442330214,4.138325741671423e-14,0.0,0.0,779.7043571257766,0.0,775.4687295208772,0.0,0.0,272.57086875364416,0.0,16750.35441388853
100000.0,0.1225,0.506096379965237,5.060963799652371e-10,8.72183800238244,0.0002733895341734084,1559.4088526213188,1.8781818238674863,1048.990138590571,0.41353909639629555,775.6780228297963,170.13522629153374,86.10482213071165,110385.93637152937,58984.740225218746,0.6399897444097575,272.8947618713412,170.1352262915511,86.10482213072054,55198.17491126393,71597.76334312251,0.19821125163158007,18309.86344473934,8.068617627161594e-14,0.0,0.0,779.7043571298987,0.0,775.468732190133,0.0,0.0,272.57086537847664,0.0,16750.35441648358
100000.0,0.1275,0.5060963798196708,5.060963798196708e-10,8.721838823197304,0.00027338431500105947,1559.4088526212017,1.8781773246502749,1048.9901408319647,0.41353705788052114,775.6780235987973,170.135226340046,86.10482213049758,110385.9363967258,58984.74022190911,0.6399882899817503,272.8947638530918,170.13522634004644,86.10482213049781,55198.174919944366,71597.76335329564,0.19821207008312897,18309.863445280127,4.759003014678797e-15,0.0,0.0,779.704357131179,0.0,775.4687339908849,0.0,0.0,272.57086809640504,0.0,16750.354416605824
100000.0,0.1325,0.5060963791551633,5.060963791551634e-10,8.721839440656053,0.00027335760237672506,1559.4088526036894,1.8781426110459647,1048.990134121632,0.41352982046921594,775.6780188423191,170.1352266194889,86.10482215886645,110385.93658560418,58984.74024419462,0.6399607155388949,272.8947618500718,170.1352266194845,86.10482215886424,55198.174844623914,71597.76334369247,0.19818519893649603,18309.863447989115,2.9413662738089547e-13,0.0,0.0,779.7043571292501,0.0,775.4687328974563,0.0,0.0,272.57088004913834,0.0,16750.354432921435
100000.0,0.1375,0.5060963791167623,5.060963791167623e-10,8.721839183672369,0.0002733558487007687,1559.4088526164435,1.878147879481858,1048.990140855507,0.41352881456639135,775.6780218119503,170.13522655328066,86.10482211882537,110385.93654676604,58984.74022026307,0.6399670517595373,272.8947656456671,170.13522655327913,86.1048221188246,55198.17486468395,71597.76335453332,0.1981961545175822,18309.863448821103,-1.8033842342567644e-14,0.0,0.0,779.7043571359951,0.0,775.4687363762396,0.0,0.0,272.57088063801797,0.0,16750.354428194
100000.0,0.14250000000000002,0.5060963797519393,5.060963797519393e-10,8.721838959165064,0.00027336514720983544,1559.408852619093,1.8781682343482204,1048.9901450136913,0.4135310058202759,775.6780245242692,170.1352262694857,86.10482208326175,110385.93636415139,58984.7401981077,0.6399853664728956,272.8947671903048,170.13522626959113,86.10482208326228,55198.17484877599,71597.76336262183,0.1982203376170849,18309.863451671892,1.3565244185412959e-10,0.0,0.0,779.7043571272309,0.0,775.4687380103913,0.0,0.0,272.5708729090598,0.0,16750.354407121395
100000.0,0.1475,0.5060963801675484,5.060963801675485e-10,8.72183861059533,0.0002733901394025646,1559.4088526088665,1.8781808391042787,1048.9901342939327,0.4135388791612378,775.6780165829412,170.13522632286507,86.1048221809886,110385.93639692222,58984.740260359984,0.6399897159309484,272.89476419544866,170.13522632286066,86.10482218098629,55198.17492334238,71597.76334530278,0.19821174528665203,18309.863443172002,1.717978937555433e-13,0.0,0.0,779.7043571236475,0.0,775.4687260530826,0.0,0.0,272.5708677168661,0.0,16750.354414696507
100000.0,0.1525,0.5060963798480788,5.060963798480788e-10,8.721837943487918,0.00027337383178587297,1559.4088526194323,1.8781835863421286,1048.990143382894,0.41353617503121765,775.6780242722285,170.13522628010352,86.1048221049941,110385.93637203146,58984.74021257495,0.6399943454297763,272.89476517948754,170.13522628009568,86.10482210499016,55198.174934662355,71597.76335859446,0.1982205120435912,18309.863448604647,1.990553326144659e-13,0.0,0.0,779.7043571352654,0.0,775.4687351192999,0.0,0.0,272.57086635278847,0.0,16750.354415652222
100000.0,0.1575,0.5060963806143718,5.060963806143718e-10,8.721841274226927,0.0002733861430379,1559.408852593547,1.8781719144937041,1048.99011760481,0.4135362638089295,775.6780148808485,170.13522637123214,86.1048222814874,110385.9364477377,58984.74033539767,0.6399866624498207,272.8947508539414,170.13522637122674,86.10482228148466,55198.17493204004,71597.76332889908,0.19821171918722463,18309.86343867784,4.7398386676721575e-14,0.0,0.0,779.7043571192531,0.0,775.4687256763951,0.0,0.0,272.5708559175766,0.0,16750.35441020702
100000.0,0.1625,0.506096377341384,5.060963773413841e-10,8.721845112096226,0.0002733608983432567,1559.4088526666749,1.8781295562649885,1048.9901744107983,0.41352657673179705,775.678035151634,170.1352267333748,86.10482190791596,110385.93667935417,58984.74009149585,0.639957831410711,272.894789324932,170.13522673337727,86.10482190791717,55198.17486853782,71597.76342631788,0.1981898065887145,18309.863465234845,-4.447751578163799e-13,0.0,0.0,779.7043571598917,0.0,775.4687508478435,0.0,0.0,272.5709089970827,0.0,16750.35444775874
100000.0,0.1675,0.5060963798977448,5.060963798977449e-10,8.721856582886126,0.0002733682522151408,1559.408852602544,1.8781030275393407,1048.9900988460709,0.41352303788285594,775.6780117702957,170.13522700254572,86.10482247906944,110385.93688232503,58984.74047627467,0.6399490791180779,272.8947443572013,170.13522700254967,86.10482247907143,55198.17489343932,71597.76333869385,0.19818362625409375,18309.863434728486,-7.312301747160747e-14,0.0,0.0,779.7043571259247,0.0,775.4687292578149,0.0,0.0,272.5708684449405,0.0,16750.35442046223
100000.0,0.17250000000000001,0.5060963795840923,5.060963795840923e-10,8.721887724017096,0.0002734086340820074,1559.4088526325077,1.8780747449835553,1048.9900926953817,0.4135184587415918,775.678013540711,170.13522733089087,86.10482259188039,110385.9371748207,58984.740589696325,0.6399638328568242,272.894755899381,170.13522733089331,86.10482259188163,55198.175068225224,71597.76343860969,0.19821936205604504,18309.86345493999,4.357762673814921e-14,0.0,0.0,779.7043571306796,0.0,775.4687333458526,0.0,0.0,272.57087252050746,0.0,16750.354422577635
100000.0,0.1775,0.5060963795996847,5.060963795996847e-10,8.721974061571176,0.0002734407381990138,1559.4088526669427,1.8778739506687934,1048.9899934400905,0.41347996496346107,775.6779974014113,170.13522925583376,86.10482356873982,110385.93863885076,58984.74133238751,0.6399055894594137,272.89472544100875,170.13522925583737,86.1048235687416,55198.175299966126,71597.76355400338,0.19822087782810185,18309.86345077069,-1.89846706045308e-13,0.0,0.0,779.7043571392724,0.0,775.4687366846232,0.0,0.0,272.5708715431788,0.0,16750.354417624494
100000.0,0.1825,0.5060963802902949,5.060963802902949e-10,8.722201258821567,0.00027361176408849424,1559.408852727323,1.877395432515072,1048.9897332862345,0.4134026166390763,775.6779505424013,170.13523410997928,86.10482614290243,110385.94235864877,58984.74329115348,0.6397820166152747,272.89465264173054,170.1352341099879,86.1048261429068,55198.17603888199,71597.76390174414,0.1982323671558112,18309.86345140443,4.370361408297347e-15,0.0,0.0,779.7043571267042,0.0,775.4687289745166,0.0,0.0,272.57086127894667,0.0,16750.354412467994
100000.0,0.1875,0.5060963795254453,5.060963795254454e-10,8.722789964799802,0.00027396168482147175,1559.4088529587884,1.8760948283513246,1048.9890983311818,0.4131726383620953,775.6778441135286,170.1352472589051,86.10483266737542,110385.95232402821,58984.748226719355,0.6394277546700361,272.8944866371188,170.1352472588194,86.10483266740447,55198.17783253732,71597.76486233703,0.19826349462181672,18309.863471297904,-3.6039384157001075e-10,0.0,0.0,779.7043572108931,0.0,775.4687389206282,0.0,0.0,272.5708745597091,0.0,16750.354413217046
100000.0,0.1925,0.5060963777935373,5.060963777935374e-10,8.724266957241152,0.00027488229223939685,1559.4088535344401,1.872864446929455,1048.9874958172181,0.41261835846782263,775.6775715925656,170.1352811153002,86.10484950733864,110385.97774710422,58984.76092584039,0.6385459439299159,272.8940647578728,170.13528111540353,86.10484950739094,55198.18276863912,71597.76740532182,0.1982969700179461,18309.863518165446,2.3945578317853802e-14,0.0,0.0,779.7043572087506,0.0,775.4687469359313,0.0,0.0,272.5708989685949,0.0,16750.354446368798
100000.0,0.1975,0.5060963743638984,5.060963743638984e-10,8.72784884754937,0.00027715202392008387,1559.4088551925747,1.8649702663296166,1048.9836481780094,0.411662747491585,775.676934556586,170.1353650498265,86.1048914027929,110386.04094799266,58984.7925312032,0.6359203002602568,272.89305224624326,170.13536504999794,86.10489140286592,55198.19532599267,71597.77408644443,0.19848812163509064,18309.863627978444,-1.0141964914194867e-11,0.0,0.0,779.7043598006132,0.0,775.4685786300048,0.0,0.0,272.5712161363001,0.0,16750.35446844516
100000.0,0.2025,0.5060963612917704,5.060963612917704e-10,8.736236463267083,0.0002825711039512929,1559.4088599161212,1.8471314176878622,1048.9748540581256,0.40819149049655057,775.675510481765,170.13556638594395,86.10499107424067,110386.19209950679,58984.86759223103,0.6316897056893246,272.8907971766046,170.1355663853012,86.10499107391533,55198.228378663014,71597.7910938448,0.198876934767987,18309.863994226685,4.43076940017075e-15,0.0,0.0,779.7043584539551,0.0,775.4689262537014,0.0,0.0,272.57110131509165,0.0,16750.354626427546
100000.0,0.20750000000000002,0.5060963065191219,5.060963065191219e-10,8.755151082704648,0.00029503887157441677,1559.4088743559178,1.8070916370944756,1048.9558625446214,0.401315584322314,775.6726358313313,170.13603390684338,86.10521836606553,110386.54014276782,58985.037705755625,0.6210040189637654,272.8860564855212,170.13603390699603,86.1052183661428,55198.30651924623,71597.83264523496,0.19975281103699824,18309.865032522102,1.6065366460207109e-13,0.0,0.0,779.7043625189092,0.0,775.4695314963677,0.0,0.0,272.57176864519045,0.0,16750.355213322935
100000.0,0.2125,0.5060960927198361,5.060960927198362e-10,8.796264813673664,0.0003242597956531339,1559.4089211530877,1.723309494852486,1048.9183672706063,0.38705982147672086,775.6677793156115,170.1370667781286,86.10570472322472,110387.3051848357,58985.40135400787,0.5988912038469195,272.87741371463335,170.13706677824615,86.10570472328425,55198.48941623599,71597.93300523798,0.201883457686516,18309.868509337768,9.307360683931603e-15,0.0,0.0,779.7043785232358,0.0,775.4718898523143,0.0,0.0,272.5743172164028,0.0,16750.357579862593
100000.0,0.2175,0.5060952814219444,5.060952814219444e-10,8.882978490481513,0.00039561558120674266,1559.4090800108972,1.559638252695002,1048.8540288481338,0.3597150544603761,775.6630334435333,170.13923077469607,86.10666187983296,110388.89723612193,58986.11777215818,0.5564821885661165,272.8653529457349,170.13923077473711,86.10666187985372,55198.898798143004,71598.16959769824,0.20705574301597257,18309.880323397734,-1.4558571108305076e-14,0.0,0.0,779.7044398958594,0.0,775.4809833518152,0.0,0.0,272.5837199359062,0.0,16750.366653671652
100000.0,0.2225,0.5060923536445712,5.060923536445712e-10,9.063424606351928,0.000598767075362424,1559.4096250253353,1.2699149916276844,1048.7736586731462,0.3136958749166397,775.6737004599969,170.14346282163942,86.10830555664108,110391.98832853818,58987.35984069048,0.48519579332983137,272.8615768987837,170.1434628216528,86.1083055566479,55199.77732971608,71598.71917894673,0.22177137341093756,18309.921112437936,-1.7751976431914113e-14,0.0,0.0,779.7046609960727,0.0,775.5149413855171,0.0,0.0,272.6160230299411,0.0,16750.39955365312
100000.0,0.2275,0.506083156157974,5.06083156157974e-10,9.442307296869611,0.0014309239506549412,1559.4113091041122,0.8374149889488742,1048.766022705973,0.2567684222724555,775.7620501479654,170.15093163155632,86.11052050331841,110397.41242551368,58989.092069963306,0.39785778089752977,272.91146624589277,170.1509316315305,86.11052050331884,55201.60225821795,71599.96586886565,0.2822388963147433,18310.048654622085,3.043679745720398e-11,0.0,0.0,779.7052924600935,0.0,775.6321039738389,0.0,0.0,272.7101171240055,0.0,16750.495236119386
100000.0,0.2325,0.5060684132146487,5.060684132146487e-10,10.05236457932795,0.005827665984454597,1559.4131522772816,0.440382479561827,1049.0007317616162,0.2637547749595501,776.0897483892519,170.161639360426,86.11343082113409,110405.22452869262,58991.417194000525,0.4217978331151773,273.0350562302699,170.1616393604256,86.11343082113389,55205.40549110146,71602.35246077045,0.6090839790197954,18310.198933674455,-4.4879491522849054e-14,0.0,0.0,779.7051015398009,0.0,775.9562704288097,0.0,0.0,272.82159767016793,0.0,16750.480492431845
100000.0,0.2375,0.5060586896799574,5.060586896799575e-10,10.345470419343638,0.011446306163152956,1559.4056841318245,0.30276050432415597,1049.2937477637731,0.3354744461519436,777.1179185536733,170.1780184086363,86.12006500820614,110416.59048551368,58996.833566278234,0.5762682601099516,272.863351450725,170.17801840863592,86.12006500820598,55211.93973701233,71605.32621680334,1.0550307177304825,18309.61607104742,-1.525521928626701e-13,0.0,0.0,779.6999458146169,0.0,776.9481487950446,0.0,0.0,272.1923843846253,0.37934150548642537,16749.682271958765
100000.0,0.2425,0.5059107715583837,5.059107715583837e-10,10.345470216959736,0.01144809427329332,1559.4036653564574,0.30279481632929917,1049.1583118647447,0.33552369756847816,781.7694829877204,170.20551653029244,86.10880419133348,110434.43205052908,58998.80700528842,0.5763330406764695,272.7182261832625,170.2055165302924,86.10880419133348,55220.86091347237,71610.19019477884,1.0551350644430677,18309.438430721326,3.2018605321360524e-14,0.0,0.0,779.6989368210616,0.0,781.599737935009,0.0,0.0,267.40538677056554,5.0212663194157985,16749.506752882902
100000.0,0.2475,0.5052606362275378,5.052606362275379e-10,10.345470524067478,0.011450515568253447,1559.4009239466855,0.30285350944783906,1048.6213661209144,0.33559468094206707,801.7089774935026,170.24031147817914,86.015728089039,110457.00807293055,58978.54045249748,0.5764560584490585,272.306192160818,170.24031147817882,86.01572808903919,55232.14969900038,71617.91578754931,1.0553647579553602,18309.143136865332,-1.5791256850891664e-12,0.0,0.0,779.6975692272217,0.0,801.5394147114915,0.0,0.0,246.9289314524902,25.086000153470973,16749.214764145054
100000.0,0.2525,0.5210782781682961,5.210782781682961e-10,12.531553402820984,0.006981257403049842,0.0036377815870308823,0.00982502833366541,12928.65189716995,27.37808999907522,12985.29301781944,170.1278243540102,88.64991378290594,110437.5333485505,57632.485306954404,0.00013554134214442708,0.5627506307016978,170.12782435401053,88.64991378290613,55247.47075974937,67660.08285384973,0.6478691689300198,0.33759055102437974,6.734684259244551e-14,0.0,0.0,0.0,0.0,12928.646777560074,0.0,42.38011226320706,0.0,0.5626800030525126,0.0
100000.0,0.2575,0.5204158953678404,5.204158953678404e-10,12.53160553928392,0.0043256881509775,0.0022512187295011072,0.00982791837209248,12928.302974279095,27.145726032244127,13005.551615969423,170.1629198394921,88.55548828667531,110459.8340416871,57611.57045197018,0.00013237739626231317,0.13188843266056002,170.162919839492,88.55548828667541,55257.89668986109,67668.49837818719,0.4038333717900401,0.2101613057597232,1.0143104582532193e-07,0.0,0.0,0.0,0.0,12928.297859717379,0.0,63.12668895154921,0.0,0.1318195413593577,0.0
100000.0,0.2625,0.5202606737483866,5.202606737483865e-10,12.531642258163705,0.0024612717503694793,0.0012805028991250958,0.009830249347592085,12928.221197121558,26.981765671341954,13010.242053613405,170.1906440308578,88.54349912916592,110477.49046444228,57613.13216510254,0.00013012662555631077,0.03091951853811927,170.19064403085773,88.54349912916587,55266.21295978093,67673.52398051477,0.2312398060838381,0.1203049773106239,6.154776659598647e-14,0.0,0.0,0.0,0.0,12928.216082833073,0.0,67.98841919735997,0.0,0.030851818772234738,0.0
100000.0,0.2675,0.5202242862003967,5.202242862003968e-10,12.531665444049134,0.0012999893509395748,0.0006762649309420798,0.009831798012200766,12928.202027524434,26.87916434281327,13011.308228391372,170.20986248647264,88.54730421629291,110489.75230101835,57617.723130583254,0.00012872154113468748,0.007249107061202109,170.20986248647262,88.54730421629293,55272.02268567824,67676.70989415733,0.12281434147580107,0.06389100312942823,-5.5507879067734175e-08,0.0,0.0,0.0,0.0,12928.196912785035,0.0,69.12812151627683,0.0,0.0071821429893467,0.0
100000.0,0.2725,0.5202157577334567,5.202157577334567e-10,12.531678511621497,0.0006449526233123772,0.00033551451763862904,0.009832616335707698,12928.197533648012,26.8208032647769,13011.540273619694,170.22180656795146,88.55206608650477,110497.38385531706,57621.274024451384,0.00012791848637241788,0.0016932856651538165,170.22180656795138,88.55206608650475,55275.655642504695,67678.63809456246,0.061075546756893105,0.03177246183512231,1.2818183091564678e-13,0.0,0.0,0.0,0.0,12928.192418559081,0.0,69.39525056186024,0.0,0.0016267404528374724,0.0
100000.0,0.2775,0.5202137575324084,5.202137575324085e-10,12.531685373319878,0.00030487001381344854,0.00015853623770750218,0.0098332914824759,12928.196480374088,26.790300090154965,13011.585966165554,170.22858128363853,88.55524990897261,110501.71775499788,57623.43024325902,0.00012750597226633808,0.0003658652905989444,170.2285812836379,88.55524990897254,55277.72679881893,67679.72449677536,0.028684936370710994,0.014922298533980987,-1.4921486253237676e-07,0.0,0.0,0.0,0.0,12928.191364880022,0.0,69.45791864119967,0.0,0.0002995349296584497,0.0
100000.0,0.28250000000000003,0.5202132888464793,5.202132888464793e-10,12.531688746726473,0.0001397592493677282,7.274316714335923e-05,0.009833449797984057,12928.196233567176,26.77538120090167,13011.592621545631,170.2321401482776,88.55702149391031,110503.99668802075,57624.59273639857,0.00014195718016120853,7.384801176520874e-05,170.23214014827778,88.55702149391037,55278.81938690247,67680.29497982516,0.012821661440059851,0.006669998666209989,6.840207327863106e-08,0.0,0.0,0.0,0.0,12928.19111809403,0.0,69.47259432989648,0.0,0.0,0.0
100000.0,0.2875,0.5202131788804975,5.202131788804975e-10,12.531690121693,6.447466983379557e-05,3.354057295150931e-05,0.009833715825864899,12928.196175674178,26.76851093570113,13011.592377709307,170.23389207553592,88.55791414981428,110505.11938588116,57625.17140910893,9.174850895980344e-05,4.772878350352515e-05,170.23389207553552,88.55791414981431,55279.35904629049,67680.57624701623,0.0054933013830981885,0.002857687775050142,3.5908776800984234e-13,0.0,0.0,0.0,0.0,12928.191060013798,0.0,69.47598547076905,0.0,0.0,0.0
100000.0,0.2925,0.5202131503353162,5.202131503353161e-10,12.531690722394659,3.169948630842834e-05,1.6490489636518728e-05,0.009833675764099943,12928.19616216357,26.76555035730608,13011.591701764206,170.23470744600093,88.55833345689506,110505.64235745948,57625.442068469514,5.562164252441591e-05,2.8935109884451188e-05,170.23470744600098,88.55833345689507,55279.61104566502,67680.70747892455,0.002273041643600943,0.0011824661542610114,6.547630554831697e-14,0.0,0.0,0.0,0.0,12928.191046557144,0.0,69.47686393989338,0.0,0.0,0.0
100000.0,0.2975,0.5202131457436555,5.202131457436556e-10,12.531690864432935,1.8053033085263067e-05,9.39142513149899e-06,0.00983360835779421,12928.196158993183,26.764240152022158,13011.59115929552,170.23506962358022,88.55852108477289,110505.87465280172,57625.56268882797,3.2497044929206735e-05,1.690538996999554e-05,170.23506962358022,88.5585210847729,55279.72312904327,67680.76580769918,0.0009179122452699491,0.0004775100166285022,-2.1867583957549933e-13,0.0,0.0,0.0,0.0,12928.19104341862,0.0,69.47700633490504,0.0,0.0,0.0
100000.0,0.3025,0.5202131447010399,5.202131447010398e-10,12.531690944724668,1.2599568127170909e-05,6.545650874715196e-06,0.009833846029856584,12928.196158209556,26.763765315624724,13011.590943908277,170.2352234159729,88.55860091210737,110505.97344902309,57625.614033887316,1.9083588570609344e-05,9.927533559180497e-06,170.23522341597285,88.55860091210731,55279.77093297637,67680.79068070187,0.00036878385924130037,0.00019184621113090244,-3.6599225308413277e-09,0.0,0.0,0.0,0.0,12928.191042522325,0.0,69.47703887329945,0.0,0.0,0.0
100000.0,0.3075,0.5202131443571832,5.202131443571832e-10,12.531691102032857,1.0451481048516358e-05,5.4369978194382045e-06,0.009833723200269902,12928.196158086212,26.763654166409236,13011.590896493415,170.2352860739232,88.5586334490602,110506.01386204056,57625.635040255336,1.1920287147266533e-05,6.201090058520042e-06,170.2352860739231,88.55863344906015,55279.79058730962,67680.80090689374,0.00015353149321081742,7.986910084105285e-05,1.8807624353303517e-14,0.0,0.0,0.0,0.0,12928.191042454773,0.0,69.47704934975492,0.0,0.0,0.0
100000.0,0.3125,0.5202131478035008,5.202131478035008e-10,12.531691111064351,9.663855157921938e-06,5.027264511619669e-06,0.009833717168610553,12928.19615801353,26.763585347845343,13011.590756548601,170.23531110592307,88.5586470577205,110506.02995681915,57625.643585470745,8.352271223077858e-06,4.344961304265928e-06,170.23531110592327,88.55864705772062,55279.798397262646,67680.80495170862,7.160015420222612e-05,3.7247341600756096e-05,5.2395171069307446e-14,0.0,0.0,0.0,0.0,12928.191042383667,0.0,69.47694518486315,0.0,0.0,0.0
100000.0,0.3175,0.5202131425815844,5.202131425815844e-10,12.531691057458437,9.370564208244554e-06,4.874690654533414e-06,0.009833734244854847,12928.19615804749,26.763530146250925,13011.590885644699,170.2353209269665,88.55865127780183,110506.03621436434,57625.64657972594,6.677223718816358e-06,3.4735795344857515e-06,170.23532092696635,88.5586512778019,55279.801407852174,67680.80654526429,4.122176468227721e-05,2.144410374812599e-05,-2.594620006362157e-13,0.0,0.0,0.0,0.0,12928.191042371833,0.0,69.47710315078928,0.0,0.0,0.0
100000.0,0.3225,0.5202131472240417,5.202131472240416e-10,12.531691063234044,9.269020868218282e-06,4.821866517541151e-06,0.009833742011651684,12928.196157981412,26.763530221447958,13011.590745380532,170.23532450210783,88.55865392794752,110506.03853275614,57625.64801791627,5.9297769021631985e-06,3.084747904610745e-06,170.23532450210783,88.55865392794742,55279.80254430906,67680.80711205333,3.0219915549662542e-05,1.5720797376934705e-05,-2.4459125841143856e-15,0.0,0.0,0.0,0.0,12928.191042341337,0.0,69.47696275965095,0.0,0.0,0.0
100000.0,0.3275,0.5202131444620444,5.202131444620444e-10,12.531691084192133,9.241261381114752e-06,4.80742564186536e-06,0.009833710247398712,12928.196158029938,26.763525454853017,13011.59082637266,170.23532584182652,88.5586541546973,110506.03939190539,57625.64832657611,5.6105813724649346e-06,2.918698178030156e-06,170.23532584182655,88.55865415469732,55279.802960926805,67680.80734322619,2.6319097497839934e-05,1.3691540468754434e-05,-9.268246857928512e-16,0.0,0.0,0.0,0.0,12928.191042405286,0.0,69.47704623319513,0.0,0.0,0.0
100000.0,0.3325,0.5202131444517585,5.202131444517585e-10,12.53169107251271,9.238223423165775e-06,4.805845256112956e-06,0.009833721086412608,12928.196158026967,26.76352028787421,13011.590823997336,170.2353263430569,88.5586544136929,110506.03970636237,57625.64848966709,5.479395985139562e-06,2.850453815125792e-06,170.235326343057,88.55865441369299,55279.80311016261,67680.80742090436,2.4962353456842448e-05,1.2985744384700227e-05,-9.641872452217344e-14,0.0,0.0,0.0,0.0,12928.191042397035,0.0,69.47704655354482,0.0,0.0,0.0
100000.0,0.3375,0.5202131453736649,5.202131453736649e-10,12.531691118828027,9.309219099819898e-06,4.842778148889907e-06,0.009833724740086406,12928.196158019615,26.763552925909707,13011.590813114915,170.2353263258511,88.55865456168327,110506.03976022598,57625.648563812625,5.427268169724728e-06,2.8233362453588737e-06,170.23532632585193,88.55865456168368,55279.80316880636,67680.80744660019,2.449865000491514e-05,1.2744519776465453e-05,-3.0408005095940127e-14,0.0,0.0,0.0,0.0,12928.191042386761,0.0,69.47701867916456,0.0,0.0,0.0
100000.0,0.3425,0.5202131462256694,5.202131462256694e-10,12.531691120811518,9.24450528684243e-06,4.809113180568136e-06,0.009833725127530913,12928.196158005265,26.763553980333537,13011.590787904384,170.2353263779205,88.55865473381172,110506.03979600231,57625.64862505947,5.407164380627865e-06,2.812877994605794e-06,170.23532637792127,88.55865473381218,55279.803187285885,67680.80745177032,2.434268218991664e-05,1.2663383289588103e-05,2.1632307579587603e-13,0.0,0.0,0.0,0.0,12928.191042376866,0.0,69.47699291876134,0.0,0.0,0.0
100000.0,0.34750000000000003,0.5202131457272601,5.202131457272601e-10,12.531691061942883,8.858013725721025e-06,4.608051864779476e-06,0.009833756059713173,12928.196157976032,26.763523183731213,13011.590786966617,170.23532656811744,88.55865474790778,110506.03985902401,57625.64863302517,5.399616643062615e-06,2.808951538387954e-06,170.23532656811338,88.55865474790565,55279.80318781426,67680.80745461574,2.4290986578922252e-05,1.2636490541039799e-05,1.0209500003265714e-09,0.0,0.0,0.0,0.0,12928.191042330945,0.0,69.47700804596009,0.0,0.0,0.0
100000.0,0.35250000000000004,0.5202131455033603,5.202131455033603e-10,12.531691054295372,9.288286780037956e-06,4.831888882180823e-06,0.009833740115739656,12928.196158041284,26.763517226068014,13011.590790621123,170.23532661107285,88.55865473213812,110506.03987369497,57625.6486292954,5.396847163308996e-06,2.8075108386258595e-06,170.23532661107382,88.55865473213862,55279.80318932536,67680.80745660767,2.427408212809432e-05,1.2627696618062847e-05,1.1246802918287336e-14,0.0,0.0,0.0,0.0,12928.191042399943,0.0,69.47701474140993,0.0,0.0,0.0
100000.0,0.3575,0.5202131453704969,5.202131453704968e-10,12.531691119801689,9.250804520443847e-06,4.812390116787704e-06,0.009833724934566374,12928.19615800851,26.763553284740134,13011.590813391698,170.2353264100657,88.55865460495349,110506.03981547427,57625.64859242153,5.3958542997103276e-06,2.8069943372132296e-06,170.23532641006645,88.55865460495389,55279.80319617776,67680.80746086534,2.4268622965878392e-05,1.2624856686890275e-05,4.9571699181153716e-14,0.0,0.0,0.0,0.0,12928.191042376933,0.0,69.47701878596946,0.0,0.0,0.0
100000.0,0.3625,0.5202131455075063,5.202131455075063e-10,12.531691060510559,9.223672513124627e-06,4.798275691183688e-06,0.009833755693700413,12928.19615801988,26.763523018110952,13011.590793514451,170.23532658097466,88.55865471718643,110506.03986593218,57625.648625533955,5.395504903545016e-06,2.806812577474327e-06,170.23532658097497,88.55865471718657,55279.803191242696,67680.8074575573,2.42668803047162e-05,1.2623950134970568e-05,1.0001062549796398e-14,0.0,0.0,0.0,0.0,12928.19104237085,0.0,69.47701464850005,0.0,0.0,0.0
100000.0,0.3675,0.5202131433003409,5.202131433003409e-10,12.531690975929008,9.243861331743859e-06,4.808778159618948e-06,0.009833701637559747,12928.196158039736,26.763447472578452,13011.590820911772,170.23532700642392,88.55865456277319,110506.03999102482,57625.648580121364,5.395384130846703e-06,2.806749738020541e-06,170.235327006424,88.55865456277323,55279.80317821227,67680.80746232872,2.426633001079156e-05,1.2623663811277272e-05,2.5876230896334166e-15,0.0,0.0,0.0,0.0,12928.1910424196,0.0,69.4770813564555,0.0,0.0,0.0
100000.0,0.3725,0.5202131426495271,5.202131426495272e-10,12.531690955944146,9.203735889077075e-06,4.787904370973025e-06,0.009833660321553049,12928.19615800298,26.76341748722743,13011.590824982053,170.23532717564402,88.55865454001223,110506.04004098884,57625.64857359468,5.395343133216811e-06,2.8067284070032627e-06,170.23532717564393,88.55865454001217,55279.803173017135,67680.80746301767,2.426615796165895e-05,1.2623574293264446e-05,5.767888336309904e-14,0.0,0.0,0.0,0.0,12928.191042403849,0.0,69.47710105988487,0.0,0.0,0.0
100000.0,0.3775,0.5202131445085473,5.202131445085473e-10,12.531691064484168,9.222131688587929e-06,4.797474124792245e-06,0.009833756553800335,12928.196158014724,26.76352411713265,13011.59082427569,170.23532657487655,88.558654543956,110506.03986428476,57625.64857472725,5.395329337785195e-06,2.8067212404684542e-06,170.23532657487647,88.55865454395592,55279.80319150524,67680.80746291041,2.4266104577061262e-05,1.2623546567006292e-05,-3.667391596190736e-15,0.0,0.0,0.0,0.0,12928.191042364808,0.0,69.47704487179719,0.0,0.0,0.0
100000.0,0.3825,0.520213145562513,5.20213145562513e-10,12.531690959395455,9.208317025484241e-06,4.790287565163999e-06,0.009833696690219414,12928.196158009701,26.763425084500803,13011.590740912714,170.23532713270333,88.55865501356702,110506.04002821376,57625.64871267033,5.3953248170252835e-06,2.8067188943962122e-06,170.23532713270336,88.55865501356703,55279.80317438077,67680.80744850989,2.4266088291484676e-05,1.2623538120610908e-05,2.3042809480021972e-14,0.0,0.0,0.0,0.0,12928.191042384562,0.0,69.47701296933731,0.0,0.0,0.0
100000.0,0.3875,0.5202131444402042,5.202131444402041e-10,12.531691124517586,9.203840776804432e-06,4.787971951743748e-06,0.009833724431632026,12928.19615802527,26.763555122420208,13011.590842460602,170.23532640038098,88.55865444154668,110506.03981313051,57625.64854461538,5.395323384072092e-06,2.806718106583268e-06,170.23532640038079,88.55865444154661,55279.803196742854,67680.80746604844,2.426608320344074e-05,1.2623535446509528e-05,4.744913977084559e-08,0.0,0.0,0.0,0.0,12928.1910423956,0.0,69.4770469046435,0.0,0.0,0.0
100000.0,0.3925,0.5202131448496154,5.202131448496154e-10,12.531690966496484,9.204206463431862e-06,4.788149190187046e-06,0.009833721224405987,12928.196157976765,26.763440344938946,13011.590770391846,170.2353270468415,88.55865484754021,110506.04000297056,57625.64866397701,5.395322854580772e-06,2.8067178696604685e-06,170.23532704684138,88.55865484754014,55279.80317701999,67680.8074535745,2.4266081789601246e-05,1.2623534720946445e-05,3.5665925269171755e-15,0.0,0.0,0.0,0.0,12928.191042345736,0.0,69.47703457646188,0.0,0.0,0.0
100000.0,0.3975,0.5202131455284094,5.202131455284093e-10,12.531691119293333,9.207645312237679e-06,4.789938130789075e-06,0.009833723384610362,12928.196158050372,26.763551683458996,13011.59080778488,170.23532641972105,88.55865463685862,110506.03981875752,57625.64860191708,5.395322673227376e-06,2.80671777898036e-06,170.2353264197209,88.55865463685855,55279.803196211134,67680.80746007455,2.4266081248420356e-05,1.2623534455888707e-05,2.660838397587456e-15,0.0,0.0,0.0,0.0,12928.1910424192,0.0,69.47701396221373,0.0,0.0,0.0
100000.0,0.4025,0.5202131454432486,5.202131454432486e-10,12.531691056621725,9.200907854561108e-06,4.786433215954725e-06,0.009833742172656954,12928.196158017801,26.763518700227287,13011.59079320868,170.23532660545064,88.55865471898022,110506.03987326591,57625.64862612271,5.395322655336708e-06,2.806717769213929e-06,170.23532660545064,88.55865471898022,55279.80319057449,67680.8074575533,2.426608114028831e-05,1.2623534397570474e-05,-2.1945526716400214e-15,0.0,0.0,0.0,0.0,12928.191042376036,0.0,69.47701658637504,0.0,0.0,0.0
100000.0,0.40750000000000003,0.5202131411433759,5.202131411433759e-10,12.531690962504342,9.210398020514854e-06,4.791370085432764e-06,0.009833703521730276,12928.196158035553,26.763441520897683,13011.590883006153,170.23532704016824,88.5586542131358,110506.04000104143,57625.648477485374,5.395322612730922e-06,2.806717723850638e-06,170.2353270401683,88.55865421313582,55279.80317718845,67680.80747305,2.4266081162409148e-05,1.2623534304736969e-05,2.1198521479654944e-14,0.0,0.0,0.0,0.0,12928.191042411449,0.0,69.47714660951105,0.0,0.0,0.0
100000.0,0.41250000000000003,0.5202131442871882,5.202131442871882e-10,12.531690941925143,9.271125271146365e-06,4.787712196712188e-06,0.009833685765117688,12928.19615799499,26.763418593368087,13011.59077607271,170.23532716924623,88.55865481547178,110506.04003887245,57625.64865450354,5.395322746893015e-06,2.806717773978026e-06,170.23532716924612,88.55865481547168,55279.80317325287,67680.8074545559,2.4266081169085763e-05,1.2623534384498233e-05,3.481180611226013e-08,0.0,0.0,0.0,0.0,12928.191042364413,0.0,69.47705156791815,0.0,0.0,0.0
100000.0,0.4175,0.5202131448645241,5.20213144864524e-10,12.531690970869297,9.215119282849817e-06,4.793826182433021e-06,0.009833712229286978,12928.19615800475,26.763439026031737,13011.590769251061,170.23532705428389,88.55865485394982,110506.04000516499,57625.64866579189,5.395322607800896e-06,2.806717741362769e-06,170.23532705428386,88.5586548539498,55279.803176798465,67680.80745340299,2.426608114926968e-05,1.2623534388199326e-05,-6.033080133588557e-14,0.0,0.0,0.0,0.0,12928.191042378818,0.0,69.47703408855004,0.0,0.0,0.0
100000.0,0.4225,0.5202131443761446,5.202131443761447e-10,12.53169104615258,9.219213965349727e-06,4.795956285591046e-06,0.009833693856711442,12928.196158012277,26.763492531225396,13011.590811842452,170.23532675286992,88.55865461401088,110506.03991671628,57625.64859531636,5.395322615281024e-06,2.8067177426190646e-06,170.2353267528698,88.55865461401082,55279.80318602533,67680.80746076794,2.4266081105307428e-05,1.262353435347853e-05,-3.514599776759734e-15,0.0,0.0,0.0,0.0,12928.191042395754,0.0,69.47704884214772,0.0,0.0,0.0
100000.0,0.4275,0.520213143323744,5.202131433237441e-10,12.531690972667167,9.203800846220126e-06,4.787938168737907e-06,0.009833680405090287,12928.19615802101,26.76344065889279,13011.590816661497,170.2353270451127,88.55865458688366,110506.04000258271,57625.64858732021,5.395322615561525e-06,2.8067177370869454e-06,170.23532704511268,88.55865458688362,55279.80317706832,67680.8074616084,2.426608114667638e-05,1.2623534349461562e-05,3.113228793850474e-14,0.0,0.0,0.0,0.0,12928.19104241104,0.0,69.47708065811867,0.0,0.0,0.0
100000.0,0.4325,0.5202131444469513,5.202131444469513e-10,12.531691037371205,9.483715866142662e-06,4.792554871261181e-06,0.009833539141295727,12928.196158023167,26.763481821784474,13011.590804160367,170.2353268129431,88.55865465731546,110506.03993416613,57625.64860799641,5.395321785457239e-06,2.8067177465182617e-06,170.2353268129413,88.55865465731539,55279.803184109,67680.80745944675,2.4266081113498796e-05,1.2623534359457984e-05,-1.2987177154795975e-07,0.0,0.0,0.0,0.0,12928.191042341216,0.0,69.47704676131107,0.0,0.0,0.0
100000.0,0.4375,0.520213144890922,5.20213144890922e-10,12.531691124961904,9.198208710818207e-06,4.7850290808178115e-06,0.009833724517251015,12928.196158010845,26.76355538952668,13011.590828987828,170.23532639863902,88.55865451736858,110506.03981256031,57625.64856692189,5.395322647080425e-06,2.8067177619389217e-06,170.23532639863902,88.55865451736861,55279.80319678908,67680.8074636847,2.426608105441831e-05,1.2623534339496968e-05,-9.741407282493931e-14,0.0,0.0,0.0,0.0,12928.191042374998,0.0,69.4770332943341,0.0,0.0,0.0
100000.0,0.4425,0.520213144834497,5.202131448344969e-10,12.531690974116655,9.206698407773278e-06,4.789445532250493e-06,0.009833696831118595,12928.196158021756,26.763444994893042,13011.590773260947,170.23532702060587,88.55865483131839,110506.03999527411,57625.64865908955,5.395322628839005e-06,2.8067177521450643e-06,170.2353270206058,88.55865483131836,55279.80317778262,67680.80745409049,2.4266081143069363e-05,1.2623534384245199e-05,-6.879261301918475e-14,0.0,0.0,0.0,0.0,12928.191042403356,0.0,69.47703496939683,0.0,0.0,0.0
100000.0,0.4475,0.5202131455183943,5.202131455183943e-10,12.531691105425118,9.18028924806721e-06,4.793337951320306e-06,0.009833720883338544,12928.196158016624,26.7635475167276,13011.590805957097,170.23532644284515,88.55865464718313,110506.03982538715,57625.64860502818,5.395322718952847e-06,2.8067177396161235e-06,170.23532644284478,88.55865464718316,55279.80319541768,67680.8074597565,2.4266081060710923e-05,1.2623534357996764e-05,-5.469450779622824e-08,0.0,0.0,0.0,0.0,12928.19104237132,0.0,69.47701431863638,0.0,0.0,0.0
100000.0,0.4525,0.5202131451614571,5.202131451614571e-10,12.531690975354834,9.20463036132203e-06,4.788369710311973e-06,0.009833704283381614,12928.196157993434,26.763449963936008,13011.590765967878,170.2353269926486,88.55865487243481,110506.03998707383,57625.64867126212,5.395322627085287e-06,2.8067177529968123e-06,170.23532699264868,88.55865487243487,55279.80317862638,67680.80745282376,2.4266081139081745e-05,1.2623534390104832e-05,-5.0941849736900345e-14,0.0,0.0,0.0,0.0,12928.191042367313,0.0,69.47702511975932,0.0,0.0,0.0
100000.0,0.4575,0.5202131431832906,5.202131431832906e-10,12.53169093977108,9.202819237710476e-06,4.7896185506447255e-06,0.009833682394284648,12928.196158011448,26.763413100710682,13011.5908065796,170.23532720020432,88.55865464365422,110506.04004806132,57625.648603981586,5.395322701704623e-06,2.8067177531538793e-06,170.23532720020438,88.55865464365428,55279.803172240565,67680.80745982734,2.426608116866749e-05,1.2623534357493376e-05,-8.934356916398949e-09,0.0,0.0,0.0,0.0,12928.191042398084,0.0,69.47708492103243,0.0,0.0,0.0
100000.0,0.4625,0.5202131411031677,5.202131411031677e-10,12.531690969622865,9.236922212640072e-06,4.800756643060307e-06,0.00983369867325552,12928.196158047429,26.76344381625725,13011.590885411924,170.23532702724526,88.55865419956824,110506.03999733935,57625.64847349649,5.395322697791096e-06,2.8067177743020342e-06,170.2353270272456,88.55865419956844,55279.803177700756,67680.80747351253,2.4266081144013114e-05,1.262353429419141e-05,-1.5683982058145375e-08,0.0,0.0,0.0,0.0,12928.191042425573,0.0,69.4771478099487,0.0,0.0,0.0
100000.0,0.4675,0.520213145107626,5.20213145107626e-10,12.531690931828054,9.143109504519566e-06,4.760769099868717e-06,0.00983370614935305,12928.196157995857,26.76342214016711,13011.590753123466,170.2353271494779,88.55865494485555,110506.04003308393,57625.64869250244,5.395322455894067e-06,2.806717647052769e-06,170.23532714947734,88.55865494485526,55279.80317378732,67680.80745056464,2.426608116143667e-05,1.262353440042788e-05,6.769406001381821e-09,0.0,0.0,0.0,0.0,12928.191042367045,0.0,69.47702674834765,0.0,0.0,0.0
100000.0,0.47250000000000003,0.5202131448236395,5.202131448236395e-10,12.531691060145494,9.233997496616498e-06,4.803646877008484e-06,0.009833755304047422,12928.196158033908,26.76352279145773,13011.590814060342,170.23532658233216,88.55865460147432,110506.03986647338,57625.64859157365,5.395322716191194e-06,2.8067177975282413e-06,170.2353265823323,88.55865460147439,55279.80319128002,67680.80746116301,2.4266081080593243e-05,1.262353435148083e-05,-2.3340714560611347e-14,0.0,0.0,0.0,0.0,12928.191042385912,0.0,69.47703531730404,0.0,0.0,0.0
100000.0,0.47750000000000004,0.5202131445322693,5.202131445322693e-10,12.531691030564158,9.21649131113191e-06,4.794539926518267e-06,0.009833730981741633,12928.196158004137,26.763494602251882,13011.590808205177,170.23532674119784,88.55865463451684,110506.03991321436,57625.648601369685,5.395322740966634e-06,2.806717808844715e-06,170.23532674119787,88.55865463451686,55279.80318640991,67680.807460127,2.4266081103238655e-05,1.262353435619086e-05,1.0891842438332286e-13,0.0,0.0,0.0,0.0,12928.191042367102,0.0,69.47704415169076,0.0,0.0,0.0
100000.0,0.4825,0.5202131461141561,5.202131461141562e-10,12.531691119488181,9.21840464055875e-06,4.795535280218403e-06,0.009833723429184434,12928.196158022613,26.76355183695913,13011.590790155899,170.23532641893442,88.55865473616417,110506.03981868787,57625.648631238204,5.395322809317445e-06,2.8067178529364954e-06,170.23532641893433,88.55865473616421,55279.80319634904,67680.80745705908,2.4266081057301822e-05,1.262353437068011e-05,-1.9075022014682108e-13,0.0,0.0,0.0,0.0,12928.191042394175,0.0,69.47699627247863,0.0,0.0,0.0
100000.0,0.4875,0.5202131449554165,5.202131449554165e-10,12.531691060017348,9.223503287892212e-06,4.80040475207082e-06,0.00983375502412744,12928.196157998129,26.763522705422243,13011.59081002512,170.23532658285663,88.55865462418026,110506.03986617568,57625.64859812718,5.395321980604924e-06,2.806717444653486e-06,170.2353265828565,88.5586546241801,55279.80319111099,67680.80746039728,2.426608108066802e-05,1.2623534354717442e-05,4.2862803519769954e-08,0.0,0.0,0.0,0.0,12928.191042358583,0.0,69.4770313618392,0.0,0.0,0.0
100000.0,0.4925,0.5202131445788635,5.202131445788635e-10,12.531691033565876,9.162166669438463e-06,4.7662795342642346e-06,0.009833736944836097,12928.196158003548,26.763500117981682,13011.590809666308,170.23532671024475,88.55865462634661,110506.03990423458,57625.64859903071,5.395322671140555e-06,2.806717772771662e-06,170.23532671024472,88.5586546263466,55279.80318736137,67680.80746037922,2.426608109882645e-05,1.262353435502623e-05,3.313631145397085e-14,0.0,0.0,0.0,0.0,12928.191042364391,0.0,69.47704274533722,0.0,0.0,0.0
100000.0,0.4975,0.5202131453814233,5.202131453814233e-10,12.531691060981148,8.852505642882868e-06,4.799105772198846e-06,0.009833756246464282,12928.196158034538,26.76352326198056,13011.590797482108,170.2353265793614,88.55865469488343,110506.03986650232,57625.648619009065,5.3953221664860385e-06,2.8067178596898396e-06,170.23532657936158,88.55865469488344,55279.803191119645,67680.80745829368,2.4266081080169798e-05,1.2623534364795774e-05,5.1188025260280744e-08,0.0,0.0,0.0,0.0,12928.191042580764,0.0,69.4770182277548,0.0,0.0,0.0
